ENTREZID	SYMBOL	GENENAME	baseMean	log2FC_shrink	lfcSE	pvalue	FDR	log2FC_raw	pvalue_raw	sig_status
100041546	Ly6c2	lymphocyte antigen 6 family memberC2	22.5987791754464	1.25024698748462	0.19471944646621	1.55750527320356e-12	1.22435489526532e-08	4.17662735425153	1.55750527320356e-12	up
20304	Ccl5	C-C motif chemokine ligand 5	36.9783307210532	1.20067757184139	0.193051079062936	7.98318529173173e-13	1.22435489526532e-08	4.22368138637566	7.98318529173173e-13	up
14127	Fcer1g	Fc receptor, IgE, high affinity I, gamma polypeptide	45.8308208573029	1.26769364345152	0.202824689154565	1.38366173159724e-10	7.25130991472391e-07	2.77788591520522	1.38366173159724e-10	up
17476	Mpeg1	macrophage expressed gene 1	47.4337425608711	1.19605889119067	0.201903897102181	7.95738340634979e-10	3.12764954786579e-06	2.82019248880772	7.95738340634979e-10	up
17329	Cxcl9	C-X-C motif chemokine ligand 9	96.9813874352586	0.665729261494053	0.161419091102706	1.8190099256901e-09	5.71969481033994e-06	5.03474808340355	1.8190099256901e-09	up
69774	Ms4a6b	membrane-spanning 4-domains, subfamily A, member 6B	12.161077831148	1.16706136792931	0.201566070461719	4.04151185877336e-09	1.05901082406058e-05	2.87309966156092	4.04151185877336e-09	up
236451	Phf11b	PHD finger protein 11B	122.708720325532	1.15202037252782	0.20100293990221	7.95700951892326e-09	1.78714433795016e-05	2.03805261479761	7.95700951892326e-09	up
214854	Neurl3	neuralized E3 ubiquitin protein ligase 3	17.8485586098749	1.11615275598247	0.194949722761576	1.37335572826248e-08	2.69898734496783e-05	1.76229355514626	1.37335572826248e-08	up
22177	Tyrobp	TYRO protein tyrosine kinase binding protein	14.9909768291436	1.0918317270405	0.201861301328054	4.30048140978162e-08	7.51246319162074e-05	2.57518012987714	4.30048140978162e-08	up
231507	Plac8	placenta-specific 8	35.7029107614214	0.669221967753759	0.164959244460427	8.97694669318886e-08	0.000141135555910315	4.37811085102121	8.97694669318886e-08	up
66940	Shisa5	shisa family member 5	2113.00293008807	0.630325299621764	0.119004784892744	1.18276551573773e-07	0.000169049449440259	0.696343906357893	1.18276551573773e-07	up
240239	Gpr151	G protein-coupled receptor 151	43.7155908992604	1.05932545268974	0.20286730194714	1.31034922207605e-07	0.000171677587245664	2.07193165141392	1.31034922207605e-07	up
13058	Cybb	cytochrome b-245, beta polypeptide	38.8456682603413	0.98186507282818	0.197507602405554	1.68593729147439e-07	0.000189330757832574	2.73046415121837	1.68593729147439e-07	up
14960	H2-Aa	histocompatibility 2, class II antigen A, alpha	283.601690168942	1.04416528053349	0.203036213012398	1.92273868876743e-07	0.000201528651098677	2.0927760850995	1.92273868876743e-07	up
15018	H2-Q7	histocompatibility 2, Q region locus 7	107.209343887188	1.007135606935	0.200914598990384	2.21347235668815e-07	0.000204707131716771	2.44435608914918	2.21347235668815e-07	up
12655	Chil3	chitinase-like 3	7.61021165940445	0.859067233004979	0.181384806174712	2.13855630718178e-07	0.000204707131716771	3.91841760854352	2.13855630718178e-07	up
21857	Timp1	tissue inhibitor of metalloproteinase 1	41.2056228555062	1.00247352473751	0.2009560861155	2.55193451157854e-07	0.000211165865215988	2.44576132243533	2.55193451157854e-07	up
16068	Il18bp	interleukin 18 binding protein	76.5438694624833	0.92851169809802	0.180065481972991	2.53704172277084e-07	0.000211165865215988	1.27232097058606	2.53704172277084e-07	up
15170	Ptpn6	protein tyrosine phosphatase, non-receptor type 6	19.1642362613958	1.02893723307194	0.203022697400519	3.27555429575935e-07	0.000245229831609183	2.15180311647776	3.27555429575935e-07	up
23962	Oasl2	2'-5' oligoadenylate synthetase-like 2	2710.15206726384	1.02640885507175	0.202988965261337	3.1590186562028e-07	0.000245229831609183	2.02669642343524	3.1590186562028e-07	up
23833	Cd52	CD52 antigen	15.8312828326349	0.989784281846405	0.20020778968972	4.29835836710965e-07	0.000270315160990792	2.50514983251065	4.29835836710965e-07	up
14962	Cfb	complement factor B	79.8824684563643	0.904427971440178	0.178652720945072	4.1935865706507e-07	0.000270315160990792	1.22776059490287	4.1935865706507e-07	up
13040	Ctss	cathepsin S	269.820917634793	0.859954069297296	0.187589735864819	4.00201218471961e-07	0.000270315160990792	3.08821441446181	4.00201218471961e-07	up
215900	Calhm6	calcium homeostasis modulator family member 6	15.5983760404423	0.806442945997565	0.181754008401971	4.26104927327091e-07	0.000270315160990792	3.49112502780151	4.26104927327091e-07	up
14129	Fcgr1	Fc receptor, IgG, high affinity I	17.7352342466435	0.884626828299591	0.190507349039458	5.467455344517e-07	0.000330612818948063	3.02400040068174	5.467455344517e-07	up
19354	Rac2	Rac family small GTPase 2	9.78249028390399	1.00017160763069	0.202830362852222	7.06383939794972e-07	0.000411324751905798	2.20398242501469	7.06383939794972e-07	up
235587	Parp3	poly (ADP-ribose) polymerase family, member 3	375.034635397263	0.827537718684291	0.167263719362724	7.54842434474975e-07	0.000423844026957698	1.05635952930681	7.54842434474975e-07	up
24088	Tlr2	toll-like receptor 2	20.3977910938341	0.970922094808533	0.202595136514	1.28129528878831e-06	0.000608171288170162	2.14051841802215	1.28129528878831e-06	up
246256	Fcgr4	Fc receptor, IgG, low affinity IV	8.82173628691741	0.816494379593147	0.184049668389345	1.26787253368292e-06	0.000608171288170162	3.34733382703654	1.26787253368292e-06	up
24108	Ubd	ubiquitin D	9.2743782858032	0.783415758856533	0.179457141863223	1.31521586298089e-06	0.000608171288170162	3.54059923728544	1.31521586298089e-06	up
14727	Lilrb4b	leukocyte immunoglobulin-like receptor, subfamily B, member 4B	9.58248245809352	0.776068895748729	0.179672774685745	1.2400404695133e-06	0.000608171288170162	3.53491622313075	1.2400404695133e-06	up
56791	Ube2l6	ubiquitin-conjugating enzyme E2L 6	678.530367974507	0.863776899624521	0.178893929498332	1.38493541371685e-06	0.000622112987841607	1.17267530660144	1.38493541371685e-06	up
634650	Gbp11	guanylate binding protein 11	72.9626167825523	0.87610497198325	0.194619160503219	1.93821393252264e-06	0.000846461095753359	2.60823946463321	1.93821393252264e-06	up
73149	Clec4a3	C-type lectin domain family 4, member a3	4.3948212916198	0.941258574683993	0.196250745233601	2.19579314154289e-06	0.00093303404787398	2.86735384066958	2.19579314154289e-06	up
16149	Cd74	CD74 antigen (invariant polypeptide of major histocompatibility complex, class II antigen-associated)	87.0422077813297	0.941140330987429	0.200015470554238	2.48303852294007e-06	0.000996721672725429	1.6111486829501	2.48303852294007e-06	up
74481	Batf2	basic leucine zipper transcription factor, ATF-like 2	16.7280277911327	0.911204476325913	0.199041397750045	2.51417895984148e-06	0.000996721672725429	2.39417971153379	2.51417895984148e-06	up
232413	Clec12a	C-type lectin domain family 12, member a	15.0573387286244	0.876761193295836	0.194649353732793	2.53586483329202e-06	0.000996721672725429	2.64259287815054	2.53586483329202e-06	up
16154	Il10ra	interleukin 10 receptor, alpha	21.8954267207427	0.880137924484805	0.187326827654659	2.89526235722178e-06	0.00111022718976197	1.27410762311025	2.89526235722178e-06	up
13082	Cyp26a1	cytochrome P450, family 26, subfamily a, polypeptide 1	23.9310461880139	0.903643608412554	0.20094849431335	3.89682355222411e-06	0.00145871094971589	2.19915600010536	3.89682355222411e-06	up
14969	H2-Eb1	histocompatibility 2, class II antigen E beta	239.675528804207	0.894255241404712	0.194282067024428	4.15395707241992e-06	0.00151880263006014	1.38684953654406	4.15395707241992e-06	up
101488	Slco2b1	solute carrier organic anion transporter family, member 2b1	76.3371838655423	0.821657204778352	0.179789869438551	4.93086544513711e-06	0.00176188787564649	1.12302060394966	4.93086544513711e-06	up
16414	Itgb2	integrin beta 2	16.7397733554657	0.85950083567791	0.195805309606768	5.36108042468748e-06	0.00187304236526526	2.48376922802127	5.36108042468748e-06	up
50778	Rgs1	regulator of G-protein signaling 1	9.07763766644462	0.762040877661845	0.182313761026136	5.85221954134893e-06	0.00200018686150191	3.14420527337546	5.85221954134893e-06	up
219131	Phf11a	PHD finger protein 11A	10.8468740432973	0.847119125036948	0.1960555459358	7.68889722145725e-06	0.00252615018722223	2.46289575992846	7.68889722145725e-06	up
211550	Tifa	TRAF-interacting protein with forkhead-associated domain	263.174849511003	0.816580435043666	0.182539267898611	7.71245445787221e-06	0.00252615018722223	1.13610891574268	7.71245445787221e-06	up
107350	AW112010	expressed sequence AW112010	34.8197575569698	0.895479698486782	0.203036912724385	9.04819921822029e-06	0.00273781285754095	1.7951296762177	9.04819921822029e-06	up
73656	Ms4a6c	membrane-spanning 4-domains, subfamily A, member 6C	18.3817196347364	0.831609513447222	0.194980861308175	9.05522634474809e-06	0.00273781285754095	2.4525995583561	9.05522634474809e-06	up
19186	Psme1	proteasome (prosome, macropain) activator subunit 1 (PA28 alpha)	752.374123902026	0.63525828552558	0.142984588907521	8.90929419294468e-06	0.00273781285754095	0.742901460070186	8.90929419294468e-06	up
20201	S100a8	S100 calcium binding protein A8 (calgranulin A)	17.5289142550383	0.586792485467807	0.161717485954065	9.01065908717112e-06	0.00273781285754095	3.77895879195761	9.01065908717112e-06	up
14469	Gbp2	guanylate binding protein 2	1043.87120184383	0.834657310005145	0.196113267519673	9.39427786812062e-06	0.00278673276684137	2.34650618598242	9.39427786812062e-06	up
20305	Ccl6	C-C motif chemokine ligand 6	6.76652948150406	0.908408127241914	0.202484215795377	1.00186358207289e-05	0.00291690726617593	2.02491714430784	1.00186358207289e-05	up
15040	H2-T23	histocompatibility 2, T region locus 23	871.92440733675	0.880718539072302	0.202925608338519	1.14442260072802e-05	0.00327138402339017	1.84590437765873	1.14442260072802e-05	up
66857	Plbd1	phospholipase B domain containing 1	9.12113452249085	0.815911858730714	0.19353295753633	1.16664210927939e-05	0.00327534772180188	2.54735061660692	1.16664210927939e-05	up
434341	Nlrc5	NLR family, CARD domain containing 5	92.8713340180271	0.845192014485367	0.199273732049129	1.26527924039654e-05	0.00348995091535341	2.16077516650036	1.26527924039654e-05	up
20491	Sla	src-like adaptor	24.9782954739074	0.791756409552566	0.191918600085608	1.38807374035064e-05	0.00376263712858496	2.51576442884573	1.38807374035064e-05	up
76905	Lrg1	leucine-rich alpha-2-glycoprotein 1	63.331713744985	0.836158797211649	0.198493270636148	1.43543552985469e-05	0.00377446153004887	2.19293786146606	1.43543552985469e-05	up
238393	Serpina3f	serine (or cysteine) peptidase inhibitor, clade A, member 3F	12.7710069110379	0.791713506064294	0.191049878559558	1.44045090830004e-05	0.00377446153004887	2.58727693216201	1.44045090830004e-05	up
12259	C1qa	complement component 1, q subcomponent, alpha polypeptide	52.4146148403952	0.873824789574239	0.202829035789133	1.5466264897892e-05	0.00392194543104287	1.68201736194441	1.5466264897892e-05	up
56644	Clec7a	C-type lectin domain family 7, member a	36.9153881232252	0.631041634584793	0.169950351025423	1.53879846108218e-05	0.00392194543104287	3.29330192618241	1.53879846108218e-05	up
104759	Pld4	phospholipase D family member 4	9.475023480956	0.869175330409555	0.202194061706955	1.76619962992947e-05	0.00440764929869066	1.97002251401506	1.76619962992947e-05	up
16145	Igtp	interferon gamma induced GTPase	2412.30989465962	0.835607384353944	0.19997677152605	1.89776150182842e-05	0.00466196973933537	2.06928954331364	1.89776150182842e-05	up
226691	Ifi207	interferon activated gene 207	17.7489694306224	0.760461604109203	0.189633707603265	1.97462966776694e-05	0.00477617348255875	2.57611865226476	1.97462966776694e-05	up
22329	Vcam1	vascular cell adhesion molecule 1	243.973638649299	0.852576131787555	0.202846363726591	2.12475380666036e-05	0.00506142111338093	1.8072891860142	2.12475380666036e-05	up
100038882	Isg15	ISG15 ubiquitin-like modifier	142.802757189494	0.838766641438167	0.201394814870896	2.21180114750293e-05	0.00519013994642404	1.96193081868221	2.21180114750293e-05	up
12508	Cd53	CD53 antigen	28.6229420919435	0.831338723848676	0.200467336767617	2.27805245692193e-05	0.0052669912834892	2.03947047770904	2.27805245692193e-05	up
628900	Serpina3i	serine (or cysteine) peptidase inhibitor, clade A, member 3I	24.810875828139	0.851023248416357	0.201834589480598	2.4890072548346e-05	0.00559031029435852	1.54602737010507	2.4890072548346e-05	up
105855	Nckap1l	NCK associated protein 1 like	16.0778889381146	0.817991717568734	0.19899596501174	2.48130939813178e-05	0.00559031029435852	2.13507045410401	2.48130939813178e-05	up
21937	Tnfrsf1a	tumor necrosis factor receptor superfamily, member 1a	443.013600776726	0.616118424917398	0.146467438263953	2.59989327602857e-05	0.0057571157867213	0.727991671544595	2.59989327602857e-05	up
246728	Oas2	2'-5' oligoadenylate synthetase 2	13.5197851958801	0.846888477252498	0.20296700691423	2.67410705462528e-05	0.00575922070038612	1.68641908640131	2.67410705462528e-05	up
21354	Tap1	transporter 1, ATP-binding cassette, sub-family B (MDR/TAP)	676.205896024218	0.830763401643792	0.201266015469275	2.64602471668612e-05	0.00575922070038612	1.94997644457845	2.64602471668612e-05	up
19253	Ptpn18	protein tyrosine phosphatase, non-receptor type 18	10.38779206889	0.851336805061322	0.202568415454209	2.76177247855353e-05	0.00578941158770915	1.86933840232329	2.76177247855353e-05	up
20344	Selp	selectin, platelet	21.278069401864	0.835887126271523	0.201577115043808	2.74923017239897e-05	0.00578941158770915	1.94546253906935	2.74923017239897e-05	up
14130	Fcgr2b	Fc receptor, IgG, low affinity IIb	30.9531709015801	0.835358541769063	0.202710829959886	3.20363443219362e-05	0.00662730796617737	1.80280852275995	3.20363443219362e-05	up
54123	Irf7	interferon regulatory factor 7	499.095378802507	0.77359130730577	0.194259568627288	3.37401598562799e-05	0.00688912718520041	2.27385153825301	3.37401598562799e-05	up
12362	Casp1	caspase 1	84.5758932256655	0.768579222989581	0.185621220375159	3.44569426094049e-05	0.00694528271416748	1.09546294808918	3.44569426094049e-05	up
223672	Apol9a	apolipoprotein L 9a	15.4074461795206	0.610298737513717	0.170534601636782	4.82699053131329e-05	0.0096063221687731	3.12358859460944	4.82699053131329e-05	up
246746	Cd300lf	CD300 molecule like family member F	8.51947713114898	0.595386227574077	0.166418328694548	4.96566916891e-05	0.00968239848938351	3.3559327956841	4.96566916891e-05	up
17472	Gbp4	guanylate binding protein 4	433.1332358843	0.680020122149185	0.182418624160516	5.36818733141517e-05	0.0102925172225011	2.6297860200213	5.36818733141517e-05	up
15162	Hck	Hck proto-oncogene, Src family tyrosine kinase	6.62360592421595	0.8083714690636	0.200517320036974	5.57653568394118e-05	0.0105631679545691	2.00047276043269	5.57653568394118e-05	up
16161	Il12rb1	interleukin 12 receptor, beta 1	12.0366784472213	0.639767573471091	0.176576352791304	6.1728999776887e-05	0.0115536111249074	2.89263681716983	6.1728999776887e-05	up
12010	B2m	beta-2 microglobulin	12503.896942129	0.806009351289443	0.203035147899403	6.50675402161128e-05	0.0117586199371032	1.60245958131362	6.50675402161128e-05	up
20293	Ccl12	C-C motif chemokine ligand 12	4.81367435848833	0.779567532647167	0.196007440028741	6.65638706527275e-05	0.0117586199371032	2.26501427923986	6.65638706527275e-05	up
246177	Myo1g	myosin IG	4.57228157374173	0.756521042263289	0.191573372226918	6.54084190494951e-05	0.0117586199371032	2.47574432609285	6.54084190494951e-05	up
24110	Usp18	ubiquitin specific peptidase 18	426.539457978625	0.7006743823225	0.186835326886285	6.64372237266559e-05	0.0117586199371032	2.45157977415885	6.64372237266559e-05	up
14972	H2-K1	histocompatibility 2, K1, K region	5486.22268438105	0.764330678454343	0.192027547490836	6.89509110333217e-05	0.0120449580362876	1.15360699414265	6.89509110333217e-05	up
109225	Ms4a7	membrane-spanning 4-domains, subfamily A, member 7	13.0499259109477	0.800459152225412	0.202616184487174	6.9865597934241e-05	0.0120706256123312	1.7538220249007	6.9865597934241e-05	up
20846	Stat1	signal transducer and activator of transcription 1	2074.05030657082	0.794847090078753	0.202427422320135	8.13394133897899e-05	0.0137507339496159	1.47965550260219	8.13394133897899e-05	up
12515	Cd69	CD69 antigen	7.68195682398861	0.682920360323626	0.185314182684314	0.000100491059158353	0.016287839506058	2.5505159937509	0.000100491059158353	up
258783	Or8b53	olfactory receptor family 8 subfamily B member 53	115.190898302422	0.772424742709632	0.199734880251074	0.000105893816668931	0.0169883937313156	1.31394314265764	0.000105893816668931	up
170743	Tlr7	toll-like receptor 7	5.95669488664516	0.778255130040585	0.201492491594574	0.000112512164869849	0.0178678409705432	1.85146400480445	0.000112512164869849	up
623121	Ifi213	interferon activated gene 213	4.81346256707823	0.612035447019004	0.172498116096894	0.000114086719544328	0.0179314402963031	3.0876393821133	0.000114086719544328	up
11630	Crybg1	crystallin beta-gamma domain containing 1	26.0270425664984	0.688024449896339	0.179259773981872	0.000125786336439203	0.0190155075143957	0.938474877735734	0.000125786336439203	up
15959	Ifit3	interferon-induced protein with tetratricopeptide repeats 3	923.673370425511	0.673531091284946	0.186123799070555	0.000124959298867292	0.0190155075143957	2.37963518370874	0.000124959298867292	up
100039796	Tgtp2	T cell specific GTPase 2	26.0047450377457	0.679915476645892	0.187904831164439	0.000134910611292134	0.0200100436861786	2.33612704358322	0.000134910611292134	up
20558	Slfn4	schlafen 4	43.7303076234989	0.631789113702277	0.180022679631553	0.000136945706226337	0.0201220597503782	2.57394900537296	0.000136945706226337	up
14131	Fcgr3	Fc receptor, IgG, low affinity III	24.8551935547841	0.767130614396068	0.201849381782652	0.000142745864180431	0.0202184727625652	1.39327268054277	0.000142745864180431	up
99899	Ifi44	interferon-induced protein 44	171.708513525453	0.662851596016175	0.18521015126896	0.000141708624343478	0.0202184727625652	2.39260567307223	0.000141708624343478	up
15951	Ifi204	interferon activated gene 204	41.4072547469365	0.655638995305507	0.184374817055742	0.000141306242277429	0.0202184727625652	2.43302119578544	0.000141306242277429	up
12977	Csf1	colony stimulating factor 1 (macrophage)	222.341417378852	0.60907001013401	0.159982189718639	0.000140650511962346	0.0202184727625652	0.754024848863178	0.000140650511962346	up
68395	H2-Q8	histocompatibility 2, Q region locus 8	10.0191014869216	0.747668571535205	0.199627650228905	0.000153315404062922	0.0211440770410286	1.89287112223469	0.000153315404062922	up
54199	Ccrl2	C-C motif chemokine receptor-like 2	38.7052060758075	0.762210220085359	0.203046185561421	0.000162071245681001	0.0217784967914248	1.52909952305371	0.000162071245681001	up
17858	Mx2	MX dynamin-like GTPase 2	147.505379819594	0.702149796732751	0.193369810426186	0.000171234277227449	0.0228147907336437	2.09493972872281	0.000171234277227449	up
19264	Ptprc	protein tyrosine phosphatase receptor type C	30.6244190209186	0.642620732106206	0.183338035406541	0.000180316447728478	0.0238229847998919	2.43184447297188	0.000180316447728478	up
16391	Irf9	interferon regulatory factor 9	655.892424255296	0.675330006285876	0.180998059850814	0.000191777416214127	0.0251260378143209	0.929136657136063	0.000191777416214127	up
327959	Xaf1	XIAP associated factor 1	608.865408349176	0.739169283592222	0.199342301800099	0.000205895717487016	0.0265335448387776	1.24351727400945	0.000205895717487016	up
15051	NA	NA	12.0576727449261	0.742244772522852	0.200332149918506	0.000220075123078456	0.0275830033377009	1.28772106372341	0.000220075123078456	up
21822	Tgtp1	T cell specific GTPase 1	7.55560487631367	0.698689917923908	0.193658910663255	0.000224565858492922	0.0275830033377009	2.11386065800289	0.000224565858492922	up
17096	Lyn	Lyn proto-oncogene, Src family tyrosine kinase	49.5190981765499	0.642374342870863	0.17372078748682	0.00021980339008939	0.0275830033377009	0.846951282233085	0.00021980339008939	up
16985	Lsp1	lymphocyte specific 1	10.7527518159132	0.726066462049696	0.195958443264225	0.00023378659283757	0.0282737908660944	1.15591641953079	0.00023378659283757	up
16818	Lck	lck proto-oncogene, Src family tyrosine kinase	108.885842852923	0.707821963462332	0.193333623360973	0.000247222194927902	0.029224265779372	1.08635782337177	0.000247222194927902	up
16193	Il6	interleukin 6	34.4508009573597	0.729454038990955	0.201695965962433	0.000250248528101873	0.0293612489464004	1.6785841549378	0.000250248528101873	up
26888	Clec4a2	C-type lectin domain family 4, member a2	9.7660637738966	0.615131311448901	0.180016047270671	0.000262668094124634	0.0303652042340257	2.52206100183985	0.000262668094124634	up
15953	Ifi47	interferon gamma inducible protein 47	1023.18328254902	0.589536531691462	0.176301275197173	0.000277469639307787	0.0313840120086117	2.54463599848867	0.000277469639307787	up
57444	Isg20	interferon-stimulated protein	38.2083619964206	0.734235094137752	0.20281954390563	0.0002824238453566	0.0317161978335461	1.41110569505297	0.0002824238453566	up
269799	Clec4a1	C-type lectin domain family 4, member a1	4.96095345795102	0.71869216023339	0.198352473593353	0.000295957145045765	0.0323127655167328	1.91327339422554	0.000295957145045765	up
15894	Icam1	intercellular adhesion molecule 1	64.1937670149939	0.708930428103684	0.19634543672798	0.000302394035386773	0.032344481317669	1.13246855898831	0.000302394035386773	up
12364	Casp12	caspase 12	131.019902344079	0.675795531949193	0.187293735837341	0.000307525884938506	0.032344481317669	0.97574806905611	0.000307525884938506	up
11810	Apobec1	apolipoprotein B mRNA editing enzyme, catalytic polypeptide 1	60.2873389754551	0.647475756521475	0.179280511183912	0.000306899398857429	0.032344481317669	0.881652543799953	0.000306899398857429	up
74732	Stx11	syntaxin 11	68.8001429457363	0.64224929857031	0.177786618490618	0.000303589586858261	0.032344481317669	0.86682996036614	0.000303589586858261	up
15944	Irgm1	immunity-related GTPase family M member 1	1254.34079731656	0.70705769890498	0.199708689339286	0.000323570648802273	0.0336899188110552	1.75309657964845	0.000323570648802273	up
22436	Xdh	xanthine dehydrogenase	88.039380936513	0.712354979674628	0.199157927204167	0.00034859571527159	0.0351134423931098	1.193585220913	0.00034859571527159	up
12722	Clca3a1	chloride channel accessory 3A1	27.5355604897757	0.683699185707313	0.196512386189063	0.00034595599121789	0.0351134423931098	1.89369573624044	0.00034595599121789	up
226652	Arhgap30	Rho GTPase activating protein 30	12.2358773101103	0.628048769693323	0.185031012106784	0.000346370141505361	0.0351134423931098	2.30024657243759	0.000346370141505361	up
12517	Cd72	CD72 antigen	6.02600924652989	0.732668886151237	0.202992744530165	0.000360320268334965	0.0353891510596511	1.45459929518017	0.000360320268334965	up
108670	Epsti1	epithelial stromal interaction 1	20.5914316237732	0.706689324629732	0.198457549419769	0.000357175273026114	0.0353891510596511	1.17614787605492	0.000357175273026114	up
16409	Itgam	integrin alpha M	8.67195291906958	0.663269809255823	0.191918317711453	0.000365794204831675	0.0355001017800222	2.08792577531574	0.000365794204831675	up
109361	D730005E14Rik	RIKEN cDNA D730005E14 gene	13.9212848626134	0.708694892418727	0.202687628015634	0.00039348217141573	0.0377215042621835	1.54678573795905	0.00039348217141573	up
15015	H2-Q4	histocompatibility 2, Q region locus 4	101.314563568555	0.713954285821178	0.20301323520219	0.000398601597190503	0.0378694808617843	1.46764072136568	0.000398601597190503	up
279499	Kctd19	potassium channel tetramerisation domain containing 19	48.6172294574535	0.612534313093274	0.172959233153487	0.000404578187152493	0.0380884925653383	0.803816950295812	0.000404578187152493	up
65221	Slc15a3	solute carrier family 15, member 3	7.70413372857338	0.646095553544921	0.1880895887314	0.000409684997243662	0.0383396876587193	2.20217262671142	0.000409684997243662	up
14999	H2-DMb1	histocompatibility 2, class II, locus Mb1	46.0954844490829	0.704149255428464	0.20149165218039	0.000422664488281611	0.0393203022767071	1.62693419808283	0.000422664488281611	up
140497	Cd300c2	CD300C molecule 2	8.37144825940269	0.706215142384368	0.200975058317509	0.000449450091397416	0.0407285466761901	1.68045608119382	0.000449450091397416	up
100702	Gbp6	guanylate binding protein 6	137.160959104318	0.616860266044915	0.185630882780667	0.000475663166184849	0.0426724319928983	2.18478184316966	0.000475663166184849	up
20684	Sp100	nuclear antigen Sp100	73.0689911798332	0.700987028695456	0.202088910486545	0.000495242146001235	0.0433662783720602	1.28525475847974	0.000495242146001235	up
53857	Tuba8	tubulin, alpha 8	15.0436536653144	0.656233045283775	0.188048145185542	0.000497766217171039	0.0433662783720602	0.956253993283339	0.000497766217171039	up
17948	Naip2	NLR family, apoptosis inhibitory protein 2	6.28957200346569	0.707495734910547	0.203028254166322	0.000502651170382534	0.043421328026122	1.47271584511403	0.000502651170382534	up
67753	Eqtn	equatorin, sperm acrosome associated	6.4290880707559	0.697835330069377	0.20004164498869	0.000532750114098419	0.0457407356968358	1.20936566285261	0.000532750114098419	up
219132	Phf11d	PHD finger protein 11D	88.1632014917459	0.657824296466974	0.195035544987927	0.000536259020050111	0.0457407356968358	1.87492481052527	0.000536259020050111	up
23961	Oas1b	2'-5' oligoadenylate synthetase 1B	51.7601831026438	0.69806588145144	0.203026370377839	0.000545290037747065	0.0460916665239751	1.42932901813535	0.000545290037747065	up
74568	Mlkl	mixed lineage kinase domain-like	83.185263092908	0.631193746438292	0.182750470143726	0.000549592640760666	0.046206927797001	0.880234603431129	0.000549592640760666	up
22324	Vav1	vav guanine nucleotide exchange factor 1	11.7267823905529	0.653883785879221	0.195073275148814	0.00056088459305214	0.0468600978874799	1.89579223323436	0.00056088459305214	up
236573	Gbp9	guanylate-binding protein 9	121.639054023384	0.598692961460546	0.183408616052413	0.000563322637115742	0.0468600978874799	2.22001932850616	0.000563322637115742	up
13113	Cyp3a13	cytochrome P450, family 3, subfamily a, polypeptide 13	16.9147852161041	0.638305274777511	0.1859526358778	0.000605587202466801	0.0495887604019951	0.914108354842007	0.000605587202466801	up
79235	Lrat	lecithin-retinol acyltransferase (phosphatidylcholine-retinol-O-acyltransferase)	8.26396529818289	0.691340818473955	0.201992538062469	0.000615557525212213	0.0498855433576619	1.27653877818672	0.000615557525212213	up
