"gene_symbol","trend_slope","trend_FDR","log2FC_100LD50_vs_TX91","FDR_100LD50_vs_TX91","log2FC_TX91_vs_Sham","FDR_TX91_vs_Sham","meanExpr_TX91","pass_step5","notes"
"Abca9",-0.849734493105143,0.000443274583719725,-2.78580621342018,8.1323014134432e-06,-0.651277517147916,0.380593552392893,9.35786972693023,TRUE,""
"Rasgrp2",-0.819291608273643,0.00521582721665301,-2.86434698166202,7.02515255074169e-05,-0.619410698777491,0.554609955759576,9.01699257390091,TRUE,""
"Cx3cr1",-0.796064804182489,0.00109190409283035,-2.38016145509736,1.02120723018076e-05,-0.47496830745828,0.505171163354884,9.88036118578639,TRUE,""
"Nfe2",-0.76933719901662,0.00152925077814071,-2.7211866083151,2.03402529600059e-06,-0.32691020555917,0.696583712084892,9.51425087431345,TRUE,""
"Abcd2",-0.741665305131023,0.000368525353496362,-2.4121535169653,8.1323014134432e-06,-0.455261599233518,0.52123568636093,8.45674769477553,TRUE,""
"Add3",-0.736342457054524,0.000276392038981831,-2.39522990350381,6.4117927794044e-06,-0.445031701600604,0.519156405945242,11.2247617530069,TRUE,""
"Sort1",-0.735939347297811,0.000205351828855178,-2.278651880722,1.74285401951211e-05,-0.602063669728672,0.342805656008625,8.8938720815841,TRUE,""
"St8sia4",-0.733851661574096,0.000116577234709057,-2.27177173512861,3.86872090174166e-06,-0.635534995070916,0.212714406211669,12.8969148384208,TRUE,""
"Bcl11a",-0.72113043318381,0.00057487888102,-2.38730186286543,8.81449796891741e-06,-0.363796092355138,0.647419677538598,9.03734689816517,TRUE,""
"Galnt9",-0.718378576371459,0.00159045543734345,-2.35799722703316,0.000105343944549808,-0.162672984763716,0.900135703338058,8.16012144372261,TRUE,""
"Cd177",-0.713807437811875,0.00421320853589835,-2.56753278546108,8.81449796891741e-06,-0.410643945235384,0.622453193772954,10.045142255511,TRUE,""
"Rnf144a",-0.712402006816226,0.00277415099863671,-2.34316458882234,0.000201768267140336,-0.522377086685841,0.600827612892992,9.24669258026422,TRUE,""
"Rfx2",-0.697485330995954,0.0119487568698117,-2.30307456391024,0.00127979532950612,-0.41215875305619,0.765807247943758,7.83712688629494,TRUE,""
"Rgs18",-0.687000431242973,0.00951537183717534,-2.3630781212661,0.000422426715192987,-0.226076630573724,0.87715081118669,8.07459617289797,TRUE,""
"Cd300lg",-0.68366118501329,0.00599978993974066,-2.36223709980053,0.000183800352207591,-0.457080589282691,0.665983136250881,10.4830052033051,TRUE,""
"Pank1",-0.681676489867069,0.000987850885016421,-2.0058364350324,0.000403665541668204,-0.429228245240868,0.658176932484408,7.00060388951018,TRUE,""
"Satb2",-0.680770171385389,0.00164578193611075,-2.10293615562307,0.000185582325392836,-0.332801900341751,0.740959336407353,8.20819309889985,TRUE,""
"Prkag2",-0.679290219627198,0.000424431759963276,-2.05273712725957,6.85671299003988e-05,-0.818424492390378,0.15251140714944,8.58228140665373,TRUE,""
"Hspa1a",-0.672669865407924,0.000205349976720798,-2.08470392215295,0.00192930083948787,0.353536919050814,0.799980179102407,11.2209398013822,TRUE,""
"Arrb1",-0.665918430641938,0.000561067393367804,-2.10684803127145,2.63566180281227e-05,-0.403155429341071,0.57337455696095,8.91639725560585,TRUE,""
"Peg13",-0.659124339698408,0.00405237340850396,-2.07781210258348,0.000960020029259196,-0.70259823284481,0.443986624393964,7.04479713941871,TRUE,""
"Rabgap1l",-0.656174878870262,0.0023504384688833,-1.96055939999829,0.000322127001417731,-0.934110268745158,0.137746808878799,7.89852313284356,TRUE,""
"Fhip1b",-0.650439932332114,0.00425535162649211,-2.13761636347959,0.000363890868508789,-0.469683835815445,0.639275706209235,8.97579170283014,TRUE,""
"Mid1ip1",-0.642215250596416,0.000255948593080342,-1.93040043189335,6.59545770518159e-05,-0.175369126851475,0.853311101196198,10.1528340848427,TRUE,""
"Mdm1",-0.632635807905281,0.0049461093575777,-2.04511452151522,0.000587453254292551,-1.13881151439466,0.0893294127724808,7.98102711594499,TRUE,""
"Klf2",-0.632456749924555,0.00084174075399392,-2.10175987880228,1.60256828849003e-05,-0.386973803507717,0.572163376383766,9.17819046060542,TRUE,""
"Celsr3",-0.631176656800789,0.00697681693706594,-2.23149152618734,9.50782828651146e-05,0.082284409953683,0.952667347313654,10.0298229129647,TRUE,""
"Idh1",-0.627100974911826,0.00142851754025641,-1.99714777151877,0.000222325634875239,-0.0122767837558735,0.996639050858477,7.4171292647983,TRUE,""
"Prkar2b",-0.62487095387351,0.000818999736234325,-1.9205842695777,0.000181202368363691,-0.740332637200549,0.231343396368383,9.24082255548072,TRUE,""
"Mbp",-0.623304439624128,0.000103963999783421,-1.90124329181777,4.38383677634201e-06,-0.603209349407873,0.145398460287293,10.7673251885982,TRUE,""
"Insr",-0.623022452525613,0.000109194359806066,-1.95208331529181,3.29345735416106e-06,-0.467512667465572,0.310981241273163,9.82986688485965,TRUE,""
"Bmx",-0.621281917393245,0.00896605572537987,-1.90055805201109,0.00336911244427469,-0.152695121875496,0.926768378200041,8.40526308426078,TRUE,""
"Pigb",-0.6202109998334,0.00126371709129316,-2.00627456746793,0.000106753463964756,-0.643227489032355,0.322757535737506,10.1101692024942,TRUE,""
"Dgkg",-0.614760752536511,0.0155722076064699,-2.21145949278763,0.000289920656811427,-0.36720705408587,0.740435850553054,8.1187853549214,TRUE,""
"Upb1",-0.614623256178196,0.00669648802887491,-1.99563466092905,0.000270817900519295,-0.386521183409124,0.680723828412555,6.96468805331103,TRUE,""
"Pi16",-0.606455266519131,0.0168617187260849,-2.13852598143143,0.000758738797379254,-0.208930850013259,0.883452331618908,10.0671278875273,TRUE,""
"Sgsh",-0.600911574301011,0.00493683409329704,-1.70235900857367,0.00401630763712279,-0.391937980256213,0.727319963104555,7.18269547490997,TRUE,""
"Dennd2c",-0.597312972933869,0.00284320873219154,-1.71703488291044,0.00273135702466877,-0.206372675346518,0.872729636789955,7.08577510342586,TRUE,""
"Klhl42",-0.585000030183481,0.000796859318308471,-1.72800144331707,0.000434686471027258,-0.77325895823246,0.19474026931115,6.83359314648602,TRUE,""
"Cfh",-0.581379563527868,0.0164150701033994,-2.04908192472331,0.000590781432241741,0.0679788287167913,0.968647954727879,8.39583926642706,TRUE,""
"9130008F23Rik",-0.580819647274355,0.00328448195063542,-1.90064304936636,0.000857735894611314,-0.921882685346757,0.187677546255297,6.61237235182495,TRUE,""
"Ahr",-0.577521452677035,0.007722937189328,-1.97303137026941,0.00012908520156019,-0.492079152493394,0.507079277833022,8.95518318706614,TRUE,""
"S1pr5",-0.576815318174816,0.00272478334611769,-1.85060646149674,0.000223532983771173,-0.274160970234558,0.767450777428116,10.1259855068225,TRUE,""
"Klrb1f",-0.57190418325573,0.018141426617148,-1.8377217934835,0.00667821094090647,0.97810948446558,0.28493824914149,7.73453407364605,TRUE,""
"Frat2",-0.569388301543285,0.00299740643219095,-1.6378590938932,0.00188676373360665,-1.07286721005512,0.0744351763667923,8.3939760039081,TRUE,""
"Ralgps2",-0.566122187936917,0.00314734883942079,-1.91282022406687,0.000159717564422846,-0.892760200037509,0.110489106167181,6.83323215418755,TRUE,""
"Gapt",-0.565709149423875,0.00283615178084722,-1.87620080169701,0.000191704556129764,-0.325571941156781,0.710982778813567,8.20842830150804,TRUE,""
"Pdlim1",-0.561703305203671,0.00199635441644306,-1.90473824085245,5.84579031531374e-05,0.0195958420390916,0.989337264442322,11.0532058749956,TRUE,""
"Ndufaf7",-0.561689791344742,0.00407129173961929,-1.80280566927906,0.000791088342020829,0.0135404598188824,0.996338781300125,7.85096764947066,TRUE,""
"Arhgef18",-0.560093524550588,0.000527904182686697,-1.79954087356745,2.21508858194418e-05,-0.389770506073372,0.490291355384495,10.6749385399901,TRUE,""
"Trf",-0.559763297154872,0.0175368171497741,-1.94372527450421,0.000826641434292619,-0.762476579841325,0.33201432413253,8.35840271976591,TRUE,""
"Dock1",-0.547691730668721,0.0018385712040414,-1.7164187311641,0.000341526308274631,-0.39731448145835,0.606787145712512,8.60881408996362,TRUE,""
"Tppp",-0.545112274659563,0.00192095153825441,-1.54052021094204,0.00110634196386497,-1.01657286757765,0.0516328883333814,6.63417635088814,TRUE,""
"Nat8l",-0.542259337027443,0.00917950204158656,-1.56652983379161,0.00455486325962489,-0.917407412516225,0.188293914704217,7.06618547772477,TRUE,""
"Hspa1b",-0.541101014184956,0.000205351828855178,-1.71411246159028,0.00480766433913475,0.212495310340882,0.879280437720555,12.5138432316095,TRUE,""
"Bri3bp",-0.539124289742718,0.0010770907029793,-1.56112572302813,0.000388989099456081,-0.747098401330076,0.149875792503721,9.58522736141411,TRUE,""
"Ccpg1",-0.535856953083017,0.000229369022014713,-1.64243979700952,2.70467027173533e-05,-0.557468505311787,0.196567454013397,10.6723542191133,TRUE,""
"Skint3",-0.535127133460025,0.00240913181696125,-1.65359279979502,0.000405427776897667,-0.765765039236125,0.168667956810955,7.84359462100209,TRUE,""
"Btla",-0.533917339674537,0.00482940869184734,-1.67577778635543,0.000473637973740012,-0.242294585210287,0.802218152445081,9.08695230864152,TRUE,""
"P2ry1",-0.532848552018661,0.0057864334329103,-1.77593688832473,0.000106990683576844,-0.491245986838429,0.427318727927751,10.5419148964522,TRUE,""
"Slc9a9",-0.531351591066384,0.00371797691389189,-1.69884588598358,0.00147919658752277,-0.693799365839394,0.345306812670817,6.47384122408587,TRUE,""
"Hgsnat",-0.525600181698066,0.000733050022889811,-1.67232528063492,2.35409077852961e-05,-0.076866252171877,0.931194491913315,10.6029910728264,TRUE,""
"Ugt1a10",-0.525144736120737,0.0166766284690484,-1.78255944181363,0.00191146336061643,0.66938502164411,0.42564704632101,6.90527568897065,TRUE,""
"Cisd1",-0.524744940033494,0.00374423415196928,-1.55143329044693,0.00225910104084428,0.0200117697749009,0.991442229732687,7.22089879651646,TRUE,""
"Tiam2",-0.521471214215281,0.0167282709305506,-1.77106076466553,0.00203296127718388,-0.608806587327825,0.487108912617156,9.38324590219487,TRUE,""
"Nr4a2",-0.521316754399174,0.00289976400714498,-1.69550922545803,0.000438695209076502,-0.866313173078425,0.119035614998254,7.28668694669701,TRUE,""
"Hdac10",-0.515223273414587,0.00965425183514545,-1.80782552794742,0.000205380319879711,-0.024448235945461,0.987879351615188,6.57938487974641,TRUE,""
"Aph1b",-0.514198931473905,0.00580808193761917,-1.74033902299363,0.000194451869486967,-0.696035910443421,0.211761876559839,6.84549884795407,TRUE,""
"Gramd4",-0.513970815822386,0.000284148403931049,-1.51397176019213,0.000123883662867399,-0.215538334706714,0.76070692153328,10.7557022713707,TRUE,""
"Ramp1",-0.512268840059709,0.0112604086990497,-1.58198797266275,0.00228296504897706,-0.364396878630652,0.704169278983356,7.57055336959078,TRUE,""
"Tmc6",-0.511819253895303,0.0087831921311561,-1.75439969885432,0.000349511739278942,-0.110307839391611,0.926557006727701,8.8816129460465,TRUE,""
"Mctp1",-0.510659289240636,0.0204892812513501,-1.68097172607155,0.00276935078292374,-0.0986786092231862,0.946118932831166,7.82067149663961,TRUE,""
"Etfbkmt",-0.51050820886278,0.00951537183717534,-1.38867228886557,0.00795341621982911,-0.441272016544249,0.631100814951449,6.70401399560971,TRUE,""
"Sun1",-0.510489854573906,0.00101554815145112,-1.48921433463194,0.000128345657877771,-0.267710829013392,0.680723828412555,9.15933344776514,TRUE,""
"Frat1",-0.507916726317027,0.0094183697577121,-1.55154685478179,0.0038568399030052,-0.74945039440516,0.303600979279368,7.2421120482869,TRUE,""
"Auh",-0.507343084778615,0.00289976400714498,-1.71239141085859,0.000113235145158891,0.0806958533194511,0.940124062616108,8.62791192613614,TRUE,""
"Svip",-0.505375875216601,0.00198841327714037,-1.52513424955621,0.000533747155936745,-0.488889953114075,0.439020375032872,8.16216886192446,TRUE,""
"Ip6k3",-0.503527584831134,0.00043306932247612,-1.38871690903329,6.42302073364638e-05,-0.330413575289102,0.49244788795422,9.2955814359849,TRUE,""
"Grk5",-0.501357507798246,0.0126054105012816,-1.67522173210929,0.00365093950414363,-0.59741730820297,0.507533749792437,6.63325441632201,TRUE,""
"Cd209a",-0.494030772482081,0.00238060227805547,-1.69259707964442,0.000106753463964756,-0.321211866658656,0.649945691501702,6.2247206263041,TRUE,""
"Rnase2b",-0.493676533381089,0.00669648802887491,-1.63619050489226,0.000475830803156445,0.176382561948055,0.858848060037391,6.31406679358066,TRUE,""
"Ypel2",-0.493621116233423,0.00384050485233132,-1.43414440553423,0.00331901710471417,-0.539799874668783,0.463928968758826,7.35930899858079,TRUE,""
"1700025G04Rik",-0.493042772403782,0.00631916167133013,-1.45872436456189,0.00545334765984664,-0.45935241858508,0.60737104845657,6.58219122663927,TRUE,""
"Ugt1a7c",-0.492400998527897,0.00188001879781617,-1.59841253107685,0.00013843853286425,0.354437412582117,0.581140612699095,9.23054154836393,TRUE,""
"Prkab2",-0.492306964211937,0.0125515863874156,-1.51715402421587,0.00491324412905975,-0.596586192685021,0.467589995236031,7.66829675377409,TRUE,""
"Mfsd6",-0.491071155385354,0.00101554815145112,-1.56066689143091,8.00611244486157e-05,-0.314139241698163,0.604344427355158,9.94493346156511,TRUE,""
"Fkbp4",-0.490594316190962,0.000708336420920145,-1.66045832521137,4.68516899844022e-06,0.0869588734406364,0.900191738987271,10.3224366066739,TRUE,""
"Ldlrad3",-0.490144215500887,0.00147510787706703,-1.42136364925549,0.00084968813135348,-0.47707423496535,0.440308633042798,11.2081311330432,TRUE,""
"Elovl6",-0.487147071946784,0.00628127025346147,-1.695730511103,0.000440422864349579,-0.0710332535650977,0.95477484563995,6.53154703675386,TRUE,""
"Mgst1",-0.486298066492453,0.0143451628175706,-1.71470475518512,0.000579826499508412,-0.128157367704103,0.912815039671206,10.3189523610054,TRUE,""
"Ampd3",-0.485023610225973,0.00162990609559663,-1.63709189531336,4.98167253614214e-05,-0.0361440749442625,0.973540465543062,10.867386647959,TRUE,""
"Focad",-0.484952467033025,0.00249304637279799,-1.59371728879643,0.000256585708751743,-0.174515718708619,0.847085563149317,9.23695611948984,TRUE,""
"Lrrk2",-0.484800307074103,0.00418993162911506,-1.57841108744333,0.000384204620331437,0.0394834517646441,0.976518060312887,8.39394089330092,TRUE,""
"Arhgef6",-0.483086164228773,0.000424431759963276,-1.47818360151985,4.98167253614214e-05,-0.545258396325927,0.179540597834289,8.50414368432511,TRUE,""
"Thbd",-0.475969013109285,0.000205351828855178,-1.47674237587262,1.98411561785595e-05,-0.570498176493485,0.106873314545185,11.0363958512855,TRUE,""
"Rab36",-0.474928044355842,0.00110674751004702,-1.47576716082697,0.000585611703639996,-0.579535935713262,0.301575100358179,6.24600326436849,TRUE,""
"Stard4",-0.472088217419869,0.0200441256399841,-1.72473744582896,3.18377364748002e-05,-0.405762756752992,0.458895102115212,8.68487180013177,TRUE,""
"Nhsl2",-0.471661490740162,0.00524653307440384,-1.69763549148053,1.98411561785595e-05,-0.110360350865266,0.889207051050126,10.501000190492,TRUE,""
"Stxbp6",-0.470736187640966,0.00291872093262003,-1.55232723800342,6.71062759493844e-05,-0.580828861682489,0.186726784194784,8.45941516677233,TRUE,""
"Camkk2",-0.470298482599538,0.000255948593080342,-1.49268147262666,1.02731700626468e-05,-0.494369856998166,0.16477440814826,9.39660519427514,TRUE,""
"Smim5",-0.468731466947314,0.0110540966259064,-1.5156479261188,0.000858848220881935,-0.163028336175266,0.868566435694754,6.46081221216346,TRUE,""
"Pgm2l1",-0.468709184699562,0.0131110006728721,-1.54443903197326,0.00125972153698814,-0.522278762354171,0.46272864303505,6.55710974388774,TRUE,""
"Lmf1",-0.467417673154866,0.0249272048326366,-1.50242752096049,0.0108997355908378,-0.174497957578379,0.900204204630301,7.37224945798392,TRUE,""
"Entpd5",-0.466528417350656,0.00506895320423399,-1.24026534262659,0.00782251125823487,-0.447206688774653,0.557602642910096,6.47057346888572,TRUE,""
"Scgb1a1",-0.466289697826696,0.00917950204158656,-1.2673449460673,0.0268302665431916,-0.314587327734129,0.791531747088769,10.3091002029855,TRUE,""
"Vps13c",-0.46411891328998,0.00068236767023351,-1.46153794802475,0.000102429068732087,-0.266718317394556,0.665013322930674,8.46036785285204,TRUE,""
"Ptgr3",-0.461687691192733,0.0119540165984296,-1.5272591762539,0.00272779636727974,-0.509719668033205,0.524707214496165,7.206911992186,TRUE,""
"AI467606",-0.461669657687666,0.001493042272826,-1.40998251982169,0.000114071049994691,-0.238414719341819,0.70208845644788,9.37469249506623,TRUE,""
"Asph",-0.461233222377275,0.0132742057371802,-1.43894904614325,0.0071894511234899,-0.216662821616254,0.854387635372054,6.55956260971306,TRUE,""
"Ccno",-0.459691808862,0.0313350828940161,-1.58417745527407,0.00544608577027399,0.503135812406366,0.604521367468353,6.45198677967745,TRUE,""
"Ceacam1",-0.459446399936969,0.00284320873219154,-1.49043576685509,0.00054509837812785,-0.18037749563271,0.843100457059498,10.9917759686478,TRUE,""
"Tmcc1",-0.45833331292995,0.000815548370543358,-1.47173758685072,3.8447507794149e-05,-0.31999987906198,0.519156405945242,10.0958058092906,TRUE,""
"Tfb1m",-0.458221727844951,0.0233143617066036,-1.51824089495024,0.00592487705634253,-0.484983609089367,0.605617721823503,6.73881201314566,TRUE,""
"Arhgap21",-0.458109059002716,0.00625210942030575,-1.50732006625141,0.000455712374943537,-0.872252740443093,0.0640530182698743,8.09660225316611,TRUE,""
"Eeig2",-0.457903807641606,0.000214230940521709,-1.34516544629831,0.000326245400582414,-0.588452320772671,0.1881754511298,9.91429713378537,TRUE,""
"Serpinb10",-0.456538008606922,0.00714524094972971,-1.58206812719502,0.00032297786675397,-0.784105420558202,0.117409298385651,10.4634899198416,TRUE,""
"Nup210",-0.455930734261697,0.00870086281203862,-1.60793361540604,0.000256585708751743,-0.0838681821321536,0.938478609288415,9.91712121126088,TRUE,""
"Pabpc1l",-0.454777275535986,0.0331815081924425,-1.42996266098105,0.0228048717039902,-0.279492687406725,0.839455073450031,6.8072610064611,TRUE,""
"Vnn3",-0.452621740586434,0.00926490363476354,-1.54284816076706,0.000602053619253997,-0.125739158688182,0.902631993476778,7.98286097698133,TRUE,""
"Haao",-0.451777573717991,0.00989591163406689,-1.3798112144693,0.00104892045518063,-0.210004747064776,0.81135337056883,8.21237878625404,TRUE,""
"Enkur",-0.448902739255878,0.0589785416433094,-1.61106145820955,0.0080700020920075,-0.529485393814468,0.61379084351474,6.65402028899324,TRUE,""
"Nxpe4",-0.444579072751092,0.00381527354856937,-1.27360807204846,0.00217461689609272,-0.421803323478246,0.516498494985287,11.6902671998497,TRUE,""
"Gadd45a",-0.442735777095423,0.00468866492874918,-1.45536694763983,0.00109725972870853,0.687634264089116,0.220874240557721,9.48291581939817,TRUE,""
"Kctd12b",-0.442353339774412,0.0160193669968491,-1.45843570779143,0.000463062779907415,-0.794807763788557,0.088935533093781,6.23800372543938,TRUE,""
"Klhl17",-0.442145375818501,0.0152854791898076,-1.44124134787533,0.00187366303733553,-0.214247248756507,0.830725376997221,8.05670685144369,TRUE,""
"Crem",-0.44202065838067,0.0370565488131763,-1.47073453715111,0.00239137460237665,0.757761229154609,0.220669103768132,8.23023258979753,TRUE,""
"Pglyrp1",-0.441691423855717,0.0691876556245452,-1.39634217794191,0.0292427425985608,-0.501625086407905,0.665261682060211,8.54621872659896,TRUE,""
"Dipk1a",-0.44091314280478,0.00107371125178224,-1.4391300128624,3.6494404896629e-05,-0.399566675295741,0.352456477588428,8.84122318706066,TRUE,""
"Gstm1",-0.440672531471029,0.0125515863874156,-1.49624708305409,0.000521576261504985,-0.485702542620038,0.429353461166506,8.57695180240731,TRUE,""
"Arsb",-0.440427527738836,0.0369413096724654,-1.56589607443777,0.00322618398592452,-0.177724491627627,0.885879576156802,7.39600948477055,TRUE,""
"Eno3",-0.439584870081557,0.0790935518308223,-1.37202625243641,0.0466862146187842,-0.28244998465042,0.851559552175278,7.62097953990822,TRUE,""
"Qser1",-0.438045659997221,0.00328859103465359,-1.36249645781953,0.000506053953932951,-0.748272247896199,0.0890449003821582,7.52799602649416,TRUE,""
"Tesk2",-0.43756124928656,0.0249272048326366,-1.46726642754144,0.00482958579605565,0.0465700418609245,0.977765666147836,7.09847595995543,TRUE,""
"Fmo5",-0.432608313666523,0.0220763973752896,-1.35760008012449,0.0110430639575737,-0.783013065520809,0.278600481940492,6.67682080543032,TRUE,""
"Patz1",-0.432047688416849,0.00613525970260748,-1.2560682507357,0.00600582920294503,-0.369105719937602,0.650731928318195,6.39039088398647,TRUE,""
"Nadk2",-0.430784396795518,0.00472009127830342,-1.21766989317623,0.00308616578341328,-0.662470946550894,0.206228587099095,7.0893133063122,TRUE,""
"Sqor",-0.427179792800132,0.00125598806840295,-1.43666727992606,3.8447507794149e-05,0.0357085516365174,0.968647954727879,10.1122345165692,TRUE,""
"Icam2",-0.426633515950695,0.00260850849396172,-1.29181455763177,0.00113004132499107,0.117442123660577,0.896651521741621,8.43119444022471,TRUE,""
"Tmem71",-0.426233698001217,0.00425363304715148,-1.46161009883347,0.000160925215345097,-0.448718166495839,0.382769767829456,9.46913451437383,TRUE,""
"Fam107b",-0.424310461550501,0.00308781013462168,-1.21634160843051,0.000579826499508412,-0.312012255576089,0.581165436440765,9.56668610887705,TRUE,""
"Myo5a",-0.423842171225935,0.000325308857738424,-1.34790900567352,2.33307476627626e-05,-0.298260092983895,0.479986192591714,10.7702187190076,TRUE,""
"Dhrs7",-0.423372056183701,0.0300585535986409,-1.53120607765897,0.000939666578277362,0.142097119419972,0.892328587187788,8.83977010769822,TRUE,""
"Siah2",-0.423205025891259,0.0484839420416493,-1.40420955910764,0.00998216263500568,-0.0707363953699032,0.964935113248092,6.63901313533662,TRUE,""
"Tcea3",-0.423194135058356,0.0134304077945411,-1.43103771536375,0.00132169282694957,-0.339869341861027,0.666944636345816,8.72830702420395,TRUE,""
"Pwwp3a",-0.422505299044003,0.0117906205712576,-1.26527300081836,0.00703405517289545,-0.210652479086492,0.838992642914661,6.7590438665704,TRUE,""
"St3gal3",-0.421611372838492,0.0140682799884387,-1.36506680656929,0.00166575400066701,-0.226951512836555,0.800191883513691,8.18488440875146,TRUE,""
"Gphn",-0.421402996082226,0.00983097038323778,-1.2783326553285,0.0067380945980576,-0.482735703581312,0.519156405945242,6.53933064616139,TRUE,""
"Bmyc",-0.421329849666938,0.0023504384688833,-1.27350931161874,0.000145086532949458,-0.358941869441987,0.43552329920479,9.23848896334719,TRUE,""
"Mob3b",-0.420537191667639,0.0119540165984296,-1.28428594071585,0.0038568399030052,-0.288969401026183,0.731776676838293,8.35893632873229,TRUE,""
"Vkorc1",-0.420130123788214,0.0153613601912168,-1.36480055493447,0.00511842817016061,-0.419860627641959,0.616320891821377,7.57444979482927,TRUE,""
"Pde2a",-0.418856194841242,0.099869706320206,-1.62193950857935,0.00480571753012627,-0.990085979105681,0.167715421160331,7.0333440971601,TRUE,""
"Rfc4",-0.417933771647873,0.0519551828181465,-1.26730989514796,0.00333807119437845,-0.71949488562216,0.1838755122079,8.08843844891607,TRUE,""
"Cyp7b1",-0.415269224556369,0.0224433449070325,-1.31707066263948,0.0079574352631282,0.529782370608042,0.49351494399091,7.26412860869755,TRUE,""
"Cnksr3",-0.414832628614279,0.00697930787106512,-1.33108319021775,0.00127020787938847,-0.275164279905106,0.71761209774309,8.54061924437163,TRUE,""
"Pros1",-0.414363623999364,0.00792953490945286,-1.35967747126815,0.000170634770584332,0.023136887194255,0.984894512032904,11.3441966381619,TRUE,""
"Arid5a",-0.413820802600735,0.0170760541130161,-1.5343441189192,0.000229882986376133,0.588288218589591,0.252062947504266,8.99174977183709,TRUE,""
"Selenbp1",-0.411203826142704,0.026499055315197,-1.37776196342942,0.00619981284284708,-0.0186156060241043,0.992524007829322,7.6490042726351,TRUE,""
"Grk3",-0.409920933016298,0.00883244373167896,-1.37966965126564,0.00078088639772979,-0.527979766833166,0.341884967104164,8.73576001083235,TRUE,""
"Ace",-0.40950017091025,0.0149914602804395,-1.37487032598739,0.00149270618977141,-0.571659541599798,0.335214352946243,8.67643152221771,TRUE,""
"Chlsn",-0.408216143536426,0.0275190217314839,-1.20886023530768,0.0261698734808858,-0.124855746910731,0.929553873654706,7.94043422496421,TRUE,""
"Atrnl1",-0.408021581569091,0.0110398028613369,-1.41436713608571,7.75793835961697e-05,-0.372638054750945,0.437311590725072,8.7026648567608,TRUE,""
"Adgre4",-0.407366109700996,0.00375788303314359,-1.18049278482819,0.000695397872524323,-0.486496981441672,0.282559486020532,12.1109895191599,TRUE,""
"Cyp51",-0.405544300250502,0.0224780174408575,-1.36318139229356,0.00449657837748603,-0.0681310385815346,0.959740672025828,7.07374891857372,TRUE,""
"Niban1",-0.404117629252168,0.00192095153825441,-1.28008726200009,0.000278129107920548,-0.258673235199106,0.665408802997862,9.65929011973303,TRUE,""
"Susd3",-0.402717137801266,0.0164310703725493,-1.12471560331679,0.00804055001629087,-0.310490592116153,0.695339709041479,7.60748313191912,TRUE,""
"Hacd4",-0.401971124737031,0.0100105091549453,-1.30867379591788,0.00233421243078986,-0.129414317608905,0.896508405478083,8.47756676258505,TRUE,""
"Dennd2d",-0.401880764108465,0.0172493846632525,-1.2823148441461,0.00390873565853416,-0.4083115145309,0.580958232446463,7.81223102370409,TRUE,""
"Stk16",-0.400364677218963,0.0315743788762701,-1.34312945509693,0.0110430639575737,-0.415588335924231,0.665261682060211,6.76068357508893,TRUE,""
"Syne2",-0.399153219850494,0.0121789694617996,-1.3864249550669,0.00816521028318186,-0.479521240608389,0.589104871040835,6.20734075362603,TRUE,""
"9130004J05Rik",-0.399054481840585,0.00440074386126883,-1.27109171629275,0.00243430890538484,-0.53067931900113,0.368186960615117,9.52092592087786,TRUE,""
"Mxi1",-0.398428876889428,0.00386824272639338,-1.22602238993447,0.000418769942042236,0.0684461305348343,0.938339761387724,10.6717063869143,TRUE,""
"Tspan32",-0.397766206218622,0.00896605572537987,-1.17266517977005,0.00680737488353926,-0.21276409435766,0.823264292038817,6.57723488635444,TRUE,""
"Depp1",-0.397358054836745,0.032217597853558,-1.14932173091882,0.0272514897252986,-1.00237012900843,0.107672236694926,6.581528939331,TRUE,""
"Atosa",-0.397302571011254,0.0147728809486305,-1.22826984172154,0.00667821094090647,-0.967142851639737,0.0626841553190177,6.4761227042453,TRUE,""
"Rtn1",-0.39653522335702,0.00920717577593119,-1.20679724202196,0.0041374981123603,0.0300177808736137,0.984253624653321,7.21102536916883,TRUE,""
"Fam234a",-0.395981827443181,0.00906666668525825,-1.20537190933925,0.00204043140397346,-0.479155937528192,0.389909420481985,8.69124693084248,TRUE,""
"Lrba",-0.392783502233098,0.0307320622861934,-1.25373195874132,0.00941357169341242,-0.426895096286794,0.604716771213573,6.37248651788288,TRUE,""
"Spn",-0.392294951449924,0.00218893182307973,-1.07429090709231,0.000791088342020829,-0.347147055959853,0.458895102115212,8.25357376254797,TRUE,""
"Msh2",-0.390799530565288,0.00580808193761917,-1.19143836937237,0.00385882655501772,-0.710431470664141,0.166441694247069,6.17390515979429,TRUE,""
"Rarg",-0.390591920241152,0.0023504384688833,-1.25616238325599,0.000305713724804133,-0.231721948648197,0.706253975451894,8.54101843206371,TRUE,""
"Pygl",-0.390020172905509,0.0293364794549109,-1.3604705742092,0.00341308964763927,-0.240033070209909,0.807545303256254,10.4384093896384,TRUE,""
"Ear12",-0.38988974031582,0.00625210942030575,-1.192405865653,0.00259771814798748,-0.198409408550694,0.814403115988307,9.81049031173906,TRUE,""
"Depdc7",-0.389278512787216,0.0413674924366092,-1.09959965778961,0.0414526366185551,-0.43475438963862,0.650731928318195,6.96895815218091,TRUE,""
"Adam4",-0.389251359284707,0.0558622573523792,-1.4174920128562,0.0197457360868797,-0.0895527103820868,0.958488601356108,6.73849355930277,TRUE,""
"Csad",-0.388582900556855,0.0346224367311541,-1.26481722121204,0.00607195662299349,-0.848538806896085,0.130548418947525,7.52375695272847,TRUE,""
"Apln",-0.388021425531387,0.031641423128708,-1.20069228793145,0.0221288150448854,-0.0822083171467325,0.954546411569644,6.3759233817897,TRUE,""
"Srsf10",-0.387695187623818,0.00425535162649211,-1.14118270727142,0.00353428613900486,-0.450710227477026,0.439020375032872,9.14553708689556,TRUE,""
"Lbr",-0.387448756924576,0.0259054017442993,-1.30681184050693,0.00275575079506747,-0.075482037534897,0.947445668967542,12.1167015763883,TRUE,""
"F5",-0.386227613078958,0.0329830176576819,-1.25884794722754,0.00907865676051728,-0.558707623942913,0.440308633042798,6.40784094901413,TRUE,""
"Camk1d",-0.385061519752619,0.0186016176910533,-1.21947671111991,0.00921212464422517,0.202694992519453,0.845540874111098,7.12738110908597,TRUE,""
"Bcl2l13",-0.384019862481384,0.0172493846632525,-1.28554663511861,0.00265701088800317,-0.202036070748878,0.82749967860236,7.78997738374498,TRUE,""
"Evi5",-0.383607791132669,0.00166055093728133,-1.14263020151289,0.000826454386038366,-0.274712150443884,0.63832782006165,10.4171783965362,TRUE,""
"E2f2",-0.383439178920355,0.00204335557640452,-1.22308017220585,0.000211340138707327,-0.153836135915331,0.817762783623587,11.0625803394646,TRUE,""
"Tns4",-0.383013291263312,0.0177259994408727,-1.12210744780209,0.0115329459998659,-0.272767780114132,0.753386435689555,7.99940671175344,TRUE,""
"Akap9",-0.382072039505516,0.00636598652506093,-1.24859971021221,0.000593266323608656,-0.467439885917496,0.338274061270039,7.98089687460516,TRUE,""
"Ccdc125",-0.38200034131894,0.064995749998505,-1.27830725655952,0.00789660481260303,0.194089599612683,0.855601470790715,7.24442290355871,TRUE,""
"Selenbp2",-0.380616490057808,0.0281207017069045,-1.14838565992148,0.0187761909235545,-0.0921810624594785,0.943870767172363,7.12790850670146,TRUE,""
"Spcs3",-0.380546435034702,0.00291872093262003,-1.25971990847335,0.000130863398337556,-0.255300494231481,0.62833249026623,9.42831408121996,TRUE,""
"Ndrg3",-0.380335399830058,0.0186454282519783,-1.15332190767572,0.0138122506852164,-0.49536720532968,0.501291361678939,6.87984969174345,TRUE,""
"Ctdspl",-0.379525331285973,0.0588049493602623,-1.21143457861925,0.0338720681911902,-0.480161801042962,0.631100814951449,7.22517910129554,TRUE,""
"Tmem176b",-0.378647328366064,0.00422751136212231,-1.2600322066748,0.000294676330864168,-0.265979323155902,0.647955477727649,10.3228550906637,TRUE,""
"Degs1",-0.377657397687047,0.000205351828855178,-1.07914205996395,3.68231166463547e-05,-0.164662490860881,0.700002485913444,11.5408912695257,TRUE,""
"Pcnx1",-0.376620406803699,0.0114594839380242,-1.08620331708607,0.00739501163998539,-0.506256725575834,0.389260587814286,7.22157099868875,TRUE,""
"Itga4",-0.376599743361102,0.00683061912978588,-1.30253311945551,0.000241155570832531,-0.29086993154176,0.606256123377737,9.4195189674582,TRUE,""
"Ssbp3",-0.374779201427557,0.0126178437041768,-1.02325379608128,0.0139905100777268,-0.601826341322822,0.286897414901856,7.90574397441438,TRUE,""
"Cyp4f16",-0.373232584985238,0.00133125972570625,-1.14020192254278,0.00042608184156346,-0.0458042547963213,0.957607769097711,10.3848360664524,TRUE,""
"Acss2",-0.372227943422251,0.0303314658370444,-1.39533524201317,0.000381839355987276,0.181889156160628,0.824144373173517,8.75793325286078,TRUE,""
"Aco1",-0.371852655355215,0.00133497967295653,-1.05126885040282,0.000577074620379246,-0.248578918892981,0.626091056184897,8.78969238406363,TRUE,""
"Ccdc85b",-0.370188274221553,0.044010593012212,-1.18449779901214,0.018194816998123,0.0723931150087331,0.959417495295468,7.46919949883778,TRUE,""
"Atp1a3",-0.369843901936122,0.0723851645409368,-1.23933319210273,0.0280513795888594,-0.384311824133653,0.717676195261185,6.61786451373928,TRUE,""
"Nme3",-0.369679794086969,0.0387970318258136,-1.17797299203938,0.0195561533321075,0.00468869694552421,0.998359655855729,7.02693953269457,TRUE,""
"Sptlc2",-0.36922556490488,0.0886304911509301,-1.39425522649156,0.00271866389432928,-0.118858819599146,0.916495769483825,7.61789340327388,TRUE,""
"Serpinb1c",-0.368833068876926,0.0620379174837413,-1.43198021349384,0.00153336075191128,0.947078888926111,0.0624079130388661,6.23663415938209,TRUE,""
"Rasgrp4",-0.368528296086973,0.00984523427091458,-1.21368753491311,0.000795743980518422,-0.611855818642578,0.160404708048525,8.65714687300251,TRUE,""
"Fam43a",-0.368144453177091,0.0060324827558915,-1.2052482077422,0.000858367060583027,-0.0394231883904155,0.969398813142979,9.95361345909687,TRUE,""
"Trip6",-0.366696616275261,0.0331145866534591,-1.38642979715428,0.000921443400821323,0.588165323812115,0.283035187787231,8.30092110126202,TRUE,""
"Tdrd3",-0.365844348153096,0.0194029303336897,-1.09751037183941,0.00774830994422872,-0.592037972834357,0.288482274872363,7.58539051035437,TRUE,""
"Atp2a3",-0.364788581602684,0.0111511747595868,-1.30132404064996,0.000329511758035731,-0.150109828035973,0.842037607270462,11.2364995750065,TRUE,""
"Atp10d",-0.364266573410164,0.00229374897646127,-1.15353898462477,0.00042608184156346,-0.261300965756586,0.632735632186895,8.64240651477981,TRUE,""
"Idi1",-0.363856466234468,0.00750580556847114,-1.26161882243968,0.000353195917202169,-0.0526194675597029,0.95380510957801,10.7516991053176,TRUE,""
"Zhx1",-0.363773666472263,0.0126585399183543,-1.00540096337284,0.0141957588579888,-0.624149537645943,0.25267621691198,8.43676853648154,TRUE,""
"Tmem109",-0.362339282809966,0.0040188302554603,-1.1808321688745,0.000462308756140218,-0.37841165951667,0.42939684295962,8.87566143812901,TRUE,""
"Rflnb",-0.361564330190126,0.0293364794549109,-1.08104235592273,0.0461594890995192,-0.111657823224925,0.938339761387724,7.25714128489355,TRUE,""
"Septin6",-0.36149417120442,0.0368941680601089,-1.19177729570369,0.00922750005152095,-0.814213955545601,0.153645178372228,7.9372381503749,TRUE,""
"Padi2",-0.359922877897271,0.00113909015392481,-1.09095010613774,0.000433593965706019,0.130866320983355,0.839960440726749,11.2099712236353,TRUE,""
"Slc26a6",-0.359644360426317,0.0368941680601089,-1.18605890198236,0.0174014997833634,-0.312673497966353,0.748499940904106,6.43202434632596,TRUE,""
"St3gal2",-0.35928112200994,0.0511487475619611,-1.24631472981631,0.00441130159973786,-0.269609461333836,0.751459348985209,7.45790088578724,TRUE,""
"Klf4",-0.359092991592089,0.00057487888102,-1.05527658468232,0.000169375487164384,-0.339068566032402,0.354322602316199,10.4348412804562,TRUE,""
"Abca7",-0.358433708291224,0.013501871585739,-1.27912399263184,0.000431576432905282,-0.277573774157581,0.654095732513194,9.5993176199798,TRUE,""
"Gdpd3",-0.357734482913016,0.0106950878339653,-0.928411748975766,0.0035473573787841,-0.676508242448081,0.0624206257328713,9.0292433091284,TRUE,""
"Trps1",-0.357448783703961,0.0126585399183543,-1.08561786859504,0.00436442373953521,-0.473865334788337,0.388598712642394,8.59939622147571,TRUE,""
"Dusp18",-0.355191415731352,0.0247017300617709,-1.13703284748486,0.0020571709655404,-0.317959431134115,0.608124500118556,6.15061269105386,TRUE,""
"Rbpms",-0.355162182451244,0.00219962849062806,-1.09373005703392,0.00273135702466877,-0.69227755377562,0.108867470603243,9.68971899209347,TRUE,""
"Ripor2",-0.353305296802403,0.078146650727951,-1.2691214048794,0.00505544245651299,0.325268035952782,0.70006101408061,10.2645290982746,TRUE,""
"Aldh2",-0.352764813144588,0.00389947018610527,-1.16394551545408,0.0007920108708207,-0.12127292071037,0.873956609067671,10.9919375148194,TRUE,""
"Hlcs",-0.352273532676633,0.0966387853602906,-1.27468915139015,0.00659617774428646,-0.502953522581381,0.489884794535801,8.2218192780179,TRUE,""
"Cfhr4",-0.35216320629725,0.0862860976998174,-1.26461447560008,0.0187761909235545,-0.372939488215048,0.713921843484258,6.4209581656554,TRUE,""
"Abtb1",-0.351939687172246,0.0318343886548358,-1.11815237632894,0.0133618550448133,-0.572025648047781,0.381056583241745,7.3054114978812,TRUE,""
"Mmgt1",-0.351611794623518,0.00906666668525825,-1.02196844059793,0.00544580183441987,-0.303118279887864,0.639922113728908,7.77388900002045,TRUE,""
"Klhl5",-0.350060709783011,0.0324981524461824,-1.04071530652443,0.0236429175565396,0.152737167253187,0.887834070678303,6.65228353297936,TRUE,""
"Fam89b",-0.348899931615032,0.00515229901110205,-1.10244289153984,0.000826219839425458,0.126773955930371,0.858322553218604,9.83537933594733,TRUE,""
"Cep78",-0.34887529357266,0.0716705387040737,-0.980130139868784,0.0433545391295337,-0.23344933216036,0.826234575154185,6.24928685866058,TRUE,""
"Dicer1",-0.348500662217648,0.00612247918577372,-1.03231669814239,0.00338807251941672,-0.439326400628099,0.383641219028504,8.15938874797686,TRUE,""
"Ear1",-0.348176298721883,0.00718527660944718,-1.06444455940759,0.00249964620415854,-0.295330232651615,0.625506448042361,10.8932256843274,TRUE,""
"Gfer",-0.34814415550299,0.0293756887105785,-1.02648609424635,0.0227533673738652,-0.0567888930488616,0.96562572418518,7.0494745372697,TRUE,""
"Fam174c",-0.346903965787589,0.0275190217314839,-1.03019716989501,0.0218970006577047,-0.339258463272318,0.680723828412555,7.20614735668957,TRUE,""
"D16Ertd472e",-0.346582493006322,0.0614409357083887,-1.27073938365711,0.00276935078292374,0.101609577678731,0.924660795997116,8.60460945003024,TRUE,""
"Lman2",-0.34603672719575,0.00489260298311701,-0.998663309650709,0.00230778523610118,-0.148561008149928,0.835376893287486,9.50684601457148,TRUE,""
"Ctps2",-0.345816615555131,0.0644290974638161,-1.21149143468671,0.0225088546382563,-1.13765748277871,0.062342579356963,6.75428013614221,TRUE,""
"Hopx",-0.3451315994809,0.00904784576295795,-1.14764238878142,0.00126498315980169,0.123541952711548,0.87657206749823,9.60375186602418,TRUE,""
"Vps13b",-0.344974677245944,0.0057972419721901,-1.16298681037318,0.000695397872524323,-0.572966601877214,0.16477440814826,8.83778831992277,TRUE,""
"Tmem43",-0.344553105394263,0.00319618977684533,-1.01328617385592,0.00244642305571996,-0.120101080348988,0.872734773544571,10.2565309325527,TRUE,""
"Acsl3",-0.344281137548403,0.0100676885296409,-1.00653789263337,0.00674888405028082,0.168152115671121,0.838727624879167,7.29623992899908,TRUE,""
"D030029J20Rik",-0.343663258045883,0.034864634061137,-1.13718295308418,0.00929097921668436,-0.886615558427406,0.0838984648575674,8.24937731794135,TRUE,""
"Man1a",-0.343068744911726,0.0550818146724263,-1.15847025904127,0.0106132441247278,-0.264863318731448,0.770585410180557,7.41903381204489,TRUE,""
"Sft2d2",-0.342886284378374,0.00328859103465359,-1.1659617093547,0.000123883662867399,-0.457333596831059,0.196612415349486,10.7071329295114,TRUE,""
"Ak3",-0.342197258399704,0.00109190409283035,-1.08211963895327,0.00036972349226864,-0.143794397091609,0.818568683091125,10.1521976012821,TRUE,""
"Ear4",-0.342060632334453,0.0417354039288908,-1.07861809511777,0.0134952203937068,-0.482880608397529,0.473420261816452,10.3454259892246,TRUE,""
"Mboat1",-0.34090141676091,0.021850904144845,-1.14033663192274,0.00332847284897366,-0.357785839199133,0.575750817182382,8.34706489828026,TRUE,""
"Ipo7",-0.340840896465783,0.0340408050505998,-1.00971122007492,0.0157308736090542,-0.14225977186281,0.884933311570765,7.28655294278128,TRUE,""
"Emb",-0.34008299206796,0.00657359429455544,-1.20363894688292,0.000106753463964756,-0.356894800644803,0.378549253195297,11.5413817861554,TRUE,""
"Metap1d",-0.33944999915351,0.0878156209021298,-1.22093428806028,0.0124326720995564,-0.479286225066617,0.54505425432366,7.2530200574315,TRUE,""
"6430548M08Rik",-0.339441615503431,0.0106514033089872,-1.1024420942734,0.00112632121727281,-0.523961667241762,0.218845477968293,10.4013437590981,TRUE,""
"Arhgef37",-0.3394053353751,0.0422676002002705,-1.2161312848439,0.00198539946210426,-0.206352206228303,0.800191883513691,8.18717453787003,TRUE,""
"Ap3m1",-0.339223907284368,0.00803165039548306,-1.16894983208829,0.000377534026701677,-0.221589121256187,0.705456965989237,9.16508835125797,TRUE,""
"Mef2c",-0.339186151673604,0.00528555157866046,-1.08555979689943,0.00117975535904055,-0.524776864266096,0.211228671073041,9.79064294639256,TRUE,""
"Dhcr24",-0.338393813515675,0.0623841387817421,-1.19614610983692,0.0215971732094372,0.800530920672371,0.244033711286008,6.34425417085785,TRUE,""
"Golim4",-0.337687550062415,0.0126585399183543,-1.10076832933526,0.00231255470115054,-0.505835075973069,0.294536635118711,8.06464027095751,TRUE,""
"Kpnb1",-0.337154426638945,0.000858486096526582,-0.925615796338228,0.000270817900519295,-0.478854699789608,0.086501566074362,9.58194053212681,TRUE,""
"Cbr2",-0.336739884846638,0.0624741781027604,-1.1409225283822,0.0344905189442204,0.21236756129008,0.858848060037391,6.13018441738296,TRUE,""
"Mapk8",-0.336603786163631,0.00192863835056114,-0.950726644859455,0.000698834575714473,-0.556550281229473,0.0765378982696398,8.40030604109017,TRUE,""
"Sqle",-0.336533502928856,0.0603219052305528,-1.26816474972441,0.00138548576823666,-0.204465161915826,0.803192002218007,8.31816076727738,TRUE,""
"Setx",-0.336387644857989,0.00166055093728133,-0.945759232638022,0.000825964595829132,-0.257517401571407,0.567035015914929,10.0919182596946,TRUE,""
"Lima1",-0.336305433155076,0.0474309779828055,-1.24860592737211,0.000775925477048752,-0.488047513954047,0.326501333544238,8.36816121146765,TRUE,""
"Iqgap2",-0.335799222864168,0.00917950204158656,-1.08111478300874,0.00176796615247142,-0.0906921431873258,0.913160400145561,11.481526401334,TRUE,""
"Bcr",-0.335183361752264,0.0180463515806125,-1.07288605755569,0.00810644784172544,-0.107733410803708,0.913404842909882,6.77018518571484,TRUE,""
"Smarca2",-0.334234844701969,0.00147510787706703,-0.961785386750275,0.00105063110114764,-0.595041460869055,0.0713852271578819,11.9849011090821,TRUE,""
"Ear3",-0.334137704938448,0.040556523747738,-1.09203978303431,0.0105476040582373,-0.201635067419806,0.830725376997221,9.69044925529278,TRUE,""
"Il17ra",-0.334103934270556,0.00917950204158656,-1.14186949756223,0.000488068892707285,-0.353680198645803,0.455238490121348,9.53987119305685,TRUE,""
"Clec2i",-0.333919365324897,0.0164333214653501,-0.983084065627642,0.00614353229980873,-0.518132596154677,0.283891170119822,8.46111240885327,TRUE,""
"Tnnt3",-0.333541910219271,0.0947022795936377,-1.24365574476517,0.0119828261940794,0.635073481498974,0.372565221440131,6.31598191557827,TRUE,""
"Cfap74",-0.333455094097883,0.0479173322972358,-1.00884853800981,0.038515934059089,0.147293571063386,0.897478282344416,7.029090053961,TRUE,""
"Hfe",-0.333150611250492,0.0149914571551587,-1.01279494406392,0.0135180621323839,-0.171640908245372,0.850309486405788,8.90523354885534,TRUE,""
"Asap1",-0.332953240606164,0.0205734758532306,-1.16115907055794,0.000807903800335202,-0.191035362516489,0.777822847362599,9.67399430045623,TRUE,""
"Lpgat1",-0.33248975832588,0.000600307057742203,-0.990038802666447,0.000162219157945306,-0.415851906820993,0.170635084281403,10.2229349775313,TRUE,""
"Klhl2",-0.332311925255983,0.0206178939745186,-0.961300864604914,0.0161986233112761,0.217771735906103,0.794060866759837,8.29449624371457,TRUE,""
"Xpr1",-0.332309649420207,0.00425535162649211,-0.958356866773894,0.00189847125138718,-0.49281101277835,0.206814648966615,9.90698823960016,TRUE,""
"Rere",-0.332151518603005,0.0172764002178359,-1.07426554262534,0.00274925770027993,-0.151405509337746,0.847777227338494,11.4801640590879,TRUE,""
"Rassf3",-0.331784811339235,0.000503729485563881,-0.963223299900889,0.000167519918246658,-0.310598774402589,0.352058114259282,11.4758635494974,TRUE,""
"Arhgap23",-0.331093098991593,0.0164150701033994,-1.01824142954539,0.00951406288317722,-0.401299893146513,0.520263267509919,7.984419831639,TRUE,""
"Cd37",-0.331042790606686,0.0335205386147049,-1.06143860667443,0.0116375061437364,-0.682170191183232,0.210258603664355,8.55354660437886,TRUE,""
"Map3k4",-0.330388447999981,0.0186168943248904,-1.05398927243654,0.0111280333545294,0.120027283406757,0.904511755086549,7.17263629944969,TRUE,""
"Foxred2",-0.328964777741958,0.0546374248188048,-0.855227017648502,0.00117966601087467,-0.127861443027932,0.820297644532982,9.2783545777876,TRUE,""
"Csgalnact2",-0.328654386553868,0.00803165039548306,-0.962997439900288,0.00708516760893815,-0.244009237132394,0.71761209774309,10.5556768896669,TRUE,""
"Mki67",-0.328567149614551,0.0456058853891219,-1.01712954754287,0.0150752980475707,-0.448132634728663,0.493348766637943,7.43709888993114,TRUE,""
"Ear10",-0.328464053356631,0.0314331711333045,-1.05203084022885,0.0110430639575737,-0.541444202684399,0.357773447492972,9.47247486179112,TRUE,""
"Unc119b",-0.327386156933528,0.0190419851403417,-0.987251673824474,0.0110197897876396,-0.512477477944954,0.352058114259282,7.87453149947297,TRUE,""
"Brd3",-0.327371766341051,0.00158730335882844,-0.872106466387416,0.000709058429945468,-0.518169492249106,0.0709854910222231,10.9060344522222,TRUE,""
"Zfp706",-0.327004012646624,0.0400572664436566,-0.973358672273744,0.0464707540188647,-0.828259669421492,0.175926378683254,6.33977752204336,TRUE,""
"Ccnd3",-0.326859821987676,0.010083078773959,-1.13455927488309,0.000664142555632951,0.0527886514540601,0.951153111101562,12.0296491091023,TRUE,""
"Rala",-0.326622999836732,0.0551961761828814,-0.915739201774148,0.0225172948726265,-0.289934752834085,0.699978120604625,7.52685742232689,TRUE,""
"Cyp27a1",-0.326289550731448,0.00921874433918824,-1.11033869543395,0.000593266323608656,-0.413760943544679,0.341823997107634,9.98214628662606,TRUE,""
"Fry",-0.326164117662867,0.0138697177391845,-1.03000013219568,0.00771345699783183,-0.377313117679764,0.546428324440158,10.4136183793232,TRUE,""
"Hsd17b4",-0.324827024160397,0.00601374729150112,-1.09340639471823,0.000827613108419243,-0.245184998524687,0.66903658060215,9.1809656273929,TRUE,""
"Ugt1a2",-0.323532225528646,0.0049461093575777,-1.0884143297539,0.000194355271264382,0.19311725338177,0.704169278983356,11.282465050423,TRUE,""
"Mtap",-0.321802312391318,0.00741645834430989,-0.954132428098583,0.00473520227267343,-0.165290001381644,0.823264292038817,8.66811515911929,TRUE,""
"Fam117b",-0.321278185560927,0.00694330601435383,-0.872069605419149,0.0116375061437364,-0.410897831643247,0.426527262250541,11.2743692663541,TRUE,""
"Nr4a1",-0.321003524732963,0.00276146377789292,-0.955670170088373,0.00132169282694957,-0.233587512181106,0.653595647769122,10.8305846067537,TRUE,""
"Calhm2",-0.31992562766688,0.0976792557194476,-0.97726062861426,0.0496924793188566,-0.10182862761463,0.938339761387724,7.64441806727541,TRUE,""
"Ap2a2",-0.319009720958009,0.0221295070371066,-1.12270822942701,0.000950174785734264,-0.205384902544726,0.749036685017609,8.53302870834302,TRUE,""
"Tnfrsf21",-0.318899500663444,0.0371398988471326,-0.967985613117696,0.019379688827805,-0.0853110204842551,0.938339761387724,11.5197754596533,TRUE,""
"B3galnt2",-0.31887090201827,0.0130956605053324,-0.904994733560991,0.00830194719462017,-0.21193746507687,0.751895079145084,7.82143414829276,TRUE,""
"Syk",-0.318280424643375,0.00128305718050845,-1.0026838352364,0.000623527447906091,-0.0582375522731517,0.938339761387724,9.05396717341948,TRUE,""
"Slc4a7",-0.318240042327892,0.0644290974638161,-0.954390846222502,0.0473922124879795,0.0176501198859986,0.992524007829322,7.31207012916403,TRUE,""
"Ear2",-0.318211834067193,0.054619908634667,-0.972145110560319,0.0294296523915536,-0.476934793043258,0.491424216462828,10.9128887114497,TRUE,""
"Mrpl57",-0.318168174327455,0.0498974911616636,-0.906959450113755,0.0448248735610655,-0.270443371594021,0.759848880087738,7.87675728259768,TRUE,""
"Plxdc1",-0.31795503605419,0.00487631724649358,-1.05493711186762,0.000376703172176472,-0.251923115817329,0.59798138679552,8.89763878038969,TRUE,""
"Smim13",-0.317911201713205,0.00259389592806958,-0.988221644871953,0.00051260323575121,-0.395696056639663,0.280808974509749,8.94687677614875,TRUE,""
"Pex26",-0.317333525094427,0.0185551730293943,-1.06125733211403,0.00279103107322899,-0.357927739222168,0.520263267509919,8.06116082785695,TRUE,""
"Wdr3",-0.317302642717097,0.00123834802995872,-0.933872576505719,0.000382138570836392,-0.428705854501329,0.170635084281403,9.45066587980169,TRUE,""
"Tceanc2",-0.317219930450211,0.0124476099710975,-0.915088664877929,0.00773904193279304,-0.523430706606842,0.250615851170782,7.90225606758602,TRUE,""
"Galnt10",-0.317001014559747,0.0214425197991526,-0.995295594197163,0.0102275557415999,-0.129701955664292,0.88683166654604,8.20625906559118,TRUE,""
"Chml",-0.316232840476773,0.0180463515806125,-0.925939996450167,0.0307767097198207,-0.520137866939621,0.405928455229626,7.96886977738956,TRUE,""
"Dock8",-0.315731944123724,0.00425535162649211,-1.06725316088165,9.42369285607925e-05,0.252759776142293,0.517934264225544,10.3379780273028,TRUE,""
"Prps2",-0.314638111220843,0.0128582585302547,-0.990356623459725,0.00556536612686646,-0.19771019435132,0.78704692720699,8.48567081402875,TRUE,""
"Arhgap26",-0.313808298433761,0.0987603243263735,-1.20818218316499,0.00379387596324021,0.043189010457203,0.972156242302878,10.1297181045109,TRUE,""
"Kmt5c",-0.313791711494712,0.0328853928852944,-1.00617245342393,0.00573772238090321,-0.630998505671714,0.16477440814826,7.92838743127537,TRUE,""
"Cyb5r1",-0.312281599825298,0.00223294194192234,-0.897390427014694,0.00121771080193433,-0.181970658557574,0.721998816143618,9.7775008311828,TRUE,""
"Me2",-0.310468260395179,0.0166305501402206,-1.12043796094599,0.000363639149775333,-0.136587195521553,0.835540767893291,10.2550405723625,TRUE,""
"Reep5",-0.31004538281173,0.000964584495981308,-0.881744490495363,0.000603465423611919,-0.132095435067111,0.799980179102407,10.1325139662877,TRUE,""
"Tmem81",-0.309191372895534,0.0830608841161022,-1.06916203681625,0.0274332519361499,-0.13926743658509,0.904827881852335,6.44206345979363,TRUE,""
"G6pc3",-0.307840542224209,0.0479634911837153,-0.987650244044652,0.0321298823348012,-0.0438888081740973,0.975757100426721,6.32896551022903,TRUE,""
"Chd9",-0.307810206837881,0.00783260978070027,-0.895980974198169,0.0130472976835158,-0.0690408437863237,0.942429687093244,9.25510549729789,TRUE,""
"Arl2bp",-0.30764776897069,0.0484839420416493,-0.904291160739919,0.038515934059089,-0.0665493580732459,0.955429408795115,7.06502216263589,TRUE,""
"Stk38",-0.306351396613606,0.00646725567716764,-0.822350713046125,0.00473520227267343,-0.0160304716664044,0.987870376154608,10.0963614300483,TRUE,""
"Poglut2",-0.30517333695438,0.0196734418811336,-0.889039962315879,0.0131657886512681,-0.14078236893295,0.859859199596937,8.23570553378311,TRUE,""
"Abcb7",-0.304122650124593,0.00105829249187764,-0.915098036609407,0.000279773179517157,-0.323700175156608,0.322897580474408,10.7968432795196,TRUE,""
"Pnpla1",-0.302840999044971,0.0795630544620232,-1.04259847944315,0.0452976545317444,0.352450858476731,0.719020846699108,6.60925387230751,TRUE,""
"Gtf2i",-0.302455856882186,0.0408555765879274,-0.858025130167163,0.0252351409701719,-0.736920129134973,0.108680785938276,8.29548168203504,TRUE,""
"Ncbp2",-0.302139283989672,0.0159733085923323,-0.899075983932434,0.00713585497075351,-0.167243653015964,0.818404567331789,7.99638756879991,TRUE,""
"Sulf2",-0.302088104279196,0.0795630544620232,-1.18505934694379,0.00173966448661918,-0.314126135074503,0.629369422071266,8.78081993397456,TRUE,""
"Rap1gap2",-0.301909293557517,0.00308781013462168,-0.947118362040344,0.00110634196386497,-0.221320908438265,0.665013322930674,10.3997545371415,TRUE,""
"Usp24",-0.300570539517534,0.0261348707861942,-0.859773110281852,0.0127978394699424,-0.372637878777757,0.489364020713336,7.9977651077368,TRUE,""
"Ppp1r12a",-0.300010575435005,0.0152233428123987,-0.991487104541932,0.00333807119437845,-0.0709815590822007,0.936773664441597,9.07206806657022,TRUE,""
"Kctd12",-0.299955815334624,0.00409040554380746,-0.961277898903965,0.000799942566357628,-0.443576462101831,0.214400998326106,11.052064435472,TRUE,""
"Itgal",-0.29918438851074,0.04059578545202,-1.06453845101816,0.0038110521310105,-0.404461975374554,0.469926843932686,8.53398640498902,TRUE,""
"Tlnrd1",-0.298962447997674,0.0493967488139875,-0.784461554574997,0.0477058128693289,0.247873559606107,0.74471326516503,7.18112399666205,TRUE,""
"Aacs",-0.298808165272354,0.0690887877671236,-0.947832127266484,0.0266827834617333,0.0486244963299942,0.96899387052498,7.13963263331622,TRUE,""
"Btbd10",-0.298369959923,0.019912790124554,-0.822089055449622,0.0193817143949736,-0.0230738950759388,0.985896174196201,8.82025729543502,TRUE,""
"Elmo2",-0.298000878103128,0.0328858265168419,-0.960925989690395,0.010403861511015,-0.776617889092566,0.075979722217935,7.5379576313386,TRUE,""
"Dna2",-0.297427327521078,0.0049461093575777,-0.859439491919812,0.00322194997558861,-0.107226917224667,0.868114237919219,10.85869833676,TRUE,""
"Glrx5",-0.297191349836991,0.0220763973752896,-0.846358924835606,0.0255115059371916,0.228605131995112,0.758686765246007,7.87594301590673,TRUE,""
"Cd2ap",-0.297112459748012,0.0315743788762701,-1.06636486517678,0.00252721294812465,-0.214660850850112,0.751895079145084,8.42075411802792,TRUE,""
"Ndrg1",-0.296489492844761,0.0116884233831984,-0.869373503759444,0.0185579844484126,-0.0430089563290768,0.968759212289615,10.0212335856059,TRUE,""
"Pkd1",-0.296487579659826,0.0421863512699713,-0.927625471204197,0.029938644013457,-0.30716586244494,0.70060803920306,7.31988167174083,TRUE,""
"Lmbrd1",-0.296308046376286,0.0505314227561693,-0.828856566516238,0.0492434125014038,-0.290780751236202,0.712174272434604,6.67133624585995,TRUE,""
"Slfn3",-0.295690817135622,0.0738463803088876,-0.977029250071895,0.0312424851485925,0.970612836940814,0.0620452424088775,6.17175235456149,TRUE,""
"Msmo1",-0.295343973233474,0.0205734758532306,-1.02203907329615,0.00386954414964378,-0.113494018595107,0.890430975045294,8.91904512485,TRUE,""
"Prmt3",-0.295214014141952,0.00125598806840295,-0.854082293416891,0.00027214884507403,-0.371240835936913,0.181387541819694,10.4855288872185,TRUE,""
"Sub1",-0.294685113955831,0.0467835746769901,-0.98080886096768,0.0153430539538389,0.12172302350987,0.898867218324546,7.14765746436565,TRUE,""
"Septin9",-0.293936690606552,0.027717747073354,-0.910874992819713,0.00910183035745285,-0.251805050350212,0.70060803920306,8.71109048675423,TRUE,""
"Hsph1",-0.293382645120183,0.0139838544363922,-0.840084619806273,0.012489838034682,-0.143937979465257,0.848070575090001,11.3703946981695,TRUE,""
"Adrb2",-0.293331626628805,0.0214402810325424,-0.935792452080939,0.0254790478460216,-0.334997162967547,0.655917952065011,10.4150112228314,TRUE,""
"Hook3",-0.29246694108129,0.0139838544363922,-0.789441568586042,0.027016735162928,-0.670262722693685,0.121663683564622,10.2064436105713,TRUE,""
"Kiz",-0.291391564501096,0.0525354404619566,-0.891058585979595,0.0262015322269528,-0.56194313394374,0.304360539064406,7.44339615302695,TRUE,""
"Cyb5a",-0.290937065728961,0.0590639556343142,-1.02113720914736,0.0038568399030052,-0.471200638261998,0.337602636947098,8.48389731153222,TRUE,""
"Cers5",-0.290624661480108,0.000890738721340172,-0.882201644956057,0.000755554207527273,-0.425959645628136,0.181387541819694,10.4582060424305,TRUE,""
"Prep",-0.290582550803245,0.0205323068170647,-0.980724472662548,0.00352455284597867,-0.174051021012044,0.807166722822697,9.72220955304693,TRUE,""
"Tmem268",-0.290271915295865,0.0256985293749707,-0.994821220237072,0.00531118832800462,0.396751882960677,0.464802768416319,8.74105732318234,TRUE,""
"Rras",-0.290010621378639,0.0394448679102121,-0.938346799088388,0.0116375061437364,-0.240470238020665,0.738749847278625,9.65663968370263,TRUE,""
"Dock5",-0.289933067289345,0.0159733085923323,-0.763596436128898,0.0146730565149612,-0.299025590298863,0.561174528582204,9.42858262467907,TRUE,""
"Hspa4l",-0.28943190368214,0.0112403908125558,-0.859032008161573,0.00890106592494342,0.188863123299022,0.776123250991536,8.85559240408096,TRUE,""
"Hnrnpul2",-0.289192382056573,0.00306655965651637,-0.831675089145294,0.00282604079024165,-0.117722883482241,0.847777227338494,10.8433230570423,TRUE,""
"Atg9a",-0.288609172994093,0.014247104298077,-1.00019017935571,0.00126923869737007,-0.176444974373718,0.770585410180557,8.91694275115612,TRUE,""
"Eeig1",-0.288423869438651,0.00125598806840295,-0.904730888383957,0.00629914772380633,-0.325509492785002,0.54175006034754,9.79582023437783,TRUE,""
"Atp2c1",-0.288303983761139,0.0716533951023508,-0.844881082612527,0.0321856770706178,-0.208494685649788,0.802218152445081,9.97575943200471,TRUE,""
"Mtus1",-0.287971031275689,0.00147510787706703,-0.762273004428579,0.000826219839425458,-0.0875474148125601,0.858322553218604,10.4729016847975,TRUE,""
"Pigk",-0.287850364681191,0.0232958398693645,-0.906712987024018,0.013664578676145,-0.0546170905816075,0.958085425219585,7.92317935461942,TRUE,""
"Gm13498",-0.287359741222721,0.0474309779828055,-0.959800600960563,0.016398918552424,0.52128136673962,0.360393150527803,8.83143093861617,TRUE,""
"Mapre2",-0.287233597207958,0.00106149738471731,-0.858048653525318,0.000496659390623937,-0.450730100411054,0.110403797788712,9.99025354685922,TRUE,""
"6030458C11Rik",-0.28657925454831,0.0171329343166549,-0.833386921904246,0.0338899940508402,0.160258227304396,0.852676042233913,7.45485444994974,TRUE,""
"Tstd1",-0.285492523347208,0.0346224367311541,-0.962344307240493,0.0182249014218081,0.039260784759886,0.975462823413748,8.21558651035597,TRUE,""
"Nabp1",-0.285301104743902,0.0413086709617589,-0.990361948127652,0.0112497602765231,-0.0782401004876441,0.940317190859413,8.76609013335854,TRUE,""
"Arpp19",-0.284822963450807,0.0183578381574748,-0.86010196736406,0.00864839113203853,-0.419264925177115,0.372565221440131,8.28230979366439,TRUE,""
"Nr1d2",-0.284779531258493,0.0245932439962633,-0.958145263335664,0.00356444925778837,-0.665801671360718,0.0807476751675324,9.27614204854132,TRUE,""
"Sdf4",-0.284725542031743,0.0368941680601089,-0.894947274862365,0.0149873238131244,-0.456824320274936,0.393482290630766,7.48335886428223,TRUE,""
"Cnst",-0.283829325639371,0.00998980169210499,-0.718177838724724,0.0119407432104208,-0.412514796451667,0.286897414901856,9.40554036284713,TRUE,""
"Dpagt1",-0.28357340356693,0.0172493846632525,-0.892672238891056,0.013250815128805,-0.13968856640027,0.861937756211686,8.88621595593883,TRUE,""
"Cat",-0.283479619911901,0.00220864495838767,-0.872402655138346,0.000530398911603875,-0.124528539443842,0.809286557333898,11.9079193228436,TRUE,""
"Samsn1",-0.282791203211836,0.0224433449070325,-0.7290886937124,0.0288135588117466,-0.00639896408742224,0.99757014985317,12.0741664441527,TRUE,""
"Ttc27",-0.281089090650432,0.0818685647785925,-1.05841391606173,0.0110197897876396,0.0365261589393064,0.978971639391866,6.68468913906472,TRUE,""
"Zfp362",-0.280660274646622,0.0115184191540419,-0.737581743488837,0.00633996502852537,-0.401410111806115,0.265451053428393,9.15294789373256,TRUE,""
"Slc49a3",-0.279781386038657,0.00742943831090851,-0.889149931822503,0.00667821094090647,0.681925075102033,0.0725312116148174,10.067626456347,TRUE,""
"Map4k4",-0.279694019502584,0.0269566866181059,-0.855496956229679,0.0113891519713699,-0.218062231370686,0.739947161259618,11.0496504592079,TRUE,""
"Dcps",-0.279566408473421,0.0566418206566196,-0.978317637404172,0.0108997355908378,0.173598862141801,0.838892486730544,7.70239871062153,TRUE,""
"Irak1",-0.279538708570539,0.0102601948684503,-0.825454919185857,0.00761618353284365,-0.0934750706691752,0.897914933853475,9.26314358874864,TRUE,""
"Tnfsf14",-0.279513166462803,0.0330982853212774,-0.901575026024314,0.013905874937815,0.739171933174446,0.0871589382288585,7.99561043284818,TRUE,""
"Adpgk",-0.279350270384484,0.0241751236460161,-0.94952391108499,0.00356448738124618,0.00860471453515821,0.996338781300125,9.11082725222224,TRUE,""
"Pdp2",-0.278079104230332,0.0100676885296409,-0.817120693065,0.00712007653438121,-0.0892145776057021,0.900922359591482,9.28605441853462,TRUE,""
"Emilin2",-0.276801125252206,0.0225991670037169,-0.951493686965687,0.00214422193322419,-0.205961572434925,0.721003121215271,11.884233091055,TRUE,""
"Mcemp1",-0.275666465691508,0.0948712719280315,-1.03441887523339,0.0112774469836196,0.277033615040041,0.720814214218131,10.1609497096486,TRUE,""
"Zfp326",-0.275349121089948,0.00697930787106512,-0.77061384038106,0.00681812369240095,-0.401213097101589,0.301684785076899,9.87507178343811,TRUE,""
"Orc3",-0.27444179721367,0.0577932593064193,-0.859276107896513,0.0379755362569869,-0.409591472278751,0.537223018321125,7.61145207117374,TRUE,""
"Cul5",-0.274305158195385,0.0245857338273414,-0.843684315577479,0.0142539453535614,-0.214560570581432,0.751109943647283,7.87644253419107,TRUE,""
"Timm21",-0.274030540804262,0.004568791004072,-0.85604436300155,0.0014935278216465,-0.159625582150682,0.757977029070953,9.4357300683225,TRUE,""
"Meis1",-0.273664822649945,0.0931185955105861,-0.958984314654771,0.0345758075299002,-0.244390086681278,0.796067312975535,7.61243474748275,TRUE,""
"Serpinb1a",-0.273624906257381,0.0763351576201989,-0.991822648209388,0.0171463672343523,-0.0184820212352754,0.99022646533644,6.13341082103166,TRUE,""
"Bltp3b",-0.273274461808625,0.0744665620133909,-1.0483811548143,0.00276935078292374,0.375280501310625,0.485068196387742,9.22186496123464,TRUE,""
"Pccb",-0.27222868282606,0.0686724082591829,-0.883369401462986,0.0334722397587789,-0.708978567883293,0.173240451271729,7.50085322236811,TRUE,""
"Ubqln2",-0.271164089279744,0.00967297807175502,-0.808590003077842,0.0025576120831689,-0.381529562473697,0.284974797688861,8.79335547222843,TRUE,""
"Elac1",-0.270251879128775,0.0306213782481771,-0.861822265093771,0.0123736478865555,0.0219467613801605,0.98615160717505,8.18042045895605,TRUE,""
"Arhgef1",-0.269780956240373,0.0262254691208607,-0.794784412933906,0.0390243475939166,-0.261941356753287,0.71761209774309,9.31925441044901,TRUE,""
"Pon2",-0.269242573746021,0.00209772448483453,-0.775925810773371,0.00148198970033897,-0.273718706825235,0.445961043567954,10.4512106299779,TRUE,""
"Utp6",-0.26889121467883,0.0424592392902548,-0.726636740130446,0.0334722397587789,-0.657523033403482,0.106873314545185,8.26660004140602,TRUE,""
"Prr5l",-0.26821775963043,0.0275322043148235,-0.849563384262032,0.00762264749838181,0.347857840367784,0.479550027507285,8.37764976585499,TRUE,""
"Kif21b",-0.268202160924043,0.0198113647132466,-0.73529960845457,0.00998216263500568,-0.409432321681495,0.29029899915252,9.15007899207738,TRUE,""
"Flvcr1",-0.267745915751941,0.0313641370893837,-0.792881810969094,0.0257808077978408,-0.146343940670652,0.851559552175278,12.0256906822514,TRUE,""
"Ebpl",-0.267537099137854,0.0351914255989497,-0.684212213514642,0.0425537729735561,-0.18486139367077,0.791444793257303,8.4438228704708,TRUE,""
"Treml4",-0.266758621141449,0.0350023519120514,-0.862765364088789,0.0130216042201455,-0.080342132273822,0.92941803560709,8.114828800846,TRUE,""
"Glo1",-0.26675618946665,0.0118515679983151,-0.858311674552843,0.00342301128905993,-0.332956817105593,0.447201075715596,9.59774928107606,TRUE,""
"Tbc1d5",-0.266734766301348,0.040288252016779,-0.870845736449785,0.0142460254461082,-0.236893365494762,0.727479980370988,8.15278560900427,TRUE,""
"Nadk",-0.26638709908609,0.00917950204158656,-0.79020716351226,0.00609731583019657,-0.284900430713909,0.538083896865628,11.6188913566203,TRUE,""
"Fcer2a",-0.266276721189802,0.0968701117695181,-0.995101727328395,0.0115325383062108,-0.100074505355703,0.919291096411392,9.02230580200091,TRUE,""
"D2hgdh",-0.266078322906967,0.00762045556495492,-0.732935844909836,0.0028006402048584,-0.135690363954687,0.784625498047023,9.08874713672096,TRUE,""
"Zfp518b",-0.26448842906079,0.0954686065686826,-0.89569415661508,0.0313324412956841,-0.504627544621579,0.405928455229626,7.47202528241934,TRUE,""
"Vcl",-0.264350895097532,0.0193302105068943,-0.881318346616577,0.00291714513475452,-0.216689686547369,0.690261303020215,11.9965246568132,TRUE,""
"Slc22a15",-0.263904379136519,0.0331145866534591,-0.882759964887389,0.00668658918071669,-0.39922511731144,0.398936307972727,8.49803389364497,TRUE,""
"Zfand1",-0.263853731302835,0.0248738562815051,-0.718280685693531,0.0297824903629005,-0.155413012459105,0.830725376997221,7.91953064463045,TRUE,""
"Herc4",-0.263284526294748,0.00189614346526395,-0.832868675957789,0.000354190663569271,-0.26387066167883,0.418275168344735,11.0405803605862,TRUE,""
"Cytip",-0.262410209602719,0.0245857338273414,-0.835875914603314,0.0101295655231934,-0.212241531375543,0.733945942080572,12.8777807689161,TRUE,""
"Fancl",-0.262188587562827,0.0419752041932344,-0.88260357633014,0.0124353529380427,0.0072245389083605,0.997522173058434,8.140949851195,TRUE,""
"Qdpr",-0.26212031280049,0.0205734758532306,-0.647204940108045,0.0331137611061536,-0.173242924961558,0.777169758092862,9.51111726907527,TRUE,""
"Chsy1",-0.261735445984221,0.0119487568698117,-0.715603357213476,0.0116375061437364,0.257397911692516,0.594571616087049,11.5567730233835,TRUE,""
"Kdsr",-0.261552986381807,0.0126585399183543,-0.691016800870718,0.0171049788407014,-0.643987167774592,0.0517474867491517,11.1828222506885,TRUE,""
"Mettl21a",-0.260412649627522,0.00395363963881238,-0.779512514686962,0.00246904561868288,-0.201135091230769,0.661650189299854,9.41939176876954,TRUE,""
"Hcfc1",-0.259270953543326,0.00894702404899159,-0.748703784444404,0.00749638925994269,-0.080557888790409,0.904827881852335,11.9584403482349,TRUE,""
"Rassf4",-0.258715958674466,0.00636473770104431,-0.800486510250343,0.00203296127718388,0.0131737224803015,0.98871756430502,11.6153072280817,TRUE,""
"Kifap3",-0.258439212950574,0.0550901215613942,-0.745321514644386,0.0460932066853033,-0.456964536061371,0.397633373974103,7.79500378641234,TRUE,""
"Tpd52l2",-0.256606110822221,0.0206795415907893,-0.726635213625025,0.0260954035111024,-0.378663633531906,0.439090290868413,8.51455232747568,TRUE,""
"Serbp1",-0.255780176251317,0.0113635730994117,-0.762095613541733,0.00441183598081965,-0.304926091527328,0.447279498847157,10.4070590414051,TRUE,""
"Ift140",-0.255532148304076,0.00925299094328251,-0.690281775090747,0.00708516760893815,-0.332343936257205,0.360946079639835,8.65115643649735,TRUE,""
"Ap1ar",-0.253040958912203,0.0183143331710412,-0.665881242044977,0.0144286136269743,-0.0834195831094053,0.896508405478083,9.13048658338169,TRUE,""
"Man2a2",-0.25233297039936,0.0614136043375165,-0.76247364904602,0.0283493796342271,-0.473620506771862,0.326509858768209,9.7370593626088,TRUE,""
"Ankzf1",-0.25220063081274,0.0899287553780851,-0.82178302228373,0.0462151884615237,-0.104113209044058,0.918504433618085,7.14113674646025,TRUE,""
"Tpcn1",-0.252175746080554,0.0926313426443645,-0.767751045353125,0.0391885170112369,-0.542066888056245,0.278600481940492,7.91907910517536,TRUE,""
"Kdm6b",-0.251138696900487,0.0242419826389726,-0.888010401228915,0.00142672816215458,0.132874416215786,0.824285920467645,10.3435381679517,TRUE,""
"Zbtb44",-0.250990834926979,0.0266733903066284,-0.628233988860493,0.044330643064703,-0.372978328535702,0.417753808434817,8.38159290557288,TRUE,""
"B4gat1",-0.250966231844039,0.0358010658221523,-0.627372123929931,0.0358411223548174,-0.139142792212178,0.832772725617624,8.69871737839046,TRUE,""
"Thap11",-0.249354253298505,0.0405915950572003,-0.684906147637255,0.0378673838587002,-0.398481214675373,0.40827346700016,8.45002998180562,TRUE,""
"Abca3",-0.24925967990908,0.0722867730870257,-0.918037365929226,0.00459469775819143,-0.308600867593084,0.558816821065112,9.41914977204385,TRUE,""
"Anp32a",-0.248867171734435,0.0269566866181059,-0.801183606640997,0.013150078030153,-0.362996352777003,0.462323195511474,9.87540622566013,TRUE,""
"Cdc42ep3",-0.248617650569875,0.0223311905537102,-0.632535050585723,0.0293952561489071,-0.47112382962119,0.206866595320292,12.2905705663592,TRUE,""
"Specc1",-0.248051332871934,0.0243418588869895,-0.708323888098194,0.0189048201443118,-0.505418903877391,0.1881754511298,8.14932752589635,TRUE,""
"Arhgap45",-0.247980449394619,0.0268523620853285,-0.794611591209913,0.010378875116134,-0.317853557084689,0.519263023606022,11.2234148094277,TRUE,""
"2900060B14Rik",-0.247134592647694,0.0671790173042624,-0.83625744323531,0.0430383312848675,1.37043046295672,0.00200447351843263,8.33889931344693,TRUE,""
"Elp1",-0.246682411808658,0.0398977880443261,-0.755100132688481,0.0237718196336305,-0.318125641172252,0.561174528582204,7.89050559499784,TRUE,""
"Spidr",-0.245837215598909,0.0166766284690484,-0.701226556950065,0.00771345699783183,-0.14040190780077,0.800358455323175,11.6121126338534,TRUE,""
"Tiam1",-0.245656005924975,0.0474309779828055,-0.87388561442792,0.00681728680548881,0.0154173161347391,0.988837073988011,11.8218558687965,TRUE,""
"Il16",-0.244758874675413,0.00920717577593119,-0.813832993882103,0.000593266323608656,-0.168119926879761,0.690261303020215,10.4923255918708,TRUE,""
"Scarb1",-0.243779338533939,0.0484839420416493,-0.839347330348401,0.00637651521577935,-0.314489605158547,0.519156405945242,9.7792239059074,TRUE,""
"Gopc",-0.242085512253508,0.0393539282749229,-0.63253247750032,0.0471354697246692,-0.114869912657424,0.873956609067671,8.36264671817147,TRUE,""
"Tbc1d2b",-0.241437101725446,0.0206456749704989,-0.778463284222848,0.00942217622869212,-0.273353354802623,0.590650992754256,10.6159098805743,TRUE,""
"Itpr2",-0.241009008545677,0.0503219491605412,-0.822007553352598,0.0161464386992649,-0.174695052752446,0.813524013075341,7.63315000927062,TRUE,""
"Vezf1",-0.240892932837651,0.0460865179127248,-0.738681391925444,0.0374866252939728,-0.508301701714338,0.287180844795269,8.12846336468645,TRUE,""
"Clec10a",-0.23987956750424,0.00946551068632358,-0.78522561823711,0.00185861108419444,0.128339707748802,0.80907726452083,10.2303376659438,TRUE,""
"Zfp931",-0.239750895232784,0.0663238148393062,-0.864902087320964,0.00954159391060185,-0.0714862391260365,0.935575026695401,8.89503380054773,TRUE,""
"Rin3",-0.239079948285338,0.0800772619275822,-0.731360644927177,0.0148112436537993,-0.415165071029117,0.318375715490584,9.09246799334264,TRUE,""
"Trav3-3",-0.23906427025766,0.0148996481260497,-0.79937548591194,0.00400143478356129,-0.297674928675709,0.488096389690709,12.6272637638198,TRUE,""
"Nemp2",-0.23829936039481,0.00384406515544863,-0.713926107094641,0.00175732825331534,-0.130420169058308,0.770585410180557,9.86090624828873,TRUE,""
"Klhdc2",-0.238173665354292,0.0214514387922263,-0.59499334994816,0.0390181998409468,-0.347302664468755,0.410189133217869,9.94357538890708,TRUE,""
"Ppfia4",-0.237806166162711,0.0220763973752896,-0.640718499749266,0.0230139746509074,-0.119520568594845,0.848869463954797,8.8697864385024,TRUE,""
"Sdad1",-0.237141600899138,0.0281207017069045,-0.700369739135548,0.0184049138421264,-0.241427526223289,0.650731928318195,9.98913727414367,TRUE,""
"Hipk1",-0.237093336187544,0.0269566866181059,-0.662479351995895,0.0307427971666597,-0.283421315182668,0.579285827570184,12.5104048818166,TRUE,""
"Gsto1",-0.237069788435344,0.0127635738759919,-0.683159902697716,0.0065114496300179,-0.244601977391673,0.54629765358095,8.96787560724197,TRUE,""
"Septin11",-0.237038668493366,0.0185551730293943,-0.788271919426144,0.00515240275886582,-0.289743627942963,0.516619271180448,12.1012891998677,TRUE,""
"Gm5779",-0.236951765525224,0.0210367090450088,-0.807167549252608,0.0131657886512681,-0.0805766251456799,0.922494333196028,9.08529971374519,TRUE,""
"Mtfr1",-0.236836628789323,0.0231455633458622,-0.695819230868612,0.0146896824409165,-0.0589713036204316,0.938339761387724,9.25072608094237,TRUE,""
"Fbl",-0.236328823823914,0.0603219052305528,-0.881553843043013,0.00342420136836865,-0.123715134633796,0.85141768254216,9.47512236491148,TRUE,""
"Glud1",-0.235466188537103,0.0134943453717093,-0.739017563432455,0.0057143336814858,-0.291963527116062,0.478491002546119,10.5668418138352,TRUE,""
"Hdlbp",-0.2354336191493,0.0474309779828055,-0.792586943112655,0.0053968022616527,-0.176096364603161,0.751158143415731,9.3974639790718,TRUE,""
"Kpna2",-0.235313184787456,0.0493967488139875,-0.707813501419913,0.0454168956749376,-0.302817372922284,0.618900153872717,8.90656664587642,TRUE,""
"Aff4",-0.235307802054256,0.0554234750185802,-0.759266820315313,0.035882833776904,-0.446609555009344,0.393031205374471,8.2175252052842,TRUE,""
"Snx27",-0.23514629899718,0.0275117172224756,-0.631125317591261,0.0262015322269528,-0.428729339108129,0.254949852895996,9.46275088263946,TRUE,""
"Taf3",-0.235117809998166,0.0138697177391845,-0.729903020305112,0.00782251125823487,-0.371443103409764,0.33413950905144,9.04307773518562,TRUE,""
"Tmem50b",-0.234748328561021,0.0251838035132129,-0.79131307538503,0.00386954414964378,-0.0571723513145965,0.937858896760463,10.346403507605,TRUE,""
"Itgb7",-0.233953023667802,0.0346224367311541,-0.864600052468386,0.0018320774209635,0.284851909216917,0.50699915247182,10.6700728266001,TRUE,""
"Usp48",-0.233398632956378,0.0331820119165563,-0.677005324884236,0.0237270602431522,-0.61827922395794,0.0761228939584623,10.0531750073726,TRUE,""
"Hsd17b8",-0.23288599508358,0.018336425730841,-0.733119316870109,0.00679809980248566,0.0385122687460377,0.959740672025828,9.04277343317068,TRUE,""
"Ipmk",-0.232488443603452,0.0568164477091673,-0.69067003372709,0.0289925913597202,-0.330641570734777,0.506331124132421,8.5585464531574,TRUE,""
"Smpdl3a",-0.231836155974286,0.0650948189741059,-0.875558771502021,0.00268029288780044,-0.16668476561993,0.772343419963225,11.858327448302,TRUE,""
"Rpia",-0.23123139422283,0.0368941680601089,-0.63462306562964,0.0484038013224211,-0.0388328099843047,0.967575347919995,10.4309855291582,TRUE,""
"Tmpo",-0.230801393443014,0.0475456983099317,-0.851368141294172,0.00236544282670333,0.0496305012975284,0.945758491453124,10.3519523167025,TRUE,""
"Ints6l",-0.230587670110408,0.0246951050187307,-0.647128842645371,0.00736711894012242,-0.318334692630627,0.351895916175728,10.037971939171,TRUE,""
"Cdc42se1",-0.229935686253071,0.0362234094232162,-0.638262589922013,0.0320868714740595,-0.193242172255403,0.734115692004822,11.8536417644218,TRUE,""
"Dlgap4",-0.229562718455848,0.0363760466814681,-0.695348994687753,0.0447615858620277,-0.440007609493104,0.372999524864356,8.65170953002246,TRUE,""
"Gng10",-0.229176557541715,0.0172493846632525,-0.713716068657003,0.00804323544218249,-0.0888780278757828,0.888220702925187,11.5206474668852,TRUE,""
"Uggt1",-0.229024659370476,0.0657835563773055,-0.893377804167436,0.00121590577915178,-0.0923211633169974,0.882850023366054,9.4717623300415,TRUE,""
"Nfam1",-0.2283935616254,0.0223216540285355,-0.663261747534058,0.0142460254461082,0.0286987503115128,0.971790581467447,9.92716383484969,TRUE,""
"Rnf145",-0.228190566068553,0.043606248920285,-0.607215489517504,0.0452944225830347,-0.402614422773983,0.341823997107634,10.2983862850692,TRUE,""
"Hsd17b10",-0.228080491700909,0.0892182662360149,-0.8403617579313,0.012409434720109,0.0644869786745517,0.942429687093244,9.34952417958328,TRUE,""
"Mrpl33",-0.227883013858897,0.0633702874251933,-0.768574816794397,0.027603403355145,-0.0318377221625958,0.977753031886137,11.0791900876383,TRUE,""
"Hipk3",-0.227695909078651,0.0250177459890573,-0.657131714076511,0.0176253256140389,-0.277952130909352,0.531815571369614,11.5246969136729,TRUE,""
"Ahsa2",-0.224451238938603,0.0482330604267358,-0.787792289154395,0.0102275557415999,-0.35406382870215,0.443986624393964,8.33900011961716,TRUE,""
"Pop5",-0.223741209246647,0.0846252214646541,-0.768349070976492,0.0259569388871938,-0.113731469580875,0.888220702925187,7.62745187724413,TRUE,""
"Ube2i",-0.223018856871472,0.0131218828352055,-0.600751333890273,0.0105729327422092,-0.217485758307769,0.580876638826907,9.44342403808419,TRUE,""
"Fto",-0.221558509092704,0.0151627242940325,-0.7475115002121,0.00383494792198513,-0.128794846881249,0.817835325086935,9.07592600959037,TRUE,""
"Plcb2",-0.221304446031449,0.0212718497801693,-0.715639976445967,0.021053877138655,-0.353591486437901,0.450736979745067,8.79411973331048,TRUE,""
"Sucla2",-0.220045017500381,0.0230274370633964,-0.685645378228674,0.0118260644556497,-0.341082013762355,0.389584184419335,9.80215614115827,TRUE,""
"Fam219b",-0.219561019699082,0.033621614804174,-0.647987726493295,0.0346134955901565,0.122835693170924,0.856545884301263,8.00216623105815,TRUE,""
"Gemin2",-0.219446262519674,0.0630284951722794,-0.686572899942825,0.0357993445015467,0.21737382466775,0.726493393441269,8.11786939218981,TRUE,""
"Xpo7",-0.2183910145986,0.0852134428355365,-0.764091028714939,0.0203976421166255,-0.270985207464937,0.643525038376174,7.74199997491423,TRUE,""
"Ralgapa1",-0.217526410474716,0.0281840510501752,-0.678602742060004,0.0251123095765969,-0.355361829060207,0.431412707499496,9.70564996601626,TRUE,""
"Opn1sw",-0.217088931122122,0.0612158558980896,-0.673255347559007,0.042122166312613,0.197126956233546,0.76070692153328,11.3876973858246,TRUE,""
"Bcl3",-0.21613918098321,0.0697228338503279,-0.712449600759434,0.0327269381547252,0.623338313120918,0.123042095463905,8.29828119750721,TRUE,""
"Wrn",-0.215936671960579,0.0547653208947723,-0.72994898061512,0.00668335517528099,-0.233196765015174,0.614691534962294,9.22092019330873,TRUE,""
"Ypel3",-0.215635173099954,0.0299956953436388,-0.611267385459325,0.0150392297035883,-0.517247339126564,0.0783745721466255,11.2910830510754,TRUE,""
"Tfdp1",-0.21504299080871,0.0343586547078705,-0.63720904163972,0.0333912003306319,-0.141817389473749,0.829303160196995,10.2523752426827,TRUE,""
"Arhgap39",-0.214711572082756,0.0330270752723025,-0.703247989427735,0.00540057897079251,-0.438207009978354,0.164770644199464,10.787476634332,TRUE,""
"Erlin1",-0.214304024678193,0.0293364794549109,-0.637435714374098,0.0307168531099347,-0.0696033629873973,0.927055275337614,10.2985980008987,TRUE,""
"Tspan14",-0.212679289568066,0.0528543331835456,-0.633523559230168,0.0419223821213075,0.142555743220701,0.83587368875165,9.80950200120128,TRUE,""
"Rbbp4",-0.212578078638673,0.0568164477091673,-0.666473082034036,0.011884514464613,-0.426567574546695,0.214031944149182,9.53009632775047,TRUE,""
"Napsa",-0.211880353925036,0.0307405694788862,-0.71499631509794,0.00739501163998539,-0.0131051228742685,0.988837073988011,10.132479016762,TRUE,""
"Snrk",-0.211855432240291,0.00863361991015035,-0.620312222888881,0.00680022344296979,-0.293123579048471,0.372004283939687,10.6190085068307,TRUE,""
"Foxk2",-0.211802419587749,0.0692907293985197,-0.612534228077536,0.0236791235002877,-0.407871395427472,0.256787921594755,8.83054960976769,TRUE,""
"Abcd1",-0.211173778255032,0.0716069089350927,-0.698738948890139,0.0176028172478868,-0.185996657267001,0.744753959468098,9.39862009217655,TRUE,""
"Ss18l1",-0.21051340621127,0.033552407873631,-0.619884348416644,0.0229733729978914,-0.093810216927821,0.88270832214649,9.61755908171787,TRUE,""
"Cyb5b",-0.208618752007322,0.0149914571551587,-0.657890513590106,0.00664479318977592,-0.204451221164057,0.630196093445277,10.2086205797431,TRUE,""
"Ccdc88a",-0.208578933437351,0.0220919269909018,-0.663046809499775,0.00385849386807903,-0.394303856294375,0.167677582555341,10.5887048380272,TRUE,""
"Cdkn2d",-0.208551906489101,0.0714659476595879,-0.735886028545428,0.012595835442063,0.609187573041444,0.0770599181303585,12.2296193844535,TRUE,""
"Hsp90ab1",-0.207968971733232,0.0369020721836519,-0.774323258874023,0.00101789770830273,0.192724880990903,0.631100814951449,10.5794334145073,TRUE,""
"Klc1",-0.207259019346177,0.0411974797554299,-0.593302199674559,0.0405081347930573,-0.328036986776418,0.450736979745067,8.50777494119728,TRUE,""
"Usf3",-0.207179434778842,0.0258094337042583,-0.642733919107055,0.0203031709051205,-0.360477146513407,0.360393150527803,9.78444101740238,TRUE,""
"Osgep",-0.207131795108093,0.0213114273663896,-0.70956657344934,0.00408577315300573,-0.115258007733086,0.832676666917144,8.72187742687091,TRUE,""
"Ddx17",-0.206350457788183,0.0654370661119494,-0.604839826799585,0.0228598868760618,-0.186029389141764,0.710982778813567,12.0261896364457,TRUE,""
"Aplp2",-0.205092079986223,0.0330308987083245,-0.675904473558656,0.013017364371804,-0.246674332412224,0.595126875824108,12.4673296514921,TRUE,""
"Pcmt1",-0.203693821005501,0.0288240523120914,-0.609841954159299,0.0193659872997854,-0.144874986002213,0.78767320189979,8.15321992353504,TRUE,""
"Arid3a",-0.202196686765604,0.083145197926391,-0.65029391220391,0.0262015322269528,-0.196933016400337,0.721971148149739,12.422976607051,TRUE,""
"Vsir",-0.201888753199794,0.0621451159386077,-0.65158000799174,0.0357993445015467,-0.270826944877504,0.608256996550912,10.2482339710203,TRUE,""
"Cd300a",-0.20169673349319,0.0931185955105861,-0.644207694115305,0.0420906647262615,-0.0585900095244725,0.944759481369609,9.65970441721329,TRUE,""
"Cebpz",-0.201418743266785,0.0689313843711154,-0.706846214628582,0.0164304395321796,-0.256599768407284,0.614691534962294,7.94506602488356,TRUE,""
"Nek7",-0.201417482989072,0.0344664182542176,-0.614295816103764,0.021587918854573,-0.00374809982096025,0.997989976346358,8.98585394863606,TRUE,""
"Mocos",-0.200955371958658,0.0421272932973342,-0.715267081132335,0.00963770868431231,0.2423978521834,0.608126546144462,9.8507378345157,TRUE,""
"Map3k15",-0.200511311434383,0.0553736984061948,-0.708974934099498,0.00899615509501034,-0.140286046786267,0.8099592104075,8.62880423144676,TRUE,""
"Stk17b",-0.198079304749782,0.0266733903066284,-0.6333868395579,0.00805835891826084,-0.366818177338361,0.245946798840833,11.1176372674581,TRUE,""
"Mllt3",-0.197879143725012,0.0862860976998174,-0.688463979481588,0.030140207899727,0.227646134137141,0.701701353598774,8.83609650310643,TRUE,""
"Sgk3",-0.196747486174495,0.0603242227205075,-0.606220395400985,0.0371118000387056,-0.0526979180635969,0.945758491453124,11.0935168931583,TRUE,""
"Lamtor4",-0.196561959414836,0.0841958504861966,-0.674376927085623,0.0241024460054096,-0.174839722639685,0.769370102260382,10.3180840178717,TRUE,""
"Slc44a2",-0.196102076087729,0.0379168167406162,-0.705709733987682,0.00329117388983442,0.148131587932102,0.749451409648803,11.9112082532788,TRUE,""
"Zcchc24",-0.195670171919139,0.0126054105012816,-0.639268736695941,0.00333807119437845,-0.131992601858796,0.753494544250914,10.5537711532142,TRUE,""
"Nin",-0.195387239509672,0.0313919758830499,-0.687316440687935,0.0035473573787841,-0.369643433109973,0.224399232229476,10.0761940104901,TRUE,""
"Cbfa2t3",-0.193826840751142,0.0264384383513868,-0.641163304603765,0.00400733651651503,-0.111578520599281,0.817473302326842,10.1421859563234,TRUE,""
"Herc2",-0.193567388771352,0.0482367548960322,-0.639417571582355,0.0165014204745409,-0.320520885689959,0.419263780272006,9.3690559588547,TRUE,""
"Tacc1",-0.193423763077426,0.0525400126846247,-0.690769204727628,0.00771077466112239,-0.142254219008564,0.79217475604258,8.79313909199078,TRUE,""
"Parp8",-0.192862430387947,0.0867807550698217,-0.722769603071967,0.0103758471578074,-0.0182031801674647,0.985944892574286,8.79297504919378,TRUE,""
"Tle5",-0.191210740461365,0.056787804008114,-0.615186590563159,0.0342928131439181,0.0106281453087966,0.992724311124278,8.8503874185821,TRUE,""
"Kctd10",-0.189539968357151,0.0445789743238441,-0.633098049806359,0.0146039133910098,-0.254642160144726,0.54505425432366,9.93654450818968,TRUE,""
"Smc1a",-0.188652765311138,0.0937837173533101,-0.709630858723475,0.00887015440630928,-0.0373263504839585,0.961432467902602,8.96726194245329,TRUE,""
"Hnrnpa2b1",-0.188581616873163,0.0916290747198809,-0.589031792720881,0.0134358931959875,-0.0678007490200727,0.906529367330258,10.926617857238,TRUE,""
"Pfkfb4",-0.188304793260172,0.0799486635308102,-0.605790705809774,0.03539979769255,-0.172392328938493,0.760041027340745,9.12659147633783,TRUE,""
"Dnajc3",-0.186906568375546,0.0668989051797863,-0.695531570242311,0.00652856663386345,-0.0659958750862373,0.916503854070829,9.34435334006215,TRUE,""
"Ash2l",-0.186518660383582,0.0320359953327638,-0.59853572011184,0.0126176136598895,-0.303805815548627,0.381056583241745,9.78941664288599,TRUE,""
"Hspe1",-0.184269987351805,0.0895398956081996,-0.633752254926632,0.0320047345627446,-0.0667573983646683,0.931194491913315,10.7261989691322,TRUE,""
"Huwe1",-0.179682576426823,0.0248738562815051,-0.599844693423551,0.0113301834860189,-0.380917946790497,0.214400998326106,10.3506411400757,TRUE,""
"Stat5a",-0.177479234096324,0.0589785416433094,-0.59772701909629,0.0215971732094372,-0.181338829556287,0.711746455381635,10.8060365588382,TRUE,""
