gene	logFC	AveExpr	t	P.Value	adj.P.Val	B
1700001K23Rik	-0.975152766478141	5.22824539937832	-3.89052555784676	0.000854775659660627	0.0125973153157167	-0.891463856526412
1700025G04Rik	-1.45872436456189	6.07359050278855	-4.36016543993017	0.000279396756080865	0.00545334765984664	0.197905851157576
2900060B14Rik	-0.83625744323531	7.66864815824053	-3.18076005557493	0.00453374736309195	0.0430383312848675	-2.49632532007198
6030458C11Rik	-0.833386921904246	7.13871160384438	-3.32863097316587	0.00321642617702132	0.0338899940508402	-2.16884589171956
6430548M08Rik	-1.1024420942734	9.92280643616863	-5.24382928193949	3.46939306538892e-05	0.00112632121727281	2.24582130699329
9130004J05Rik	-1.27109171629275	9.16845397770166	-4.81650701664194	9.4604194885934e-05	0.00243430890538484	1.25922706221587
9130008F23Rik	-1.90064304936636	5.87357597516677	-5.39273578960348	2.45450196646037e-05	0.000857735894611314	2.58666856759939
Aacs	-0.947832127266484	6.59751906004342	-3.47142933473088	0.00230276588823072	0.0266827834617333	-1.84854235574979
Abca3	-0.918037365929226	8.98146077603632	-4.45371627933238	0.000223634461332779	0.00459469775819143	0.415665803604715
Abca6	-1.17615180210686	5.6145166076085	-3.55444446587209	0.00189431303602061	0.0230909978229321	-1.66076425360763
Abca7	-1.27912399263184	9.07694985328194	-5.79499098770035	9.74349120282766e-06	0.000431576432905282	3.49738401738899
Abca9	-2.78580621342018	8.32648039916753	-8.45460098097198	3.59072722714263e-08	8.1323014134432e-06	9.00464599275934
Abcb7	-0.915098036609407	10.5515983271186	-6.06547232825345	5.28727089664195e-06	0.000279773179517157	4.10020812021005
Abcd1	-0.698738948890139	9.02969780464003	-3.70231368176221	0.00133590772110923	0.0176028172478868	-1.32387374509026
Abcd2	-2.4121535169653	7.55248957352652	-8.44493571401693	3.65839238842806e-08	8.1323014134432e-06	8.98643069155858
Abtb1	-1.11815237632894	6.92924876814268	-3.85843083424893	0.000922514828148622	0.0133618550448133	-0.965438708893078
Ace	-1.37487032598739	8.14800710841038	-5.08280303219736	5.05496254205627e-05	0.00149270618977141	1.87534836931792
Aco1	-1.05126885040282	8.41647886912432	-5.62772707318498	1.42781349372185e-05	0.000577074620379246	3.12061956392689
Acsl3	-1.00653789263337	6.79551460077651	-4.24244814387716	0.000369807642117856	0.00674888405028082	-0.0759535439791854
Acss2	-1.39533524201317	8.12647479681196	-5.86799422812344	8.25469648057467e-06	0.000381839355987276	3.66089605312871
Adam4	-1.4174920128562	6.15891457432372	-3.63823983926811	0.00155449093842352	0.0197457360868797	-1.47020265058036
Add3	-2.39522990350381	10.4091333789573	-8.63007485244502	2.56391588804675e-08	6.4117927794044e-06	9.33304242310752
Adgre4	-1.18049278482819	11.8781182176106	-5.51689704241073	1.84222866573141e-05	0.000695397872524323	2.86942928935987
Adpgk	-0.94952391108499	8.67926234616311	-4.59195311714407	0.000161019954804185	0.00356448738124618	0.737403619481257
Adrb2	-0.935792452080939	10.0757109028191	-3.49893309612656	0.00215867471910061	0.0254790478460216	-1.78644817239515
Aff4	-0.759266820315313	8.03631987721277	-3.29321667660001	0.00349299937672081	0.035882833776904	-2.24769212767674
Ahr	-1.97303137026941	8.46586087249509	-6.55656012571572	1.78243233644498e-06	0.00012908520156019	5.17219892325011
Ahsa2	-0.787792289154395	8.06183674247717	-4.00821651780704	0.000646051787238831	0.0102275557415999	-0.619517627893827
AI467606	-1.40998251982169	8.7131660864357	-6.63897044310569	1.48958759443239e-06	0.000114071049994691	5.34905395265523
Ak3	-1.08211963895327	9.74939325591908	-5.89203184565339	7.817117503978e-06	0.00036972349226864	3.71460714919797
Akap9	-1.24859971021221	7.67948025181047	-5.60125575410852	1.51724245667144e-05	0.000593266323608656	3.06073188903944
Aldh2	-1.16394551545408	10.5555830419168	-5.44654175602108	2.1670973000202e-05	0.0007920108708207	2.70937379335113
Amigo1	-0.994614471758237	7.37918414842679	-4.0704177749963	0.00055711972686294	0.00920196205205506	-0.475423657792511
Ampd3	-1.63709189531336	10.1183971081655	-7.1879863275633	4.6095841587774e-07	4.98167253614214e-05	6.5036790656386
Anapc1	-1.02591241723879	5.66988254388704	-3.21368576854724	0.00420126278288541	0.0409093103260289	-2.42381490427492
Ankzf1	-0.82178302228373	6.80135555097522	-3.1387197275498	0.00499556494652642	0.0462151884615237	-2.58854458794705
Anp32a	-0.801183606640997	9.61516559225326	-3.86668204425403	0.000904607054745299	0.013150078030153	-0.94642896427723
Ap1ar	-0.665881242044977	8.96541913777797	-3.81258271794542	0.00102861906581554	0.0144286136269743	-1.07095542389435
Ap2a2	-1.12270822942701	8.25088067753353	-5.33563581975506	2.80213994918196e-05	0.000950174785734264	2.45617986055776
Ap3m1	-1.16894983208829	8.76527240690627	-5.87555389012438	8.1144458097705e-06	0.000377534026701677	3.67779473093909
Aph1b	-1.74033902299363	6.08969141422229	-6.2981645713407	3.14670629160415e-06	0.000194451869486967	4.61192713706388
Apln	-1.20069228793145	5.98359202700919	-3.57803204556073	0.00179187405799259	0.0221288150448854	-1.60722132520033
Aplp2	-0.675904473558656	12.2962688243258	-3.8728667653532	0.000891410893564337	0.013017364371804	-0.932176291712556
Arhgap21	-1.50732006625141	7.59001551593555	-5.75832786335247	1.05920027165883e-05	0.000455712374943537	3.41504928728124
Arhgap23	-1.01824142954539	7.64287483219763	-4.05124289717205	0.000583148746541509	0.00951406288317722	-0.519867192868108
Arhgap26	-1.20818218316499	9.75879662285275	-4.56106085210359	0.000173274376573232	0.00379387596324021	0.665521076699083
Arhgap39	-0.703247989427735	10.4608043499625	-4.36630392006089	0.000275343482672083	0.00540057897079251	0.212192644981974
Arhgap45	-0.794611591209913	10.85638518503	-4.00121604110025	0.000656907247275459	0.010378875116134	-0.635720346831901
Arhgap6	-1.13956635082281	5.34213661857785	-5.03255279074455	5.68739788409125e-05	0.00163717271825325	1.7593840178228
Arhgef1	-0.794784412933906	8.94620316374563	-3.24269809959062	0.00392803648696031	0.0390243475939166	-2.35972290058484
Arhgef18	-1.79954087356745	9.96133807573339	-7.74770890893925	1.45319775760162e-07	2.21508858194418e-05	7.63720290002715
Arhgef37	-1.2161312848439	7.86293430150064	-4.92459016122362	7.33127823869801e-05	0.00198539946210426	1.50973876180435
Arhgef6	-1.47818360151985	8.04887243193632	-7.19110711030149	4.57947669600007e-07	4.98167253614214e-05	6.51012259905634
Arid3a	-0.65029391220391	12.0801098956722	-3.48120916480978	0.00225047931105107	0.0262015322269528	-1.82647672502501
Arid5a	-1.5343441189192	8.2925367497846	-6.19914262126792	3.92115309470067e-06	0.000229882986376133	4.39497463973234
Arl2bp	-0.904291160739919	6.78297327702233	-3.2512827341909	0.00385056015017748	0.038515934059089	-2.34072335536751
Arpp19	-0.86010196736406	8.08988518031899	-4.10301809722499	0.000515499227739129	0.00864839113203853	-0.399818805237906
Arrb1	-2.10684803127145	8.02992930093973	-7.63483024811575	1.82791915096634e-07	2.63566180281227e-05	7.41220995728554
Arsb	-1.56589607443777	6.90919979020137	-4.65798020522076	0.000137674705553667	0.00322618398592452	0.89098227819913
Asap1	-1.16115907055794	9.12809908626222	-5.43102421988386	2.24628048203165e-05	0.000807903800335202	2.67401190399645
Ash2l	-0.59853572011184	9.56552586691958	-3.88907406486983	0.000857729688344879	0.0126176136598895	-0.894811260015778
Asph	-1.43894904614325	6.13027955988027	-4.20690565133312	0.000402483486825801	0.0071894511234899	-0.158576505060853
Atg9a	-1.00019017935571	8.50718138763257	-5.17064714756522	4.11555242691687e-05	0.00126923869737007	2.07767676832554
Atg9b	-0.888494790674233	5.30126818640743	-4.25597592807632	0.000358080624143243	0.00664088110013048	-0.0444971669142458
Atosa	-1.22826984172154	6.02895963124611	-4.25041000235684	0.000362859868794205	0.00667821094090647	-0.0574402839071455
Atp10d	-1.15353898462477	8.21427258472573	-5.80287574278409	9.57027119626607e-06	0.00042608184156346	3.51507210259913
Atp1a3	-1.23933319210273	6.00686776154276	-3.44315290695965	0.00246073957780435	0.0280513795888594	-1.91225219155411
Atp2a3	-1.30132404064996	10.696319484765	-5.96632450482055	6.60876440671475e-06	0.000329511758035731	3.88020106157455
Atp2c1	-0.844881082612527	9.8861755039597	-3.35986664094689	0.00299032188716081	0.0321856770706178	-2.09909965692152
Atrnl1	-1.41436713608571	8.40165262954167	-6.9082848810531	8.33717836834813e-07	7.75793835961697e-05	5.92063508541647
Auh	-1.71239141085859	7.97536394304297	-6.64456438730037	1.47159701299903e-06	0.000113235145158891	5.36102598164849
B3galnt2	-0.904994733560991	7.56839075361094	-4.1228302953105	0.000491736703561382	0.00830194719462017	-0.353846410888744
B4gat1	-0.627372123929931	8.39957379835831	-3.29486787928265	0.00347960347653178	0.0358411223548174	-2.24402148015187
B630019K06Rik	-0.875123550977545	5.35024893772574	-3.94756143510772	0.000746365684608469	0.0113891519713699	-0.759797171417787
Bcl11a	-2.38730186286543	8.2244195879248	-8.36874568028456	4.24023331926727e-08	8.81449796891741e-06	8.84237655913374
Bcl2l13	-1.28554663511861	7.34989703221636	-4.76872810094693	0.000105915210655796	0.00265701088800317	1.1483292657745
Bcl3	-0.712449600759434	7.86117083849809	-3.35128667127563	0.00305083359742893	0.0327269381547252	-2.11827645117
Bcl7c	-1.24717416740756	9.65466636783512	-6.42258730093459	2.39077082135923e-06	0.000159717564422846	4.88278341672763
Bcr	-1.07288605755569	6.36627020851506	-4.1341647219454	0.000478637501432711	0.00810644784172544	-0.327537966255766
Bltp3b	-1.0483811548143	8.78448826602523	-4.73952842887055	0.000113490901889143	0.00276935078292374	1.08051425599642
Bmx	-1.90055805201109	7.72233660881624	-4.62813056037863	0.000147773629233416	0.00336911244427469	0.821563348236324
Bmyc	-1.27350931161874	8.63165683815842	-6.47769255972835	2.11818766353735e-06	0.000145086532949458	5.00210799197371
Bnip3l	-0.960363096027983	10.4332804737683	-5.35894990887251	2.65451772918453e-05	0.000911707215785373	2.50949182780393
Brd3	-0.872106466387416	10.627824565119	-5.50641784314581	1.88727829526254e-05	0.000709058429945468	2.84561829294209
Bri3bp	-1.56112572302813	9.02904349927397	-5.85474657010513	8.50647827614049e-06	0.000388989099456081	3.63126734257664
Btbd10	-0.822089055449622	8.63517423887047	-3.64813390612466	0.00151856731342061	0.0193817143949736	-1.44764026589729
Btla	-1.67577778635543	8.28699169466281	-5.73555791695138	1.11566083161502e-05	0.000473637973740012	3.36384292334657
Calhm2	-0.97726062861426	7.12018335687645	-3.09554037980173	0.00551724684471154	0.0496924793188566	-2.68281975612387
Camk1d	-1.21947671111991	6.66282575573156	-4.06908850370676	0.000558886162420658	0.00921212464422517	-0.478505279720416
Camkk2	-1.49268147262666	8.83337209120966	-8.21037365585715	5.77685289370953e-08	1.02731700626468e-05	8.54029056455098
Cat	-0.872402655138346	11.5389277620241	-5.6712007752941	1.29244345845368e-05	0.000530398911603875	3.2188213654405
Cbfa2t3	-0.641163304603765	9.82710427971809	-4.52329705836489	0.000189537878350633	0.00400733651651503	0.577632264152304
Cbr2	-1.1409225283822	5.47903201971624	-3.31996761530291	0.00328204063430476	0.0344905189442204	-2.18815693777285
Ccdc125	-1.27830725655952	6.45604648588374	-4.15370020087887	0.000456873230644824	0.00789660481260303	-0.282181178426264
Ccdc85b	-1.18449779901214	6.78977445736354	-3.68429048628771	0.00139412265644593	0.018194816998123	-1.36508477259766
Ccdc88a	-0.663046809499775	10.3064502717894	-4.54855503667387	0.00017849839989878	0.00385849386807903	0.636417731700583
Ccdc91	-0.857555632506535	5.33132845671546	-3.93019432191153	0.000777842251359502	0.0117115383189171	-0.7999153544997
Ccnd3	-1.13455927488309	11.5936087603208	-5.54200882421001	1.73867998007002e-05	0.000664142555632951	2.92644686642549
Ccno	-1.58417745527407	5.73659789217775	-4.36123772920184	0.000278684426482624	0.00544608577027399	0.200401484284141
Ccpg1	-1.64243979700952	10.1006651640777	-7.60966826884884	1.92427662209149e-07	2.70467027173533e-05	7.36180736766209
Cd177	-2.56753278546108	9.03951293384321	-8.36243959862984	4.29249657046857e-08	8.81449796891741e-06	8.83041647557806
Cd209a	-1.69259707964442	5.41263457620635	-6.69069848761358	1.33148040277404e-06	0.000106753463964756	5.45960134772305
Cd2ap	-1.06636486517678	8.04227023427398	-4.79524826986371	9.94779229814765e-05	0.00252721294812465	1.20989495222141
Cd300a	-0.644207694115305	9.33188723397067	-3.19399860512046	0.0043971003700287	0.0420906647262615	-2.46720031126959
Cd300lg	-2.36223709980053	9.57980130135969	-6.33420132755665	2.90543512080728e-06	0.000183800352207591	4.690577934707
Cd37	-1.06143860667443	8.17565653716139	-3.9346724539242	0.000769601855170661	0.0116375061437364	-0.789572970061707
Cdc42ep3	-0.632535050585723	12.1193112651877	-3.41356707395842	0.00263740005184821	0.0293952561489071	-1.9787672301887
Cdc42se1	-0.638262589922013	11.7054121570934	-3.3626250739659	0.00297111799591104	0.0320868714740595	-2.09293143421141
Cdkn2d	-0.735886028545428	11.8042156660635	-3.89096256882822	0.000853888250836513	0.012595835442063	-0.890455996798805
Ceacam1	-1.49043576685509	10.3998906407768	-5.65591548201427	1.33847961639641e-05	0.00054509837812785	3.18431540329773
Cebpz	-0.706846214628582	7.74360612801354	-3.73971567023708	0.00122265876181355	0.0164304395321796	-1.23823270283164
Celsr3	-2.23149152618734	9.04342006448537	-6.78411174909395	1.08822149539424e-06	9.50782828651146e-05	5.65832039766206
Cep78	-0.980130139868784	5.64149445319821	-3.17707850791728	0.00457247497973464	0.0433545391295337	-2.50441763888275
Cers5	-0.882201644956057	10.1751915539512	-5.4775605688987	2.01722436208044e-05	0.000755554207527273	2.77999596708241
Cfap74	-1.00884853800981	6.5740355566473	-3.25049470518257	0.00385760964053232	0.038515934059089	-2.3424680808397
Cfh	-2.04908192472331	7.676794380831	-5.61008951822608	1.48678095859153e-05	0.000590781432241741	3.0807247257779
Cfhr4	-1.26461447560008	6.06686679609903	-3.6673329186732	0.00145118076678768	0.0187761909235545	-1.40382366390893
Chd9	-0.895980974198169	8.98371633023899	-3.8711328547922	0.000895091087566406	0.0130472976835158	-0.936172414317035
Chlsn	-1.20886023530768	7.61901089452495	-3.48286732299258	0.0022417304931143	0.0261698734808858	-1.82273399102636
Chml	-0.925939996450167	7.62430992312181	-3.38627521003162	0.00281134330586554	0.0307767097198207	-2.03998861653077
Chsy1	-0.715603357213476	11.3140062660202	-3.93404636080101	0.00077074871411848	0.0116375061437364	-0.791019041817044
Cisd1	-1.55143329044693	6.62697332634426	-4.85918114703087	8.55367216964469e-05	0.00225910104084428	1.35819877538478
Clec10a	-0.78522561823711	9.86593191454445	-4.95986883693285	6.74697307039657e-05	0.00185861108419444	1.59138470131146
Clec2i	-0.983084065627642	8.03901591120036	-4.29900061082436	0.000323202386531643	0.00614353229980873	0.0555778952517203
Cnksr3	-1.33108319021775	7.99475630631732	-5.16947038297329	4.12688595615123e-05	0.00127020787938847	2.07496984918329
Cnst	-0.718177838724724	9.25446248705703	-3.91936124207774	0.000798141235111053	0.0119407432104208	-0.824928407498803
Crem	-1.47073453715111	7.80804113232268	-4.82608735718905	9.24874026161292e-05	0.00239137460237665	1.2814528709129
Csad	-1.26481722121204	7.0160956164742	-4.30491976059092	0.000318678135789724	0.00607195662299349	0.0693488349979603
Csgalnact2	-0.962997439900288	10.2271859945757	-4.21675013058911	0.00039315407619243	0.00708516760893815	-0.135695582941334
Ctdspl	-1.21143457861925	6.86461951488903	-3.32956366460998	0.00320943901116126	0.0338720681911902	-2.16676600202476
Ctps2	-1.21149143468671	6.4519500166521	-3.56950217749689	0.00182827310401332	0.0225088546382563	-1.62659299781852
Cul5	-0.843684315577479	7.67495873652202	-3.81882303953287	0.00101349514603892	0.0142539453535614	-1.05660516048553
Cx3cr1	-2.38016145509736	8.64381494148449	-8.21910657428753	5.67869062705953e-08	1.02120723018076e-05	8.55704148366302
Cyb5a	-1.02113720914736	8.02047344673889	-4.55050026138655	0.000177675531828874	0.0038568399030052	0.640944758153761
Cyb5b	-0.657890513590106	9.98471461627136	-4.25481360712075	0.000359073429485575	0.00664479318977592	-0.0472001171538707
Cyb5r1	-0.897390427014694	9.38498577053277	-5.19669312730479	3.87263229106262e-05	0.00121771080193433	2.13756526930348
Cyp27a1	-1.11033869543395	9.51216336328616	-5.60635639739435	1.4995770694525e-05	0.000593266323608656	3.07227675047966
Cyp4f16	-1.14020192254278	9.97298712223892	-5.80225256849371	9.58384648315187e-06	0.00042608184156346	3.51367436230045
Cyp51	-1.36318139229356	6.54955925329629	-4.46604356735769	0.000217173076275958	0.00449657837748603	0.444362021676124
Cyp7b1	-1.31707066263948	6.77423565635659	-4.14663001605107	0.000464633459531046	0.0079574352631282	-0.298598303686558
Cytip	-0.835875914603314	12.6091708549843	-4.01434357451284	0.000636697464313185	0.0101295655231934	-0.605333939335352
D030029J20Rik	-1.13718295308418	7.93214492435385	-4.06378311938712	0.000565992173462496	0.00929097921668436	-0.490803708347364
D16Ertd472e	-1.27073938365711	8.2077652453743	-4.73927713862876	0.000113558418524319	0.00276935078292374	1.07993052024038
D2hgdh	-0.732935844909836	8.71583920409474	-4.73214999031305	0.000115490317726119	0.0028006402048584	1.06337362630289
Dcps	-0.978317637404172	7.29111761114453	-3.97610475393579	0.000697362527715972	0.0108997355908378	-0.693814791754216
Ddx17	-0.604839826799585	11.9637952011143	-3.56000873914015	0.00186964023247516	0.0228598868760618	-1.64814076797157
Degs1	-1.07914205996395	11.1062172475269	-7.40282111538511	2.94492904138294e-07	3.68231166463547e-05	6.94403395244982
Dennd2c	-1.71703488291044	6.51407114514451	-4.74983619709269	0.000110756058044988	0.00273135702466877	1.10445693094184
Dennd2d	-1.2823148441461	7.27665579883818	-4.53722278375078	0.000183369009291971	0.00390873565853416	0.610043858413057
Depdc7	-1.09959965778961	6.51374364283619	-3.20580193307811	0.00427864765347411	0.0414526366185551	-2.44119927027081
Depp1	-1.14932173091882	6.20301569543619	-3.45761620974956	0.0023786523677752	0.0272514897252986	-1.87968141959149
Dgkg	-2.21145949278763	7.19684996204173	-6.04443756762936	5.5430003739017e-06	0.000289920656811427	4.05362833622176
Dhcr24	-1.19614610983692	5.50507040606097	-3.59079489789927	0.0017387407513049	0.0215971732094372	-1.5782172686853
Dhrs7	-1.53120607765897	8.09168553536106	-5.34225350067054	2.75940825860893e-05	0.000939666578277362	2.47131698319392
Dicer1	-1.03231669814239	7.81962255954187	-4.62510619823237	0.000148837636801156	0.00338807251941672	0.814528740941613
Dipk1a	-1.4391300128624	8.27040487124908	-7.41093955179886	2.89583843915769e-07	3.6494404896629e-05	6.96054609209208
Dlgap4	-0.695348994687753	8.49313037691903	-3.15763448152719	0.00478239998900764	0.0447615858620277	-2.54710485152704
Dna2	-0.859439491919812	10.5976427259926	-4.65947448352611	0.00013718784530056	0.00322194997558861	0.894456858873593
Dnajc28	-0.891294794547398	7.52640926040251	-3.7833475803424	0.00110250527871244	0.0152379939428261	-1.13813419592605
Dnajc3	-0.695531570242311	9.05309678117445	-4.26459859915842	0.000350800831310376	0.00652856663386345	-0.0244442959981201
Dock1	-1.7164187311641	8.05173281671313	-5.94633644700622	6.91374719656236e-06	0.000341526308274631	3.8357103731771
Dock5	-0.763596436128898	9.09730474137484	-3.80329407347057	0.00105154613075042	0.0146730565149612	-1.09230869148309
Dock8	-1.06725316088165	9.76256913859458	-6.79381556155836	1.06572221615142e-06	9.42369285607925e-05	5.67889557349006
Dpagt1	-0.892672238891056	8.50227015878846	-3.86232463134665	0.000914020612446155	0.013250815128805	-0.956468630901564
Dusp18	-1.13703284748486	5.498753974688	-4.9045208950135	7.68627452291883e-05	0.0020571709655404	1.46326392883416
Dusp22	-1.06676078424655	7.48498024658389	-4.45474568747205	0.000223087578313917	0.00458935307315456	0.418062130162218
Dyrk3	-1.03937778037199	5.28091625204902	-4.5610506898618	0.000173278558520999	0.00379387596324021	0.665497428105481
E2f2	-1.22308017220585	10.5078384813032	-6.25030873907504	3.49922753873425e-06	0.000211340138707327	4.50722921554814
Ear1	-1.06444455940759	10.4417490249702	-4.80056104855003	9.82366424502169e-05	0.00249964620415854	1.22222521090136
Ear10	-1.05203084022885	9.10022564266916	-3.96590567958893	0.000714493326159438	0.0110430639575737	-0.717398093449535
Ear12	-1.192405865653	9.34278035707064	-4.77959923123009	0.000103227037933148	0.00259771814798748	1.17356937151764
Ear2	-0.972145110560319	10.5224452092149	-3.41276709457879	0.00264234540785542	0.0294296523915536	-1.98056363712971
Ear3	-1.09203978303431	9.19095138272552	-3.99278487579662	0.000670222638377215	0.0105476040582373	-0.655230274865504
Ear4	-1.07861809511777	9.88163367657951	-3.85169195463343	0.000937401044319956	0.0134952203937068	-0.980959808942528
Ebpl	-0.684212213514642	8.24953531418049	-3.18596570485097	0.00447953018937205	0.0425537729735561	-2.48487759206168
Eeig1	-0.904730888383957	9.50396744569984	-4.28354088441784	0.000335324827284161	0.00629914772380633	0.0196140097823472
Eeig2	-1.34516544629831	9.55428313184897	-5.97490461607343	6.48210167980053e-06	0.000326245400582414	3.8992851960733
Egln1	-1.24967158142798	5.75018305052236	-3.41228290404606	0.00264534301429834	0.0294296523915536	-1.98165086448808
Elac1	-0.861822265093771	7.74627631507621	-3.9018595048267	0.000832054107565397	0.0123736478865555	-0.865319829081843
Elmo2	-0.960925989690395	7.32867573998853	-3.99979127732138	0.000659138742403574	0.010403861511015	-0.639017606129047
Elovl6	-1.695730511103	5.91193835537192	-5.77778751204162	1.01326376254892e-05	0.000440422864349579	3.45876784714507
Elp1	-0.755100132688481	7.60030414239593	-3.53664383272661	0.00197541518979872	0.0237718196336305	-1.70111748791798
Emb	-1.20363894688292	11.1563312301936	-6.68845793588163	1.33795773818993e-06	0.000106753463964756	5.45482052888349
Emilin2	-0.951493686965687	11.6224112799745	-4.8834090514789	8.07851187587744e-05	0.00214422193322419	1.41435366481682
Enkur	-1.61106145820955	6.06534081018538	-4.13694567482276	0.000475477161684666	0.0080700020920075	-0.321082220479921
Eno3	-1.37202625243641	7.0779874580586	-3.13257215345065	0.00506680887054559	0.0466862146187842	-2.60199467008638
Entpd5	-1.24026534262659	6.03481351942059	-4.1585650763232	0.000451608897382632	0.00782251125823487	-0.270883667098222
Erlin1	-0.637435714374098	10.095440956086	-3.38769294573362	0.00280203720965353	0.0307168531099347	-2.03681163432968
Etfbkmt	-1.38867228886557	6.02987997736352	-4.1493332480686	0.000461650963337785	0.00795341621982911	-0.292321578439823
Evi5	-1.14263020151289	10.0618591705228	-5.4135156937982	2.3391679904741e-05	0.000826454386038366	2.63408739406559
F5	-1.25884794722754	5.83409020336993	-4.07869039407325	0.000546250950351649	0.00907865676051728	-0.456243342053941
Fam107b	-1.21634160843051	9.2908715783576	-5.62252847656719	1.44494168016736e-05	0.000579826499508412	3.1088639222795
Fam117b	-0.872069605419149	10.9876240236764	-3.93325640424774	0.000772198158366016	0.0116375061437364	-0.792843543077629
Fam174c	-1.03019716989501	6.82917326434119	-3.58413688540952	0.00176626228360492	0.0218970006577047	-1.59335068723095
Fam219b	-0.647987726493295	7.74580476370721	-3.3164723395645	0.00330888149034299	0.0346134955901565	-2.19594390083123
Fam234a	-1.20537190933925	8.15737892624932	-4.90869799285152	7.61098124443708e-05	0.00204043140397346	1.472938561839
Fam43a	-1.2052482077422	9.50564132285884	-5.39068977150091	2.46616645783848e-05	0.000858367060583027	2.58199763135418
Fam89b	-1.10244289153984	9.26725465465179	-5.41459289140547	2.33334187704034e-05	0.000826219839425458	2.63654449088157
Fancl	-0.88260357633014	7.83597294378836	-3.89830023776518	0.000839124097037556	0.0124353529380427	-0.873531115450401
Fbl	-0.881553843043013	9.13392790484814	-4.61770660464306	0.000151473575058107	0.00342420136836865	0.797316641539696
Fcer2a	-0.995101727328395	8.65416065008694	-3.94144338789943	0.000757306951566857	0.0115325383062108	-0.773932452034638
Fhip1b	-2.13761636347959	8.32656726902493	-5.90483226405556	7.59384880237022e-06	0.000363890868508789	3.74318290048706
Fkbp4	-1.66045832521137	9.70407402916624	-8.83387673561474	1.74254776997073e-08	4.68516899844022e-06	9.70899907591067
Fktn	-1.06032597458689	5.58569129344509	-3.66437603496606	0.00146136342146689	0.0188621948069174	-1.41057494959331
Flvcr1	-0.792881810969094	11.8071724209629	-3.49298365598451	0.00218907327693006	0.0257808077978408	-1.79989023526205
Fmo5	-1.35760008012449	6.18775962628757	-3.96571649603856	0.000714815011561787	0.0110430639575737	-0.71783547459038
Focad	-1.59371728879643	8.71002489341241	-6.13252593931915	4.5498112452192e-06	0.000256585708751743	4.24834223969061
Foxk2	-0.612534228077536	8.51682596554744	-3.53958258062571	0.00196179429936779	0.0236791235002877	-1.69445871047229
Foxred2	-0.855227017648502	8.65203401572311	-5.21793783088889	3.68530462628762e-05	0.00117966601087467	2.18637766313789
Frat1	-1.55154685478179	6.73786538677929	-4.54953792081698	0.000178082142350568	0.0038568399030052	0.638705155677842
Frat2	-1.6378590938932	7.88738867045816	-4.95202040554003	6.87274762069775e-05	0.00188676373360665	1.57322659080415
Fry	-1.03000013219568	10.1124706602167	-4.16719285314718	0.000442421338582294	0.00771345699783183	-0.250845443044414
Fto	-0.7475115002121	8.83199448385215	-4.55444471568405	0.000176018653483106	0.00383494792198513	0.650124351201121
G6pc3	-0.987650244044652	5.8760926138121	-3.361474190019	0.00297911561292377	0.0321298823348012	-2.09550513707029
Gadd45a	-1.45536694763983	8.81649664351557	-5.25942361640695	3.34559667360051e-05	0.00109725972870853	2.28159955028234
Galnt10	-0.995295594197163	7.7827904077214	-4.0086119127498	0.000645444017505023	0.0102275557415999	-0.618602387894367
Galnt9	-2.35799722703316	7.22765565568719	-6.70973012887803	1.27774376073695e-06	0.000105343944549808	5.50018322130531
Gapt	-1.87620080169701	7.6128026440455	-6.30808709301802	3.07829246643858e-06	0.000191704556129764	4.63359952111918
Gdpd3	-0.928411748975766	8.6620004882834	-4.59635537535811	0.00015934618056193	0.0035473573787841	0.74764590048031
Gemin2	-0.686572899942825	7.72617932788545	-3.29633349706732	0.00346775517579843	0.0357993445015467	-2.24076292737306
Gfer	-1.02648609424635	6.57917119776337	-3.56263958965552	0.00185808504577581	0.0227533673738652	-1.64217068214618
Glo1	-0.858311674552843	9.29164557277359	-4.61844884597317	0.000151207059129358	0.00342301128905993	0.799043209224097
Glrx5	-0.846358924835606	7.49501008022519	-3.49807790389758	0.0021630186539687	0.0255115059371916	-1.78838072282241
Glud1	-0.739017563432455	10.3151760979095	-4.33649100662507	0.00029559771574134	0.0057143336814858	0.14280982829065
Gm13498	-0.959800600960563	8.3238544150866	-3.74088054552097	0.00121928853966789	0.016398918552424	-1.23556292877685
Gm17259	-0.709104599607357	4.86485964924962	-3.87560006188054	0.000885640005984817	0.0129458520181171	-0.925876376602463
Gm5779	-0.807167549252608	8.68400323000349	-3.86541562075398	0.000907333013580051	0.0131657886512681	-0.949347027970776
Gng10	-0.713716068657003	11.3088981236151	-4.13923159421297	0.000472895004754372	0.00804323544218249	-0.315775406881101
Golim4	-1.10076832933526	7.68786327044066	-4.8450982494774	8.84275836991024e-05	0.00231255470115054	1.3255456856641
Gopc	-0.63253247750032	8.17612523796563	-3.12616983342088	0.00514205124269118	0.0471354697246692	-2.61599237932476
Gphn	-1.2783326553285	6.23911992428301	-4.24359873005889	0.000368795430671569	0.0067380945980576	-0.0732782555761542
Gramd4	-1.51397176019213	10.150222054824	-6.58392126238002	1.67915798172434e-06	0.000123883662867399	5.2310166289671
Grk3	-1.37966965126564	8.2274509591181	-5.4575579694285	2.11261362209934e-05	0.00078088639772979	2.73446490221742
Grk5	-1.67522173210929	6.01764666606439	-4.58011410796936	0.000165609626992082	0.00365093950414363	0.709857414039488
Gstm1	-1.49624708305409	7.93896411777019	-5.68077728822211	1.26442730061815e-05	0.000521576261504985	3.2404279026501
Gstm6	-1.29352720519671	5.2779422170304	-3.93348402356822	0.000771780235477366	0.0116375061437364	-0.792317833208891
Gsto1	-0.683159902697716	8.6612811523627	-4.26618918612631	0.000349474241311176	0.0065114496300179	-0.0207450313192616
Gtf2i	-0.858025130167163	7.93937914175521	-3.50478809979195	0.00212916365562463	0.0252351409701719	-1.77321403991339
Haao	-1.3798112144693	7.4816503617874	-5.28498124175888	3.15233201463221e-05	0.00104892045518063	2.34019607684846
Hacd4	-1.30867379591788	7.91799883629848	-4.83907839462431	8.96932611643715e-05	0.00233421243078986	1.31158522058835
Hcfc1	-0.748703784444404	11.7134407693373	-4.18331048333415	0.000425755566216052	0.00749638925994269	-0.213404352475993
Hdac10	-1.80782552794742	5.63137630884461	-6.26489095950162	3.38771661657256e-06	0.000205380319879711	4.53916214460999
Hdhd5	-0.682511066814153	5.06815451758002	-3.90156291582814	0.000832640973059687	0.0123736478865555	-0.866004103577235
Hdlbp	-0.792586943112655	8.97428579374368	-4.36814500200098	0.000274139346374486	0.0053968022616527	0.216477685338122
Herc2	-0.639417571582355	9.06768119199282	-3.73754218092863	0.00122897177167465	0.0165014204745409	-1.24321371954723
Herc4	-0.832868675957789	10.7210466396019	-5.92034352609516	7.33200972140523e-06	0.000354190663569271	3.77778573440063
Hfe	-1.01279494406392	8.53892786475188	-3.85050105215137	0.000940056429449752	0.0135180621323839	-0.983702297123785
Hgsnat	-1.67232528063492	9.81717830123843	-7.70380146834755	1.5885148646123e-07	2.35409077852961e-05	7.54990255515459
Hipk1	-0.662479351995895	12.3603914824988	-3.3870391987555	0.00280632468981505	0.0307427971666597	-2.03827665129297
Hipk3	-0.657131714076511	11.4399750989345	-3.70095617744471	0.0013402075146695	0.0176253256140389	-1.32697908363345
Hlcs	-1.27468915139015	7.62276572952914	-4.25929814448014	0.000355258057830361	0.00659617774428646	-0.0367712428884239
Hnrnpa2b1	-0.589031792720881	10.8759670536497	-3.85534348343837	0.000929305452543462	0.0134358931959875	-0.972550044583449
Hnrnpul2	-0.831675089145294	10.5679595595051	-4.72642019576262	0.00011706748165762	0.00282604079024165	1.05006170903401
Hook3	-0.789441568586042	9.98984557752393	-3.46283058024688	0.0023497216711525	0.027016735162928	-1.86793030789508
Hopx	-1.14764238878142	9.05692411590089	-5.17371019238205	4.08619989764119e-05	0.00126498315980169	2.08472225149896
Hpgd	-2.01408370481135	9.00630576577626	-9.77822269928545	3.11646538161239e-09	1.37173279796537e-06	11.376185642455
Hsd17b10	-0.8403617579313	9.00593623522204	-3.89995765697371	0.000835824469120746	0.012409434720109	-0.869707549548175
Hsd17b4	-1.09340639471823	8.79296449235436	-5.41100780906729	2.35278953033899e-05	0.000827613108419243	2.62836649639034
Hsd17b8	-0.733119316870109	8.66794814960721	-4.23891961822239	0.000372929186290685	0.00679809980248566	-0.0841576794282188
Hsp90ab1	-0.774323258874023	10.2521961524146	-5.29967737828196	3.0463792707092e-05	0.00101789770830273	2.3738670143927
Hspa1a	-2.08470392215295	10.368870483876	-4.93820033942491	7.10001995912748e-05	0.00192930083948787	1.54124463662096
Hspa1b	-1.71411246159028	11.8011397148844	-4.42930777112306	0.000237003884009829	0.00480766433913475	0.358846102421108
Hspa4l	-0.859032008161573	8.51236036083023	-4.08873272486434	0.000533340969823226	0.00890106592494342	-0.432955184614976
Hspe1	-0.633752254926632	10.4183482103792	-3.36458979356706	0.00295751342819739	0.0320047345627446	-2.08853719126325
Hsph1	-0.840084619806273	11.1033720800422	-3.89490584559039	0.000845922176169654	0.012489838034682	-0.88136107934758
Huwe1	-0.599844693423551	10.1440367422475	-3.95088992066858	0.000740479345602987	0.0113301834860189	-0.75210581842897
Icam2	-1.29181455763177	7.814258514342	-5.24067757233401	3.49497317007548e-05	0.00113004132499107	2.23858805685041
Idh1	-1.99714777151877	6.7735358226954	-6.21911534095788	3.75057303444639e-06	0.000222325634875239	4.43883169729073
Idi1	-1.26161882243968	10.2480611549386	-5.92603567683985	7.23825434816066e-06	0.000353195917202169	3.79047710258548
Ift140	-0.690281775090747	8.39411627668719	-4.21633120276484	0.000393546641946018	0.00708516760893815	-0.136669333048857
Il16	-0.813832993882103	10.1168570722284	-5.60060715343643	1.51950395515015e-05	0.000593266323608656	3.05926365528253
Il17ra	-1.14186949756223	9.09992307097715	-5.7189390454871	1.1588014947127e-05	0.000488068892707285	3.32643516760956
Insr	-1.95208331529181	9.07844284029927	-9.08502824281241	1.09061693077498e-08	3.29345735416106e-06	10.1643131233881
Ints6l	-0.647128842645371	9.70765608946958	-4.19432265271333	0.000414731281790084	0.00736711894012242	-0.187817839459638
Ip6k3	-1.38871690903329	8.73459883097785	-7.02800432885332	6.46114550526128e-07	6.42302073364638e-05	6.17152883057454
Ipmk	-0.69067003372709	8.2313190460671	-3.42154223391846	0.00258859188085225	0.0289925913597202	-1.96085234390231
Ipo7	-1.00971122007492	7.0700449398764	-3.76449724118943	0.00115290938728026	0.0157308736090542	-1.18140439084261
Iqgap2	-1.08111478300874	11.1671021343277	-4.986279342054	6.34059713538642e-05	0.00176796615247142	1.65246352073263
Irak1	-0.825454919185857	9.01935466905635	-4.1751761945636	0.000434086530051028	0.00761618353284365	-0.232301416743379
Irf4	-2.34554980344547	8.53038038577274	-9.31874687667533	7.10206315224497e-09	2.52596712781513e-06	10.5801926470468
Itga4	-1.30253311945551	9.02314675652297	-6.16952900052092	4.18883182394263e-06	0.000241155570832531	4.32985766092945
Itgal	-1.06453845101816	8.24206975279989	-4.55857311067554	0.000174301165879393	0.0038110521310105	0.659731802561606
Itgb7	-0.864600052468386	10.218651172647	-4.96744587236085	6.62775899242653e-05	0.0018320774209635	1.60891178340134
Itpr2	-0.822007553352598	7.32098451685209	-3.74956058781218	0.00119446319399748	0.0161464386992649	-1.21566452678657
Jade1	-1.06538021708216	7.60919217838081	-4.60888255554667	0.000154678519621598	0.00348680240358265	0.776789720433157
Kcne3	-1.22738383202492	5.32855486253875	-4.65915216850781	0.000137292713736422	0.00322194997558861	0.893707398299254
Kctd10	-0.633098049806359	9.78302228544809	-3.80667264237965	0.00104314881697951	0.0146039133910098	-1.08454281034768
Kctd12	-0.961277898903965	10.7727508877077	-5.43627793402586	2.21914713816174e-05	0.000799942566357628	2.6859866356104
Kctd12b	-1.45843570779143	5.50536367197935	-5.74661984088284	1.08785757728952e-05	0.000463062779907415	3.38872642466579
Kdm6b	-0.888010401228915	10.0209777971774	-5.11004667966734	4.74238914255694e-05	0.00142672816215458	1.93815287751142
Kdsr	-0.691016800870718	10.9739726234606	-3.7174478965614	0.00128888500355426	0.0171049788407014	-1.28923928810528
Kif21b	-0.73529960845457	8.78193524331706	-4.02292574501869	0.000623821310328272	0.00998216263500568	-0.585462968709841
Kif23	-1.14038667043267	7.65353845679369	-4.25226513465081	0.000361259884129844	0.00666893246308899	-0.0531264098999094
Kifap3	-0.745321514644386	7.56601842813566	-3.14080377136445	0.0049716341461221	0.0460932066853033	-2.58398290909659
Kiz	-0.891058585979595	7.10275283790007	-3.48049364335841	0.00225426490949791	0.0262015322269528	-1.82809163710501
Klc1	-0.593302199674559	8.31611242172843	-3.22043798932079	0.00413606859286854	0.0405081347930573	-2.40891484470683
Klf2	-2.10175987880228	8.37930167247893	-7.94803666997224	9.71253508175773e-08	1.60256828849003e-05	8.03199880244745
Klf4	-1.05527658468232	10.0133350544134	-6.38024686884994	2.62449989483082e-06	0.000169375487164384	4.79083376820066
Klhdc2	-0.59499334994816	9.80798687098148	-3.24303365491146	0.0039249798028069	0.0390181998409468	-2.35898054500152
Klhl12	-1.21035920892361	5.74144982702736	-3.78997601772191	0.00108530523634142	0.0150392297035883	-1.12291027604771
Klhl17	-1.44124134787533	7.34922525777597	-4.95571044192849	6.81332013576556e-05	0.00187366303733553	1.58176425738592
Klhl2	-0.961300864604914	7.94118590324117	-3.7471313998305	0.00120135994192344	0.0161986233112761	-1.22123409469981
Klhl42	-1.72800144331707	6.24357974409751	-5.7879444578971	9.90100548967769e-06	0.000434686471027258	3.48157069525912
Klhl5	-1.04071530652443	6.29600300308182	-3.5405528581771	0.0019573174484483	0.0236429175565396	-1.69225991948242
Klrb1f	-1.8377217934835	6.88010209508146	-4.2500099879468	0.000363205795579921	0.00667821094090647	-0.0583704547898813
Klri2	-1.03397874580851	5.45251497288817	-3.85159146999968	0.000937624809609621	0.0134952203937068	-0.981191216409326
Kmt5c	-1.00617245342393	7.51854471850191	-4.33377636935293	0.000297514620962226	0.00573772238090321	0.136492702744447
Kpna2	-0.707813501419913	8.60272257814155	-3.14905671387474	0.00487795336864841	0.0454168956749376	-2.56590816502392
Kpnb1	-0.925615796338228	9.33713936818857	-6.08910864006098	5.01427873454813e-06	0.000270817900519295	4.15248640346755
Lamtor4	-0.674376927085623	9.94647043664519	-3.52886384807038	0.00201192551472835	0.0241024460054096	-1.71873956273891
Lbr	-1.30681184050693	11.7829742628607	-4.74289047077831	0.00011259147731921	0.00275575079506747	1.08832392634556
Ldlrad3	-1.42136364925549	10.6937604618619	-5.39774802168108	2.42616354906929e-05	0.00084968813135348	2.59810967284529
Lima1	-1.24860592737211	8.10580802140987	-5.46131677222719	2.09434430543618e-05	0.000775925477048752	2.74302366046525
Lman2	-0.998663309650709	9.24646334728752	-4.8477797924365	8.78696160514318e-05	0.00230778523610118	1.33176387007037
Lmbrd1	-0.828856566516238	6.54338237468332	-3.10179803640326	0.00543850155576136	0.0492434125014038	-2.66918572287403
Lmf1	-1.50242752096049	6.75615294910928	-3.97610317298992	0.000697365151203867	0.0108997355908378	-0.693818447922908
Lpgat1	-0.990038802666447	9.94985585683643	-6.41095015001984	2.4527982644651e-06	0.000162219157945306	4.85753424290335
Lpin1	-1.88403829578274	7.74663305288368	-7.93852375814846	9.89896205195106e-08	1.61666211879058e-05	8.01338155147686
Lrba	-1.25373195874132	6.11340545572882	-4.05741795904751	0.000574636647576628	0.00941357169341242	-0.505556812478555
Lrrk2	-1.57841108744333	7.85497744127948	-5.86146384437874	8.37784520435311e-06	0.000384204620331437	3.64629310977046
Man1a	-1.15847025904127	7.14063955912437	-3.98935266006828	0.000675719822748992	0.0106132441247278	-0.663171190705101
Man2a2	-0.76247364904602	9.3701296060241	-3.43621389900638	0.0025011020650412	0.0283493796342271	-1.92786602295505
Map3k15	-0.708974934099498	8.34547575462724	-4.0833963860881	0.000540162764530143	0.00899615509501034	-0.445330785113209
Map3k4	-1.05398927243654	6.68283659027398	-3.96200262149936	0.00072115930475227	0.0111280333545294	-0.7264212275114
Map4k4	-0.855496956229679	10.8537528155634	-3.94750380833484	0.000746468004871414	0.0113891519713699	-0.759930326384493
Mapk8	-0.950726644859455	8.20930887951305	-5.51373642278012	1.85569943566792e-05	0.000698834575714473	2.86224875676734
Mapre2	-0.858048653525318	9.71659378938546	-5.70900307590062	1.18540385640952e-05	0.000496659390623937	3.30405637672434
Mblac2	-0.906202598147767	5.39165418844123	-3.64059395331963	0.00154586827976485	0.0196822466034906	-1.46483547579842
Mboat1	-1.14033663192274	8.04537469151236	-4.63868705424705	0.000144119442945251	0.00332847284897366	0.846116024903062
Mbp	-1.90124329181777	10.0881657751896	-8.89237226783968	1.56125395970943e-08	4.38383677634201e-06	9.81583061744116
Mcemp1	-1.03441887523339	9.70879784225441	-3.95365555783494	0.000735623533327017	0.0112774469836196	-0.745714470565548
Mctp1	-1.68097172607155	7.00403670432035	-4.73882150620636	0.000113680941229672	0.00276935078292374	1.07887210166399
Mdm1	-2.04511452151522	7.3040051771377	-5.61448865177596	1.47184476708099e-05	0.000587453254292551	3.09067811437371
Me2	-1.12043796094599	9.78373033139093	-5.90646309087605	7.56587546861517e-06	0.000363639149775333	3.74682225317795
Mef2c	-1.08555979689943	9.45963083024629	-5.21704893862052	3.69295491958335e-05	0.00117975535904055	2.18433598562912
Megf9	-0.833421880996182	5.33427789623805	-3.78492606310991	0.00109838495794108	0.0151941670283899	-1.13450920356286
Meis1	-0.958984314654771	7.22481740322375	-3.31798216656264	0.00329726106953152	0.0345758075299002	-2.1925805229671
Metap1d	-1.22093428806028	6.76755303286829	-3.89878062691245	0.000838166397714552	0.0124326720995564	-0.872422909541752
Mettl21a	-0.779512514686962	9.12317645800628	-4.80712118155382	9.67254984638655e-05	0.00246904561868288	1.23744890120936
Mfsd6	-1.56066689143091	9.47561009207741	-6.88867135534934	8.69431190170886e-07	8.00611244486157e-05	5.8793423861857
Mgst1	-1.71470475518512	9.6795472109614	-5.62236290920223	1.44549061733119e-05	0.000579826499508412	3.10848947903215
Mid1ip1	-1.93040043189335	9.48686876775773	-7.01260424094638	6.67581473439187e-07	6.59545770518159e-05	6.13936668954846
Mki67	-1.01712954754287	6.97884003974932	-3.7886014802997	0.00108885001830626	0.0150752980475707	-1.12606761934993
Mlh3	-1.05323258216202	5.47207984241928	-3.55500830069399	0.00189179839118463	0.0230779216851449	-1.65948530475824
Mllt3	-0.688463979481588	8.61369749236765	-3.39902638459915	0.00272871985296497	0.030140207899727	-2.01140163841871
Mmgt1	-1.02196844059793	7.43213797032114	-4.36177282420124	0.000278329640771974	0.00544580183441987	0.201646862699313
Mob3b	-1.28428594071585	8.02459781944392	-4.55018161232904	0.000177810064623055	0.0038568399030052	0.640203184910126
Mocos	-0.715267081132335	9.49852899722656	-4.04411120098057	0.000593136085851148	0.00963770868431231	-0.536391881418993
Mrpl33	-0.768574816794397	10.6915940979405	-3.45032065205715	0.00241971727005738	0.027603403355145	-1.89611510642272
Mrpl57	-0.906959450113755	7.80436391551932	-3.15676861798071	0.00479196242817764	0.0448248735610655	-2.54900369968253
Msh2	-1.19143836937237	5.70485489961977	-4.54648242034609	0.000179379378752464	0.00385882655501772	0.631594183068905
Msmo1	-1.02203907329615	8.50882710701149	-4.54473268636498	0.000180126520577009	0.00386954414964378	0.627522031194548
Mtap	-0.954132428098583	8.36070051224306	-4.43782781136157	0.000232248283914317	0.00473520227267343	0.378679535048646
Mtfr1	-0.695819230868612	8.90672353499602	-3.80244961464635	0.00105365544780832	0.0146896824409165	-1.09424956650544
Mtus1	-0.762273004428579	10.1831713763098	-5.4149384592551	2.33147597537491e-05	0.000826219839425458	2.63733271262993
Mxi1	-1.22602238993447	10.3244755256274	-5.81354447441197	9.34088530515952e-06	0.000418769942042236	3.53899488970843
Myo5a	-1.34790900567352	10.3434576714316	-7.71742841967537	1.54517916416922e-07	2.33307476627626e-05	7.57702637380971
N4bp2l1	-0.595334558429894	9.53380523367171	-3.7926441178385	0.0010784571025928	0.0149832516727411	-1.11678105139449
Nabp1	-0.990361948127652	8.49622411746807	-3.95549482684066	0.000732411759333777	0.0112497602765231	-0.741463643534048
Nadk	-0.79020716351226	11.3314933362066	-4.30267020068186	0.000320390041436758	0.00609731583019657	0.0641151414805261
Nadk2	-1.21766989317623	6.81397880769245	-4.68167099620692	0.000130156944942453	0.00308616578341328	0.946062849985648
Naip7	-0.730306361489842	5.27091871840254	-3.39450733053123	0.00275772625502967	0.0303349888053264	-2.02153630239794
Napsa	-0.71499631509794	9.8684444569682	-4.1912643533838	0.000417763994760929	0.00739501163998539	-0.194924146913566
Nat8l	-1.56652983379161	6.4630206344255	-4.4595417959328	0.000220557264992771	0.00455486325962489	0.429226825641815
Ncbp2	-0.899075983932434	7.7716628560121	-4.21051536949834	0.000399037188305179	0.00713585497075351	-0.150187012531764
Ndrg1	-0.869373503759444	9.70558718462837	-3.67330216384623	0.00143083741389198	0.0185579844484126	-1.3901911486928
Ndrg3	-1.15332190767572	6.44898921806257	-3.83842036804705	0.000967418495353179	0.0138122506852164	-1.01151529101158
Ndufaf7	-1.80280566927906	7.23294647588269	-5.45021866241831	2.14875486707566e-05	0.000791088342020829	2.71774971595786
Nek7	-0.614295816103764	8.80075217469654	-3.59147930630956	0.00173593574294504	0.021587918854573	-1.57666128489974
Nemp2	-0.713926107094641	9.57099660771694	-4.98958798890062	6.29146572414675e-05	0.00175732825331534	1.66011262252092
Nfam1	-0.663261747534058	9.58478372355545	-3.81942751347141	0.00101204192016401	0.0142460254461082	-1.05521491354544
Nfe2	-2.7211866083151	8.44720095566488	-9.47644674908248	5.33764838688066e-09	2.03402529600059e-06	10.8565914608911
Nhsl2	-1.69763549148053	9.82157868325777	-7.82038197925996	1.25479523452766e-07	1.98411561785595e-05	7.78108936630091
Niban1	-1.28008726200009	9.26356564485253	-6.07118426371748	5.21993582284943e-06	0.000278129107920548	4.1128477248416
Nin	-0.687316440687935	9.87824611762181	-4.59631996859563	0.000159359572342754	0.0035473573787841	0.747563524545765
Nme3	-1.17797299203938	6.46857143239157	-3.64400538041462	0.00153345657180849	0.0195561533321075	-1.45705645787516
Nr1d2	-0.958145263335664	9.10703960310145	-4.59326614142916	0.000160518887323956	0.00356444925778837	0.74045853270301
Nr4a1	-0.955670170088373	10.5158775583754	-5.14919711807498	4.32719176083459e-05	0.00132169282694957	2.0283199089354
Nr4a2	-1.69550922545803	6.78099463552132	-5.78097186983743	1.00594277870088e-05	0.000438695209076502	3.46591807447562
Nup210	-1.60793361540604	9.31291251745654	-6.12823250387245	4.59370963612052e-06	0.000256585708751743	4.2388733561286
Nxpe4	-1.27360807204846	11.3376516037491	-4.87673814730978	8.20661421580756e-05	0.00217461689609272	1.39889467118405
Olfr257	-0.845319488469458	4.97760946840047	-4.67309950065579	0.000132827903786496	0.00314483816583265	0.926135967774678
Opn1sw	-0.673255347559007	11.1003399910387	-3.1931581842143	0.0044056548833061	0.042122166312613	-2.46905043769601
Or10ab4	-0.687190665761527	4.95990449344817	-3.48447054073399	0.0022333033080468	0.0261095832324974	-1.81911484627388
Orc3	-0.859276107896513	7.30796650009341	-3.25819625701165	0.0037892490723154	0.0379755362569869	-2.32541090050322
Osgep	-0.70956657344934	8.4565086434637	-4.513476052951	0.000194013595519172	0.00408577315300573	0.55477317592367
P2rx1	-0.871084307047743	4.81477883951959	-3.75502191588654	0.00117910059989387	0.0160199533966904	-1.20314064988479
P2ry1	-1.77593688832473	10.1542405928123	-6.68420726085486	1.35033540034505e-06	0.000106990683576844	5.44574871744223
Pabpc1l	-1.42996266098105	6.23245032010204	-3.56135557924837	0.00186371585059789	0.0228048717039902	-1.64508456136274
Pacs1	-1.10247134291674	7.404135961976	-4.40393622305172	0.000251752727682784	0.00505544245651299	0.299786091353628
Padi2	-1.09095010613774	10.6715114376108	-5.79092388867259	9.83408994384786e-06	0.000433593965706019	3.488257572055
Pank1	-2.0058364350324	6.24164698218892	-5.83467056110065	8.90308879780543e-06	0.000403665541668204	3.58633008927445
Parp8	-0.722769603071967	8.54742633510183	-4.00175357168287	0.000656067311696411	0.0103758471578074	-0.634476333211513
Patz1	-1.2560682507357	5.92629935840445	-4.31051873867341	0.000314457036680283	0.00600582920294503	0.0823754913602341
Pccb	-0.883369401462986	7.25102529776402	-3.33706594065577	0.00315377304318892	0.0334722397587789	-2.15002987886805
Pcmt1	-0.609841954159299	7.97759439898766	-3.64915270170468	0.00151491509524094	0.0193659872997854	-1.44531630063473
Pcnx1	-1.08620331708607	6.8235337055726	-4.19087701242984	0.000418149674113513	0.00739501163998539	-0.195824154914507
Pde2a	-1.62193950857935	6.45440101142744	-4.43001107076501	0.000236607648468572	0.00480571753012627	0.360483277769961
Pdk2	-0.738175197220138	4.95121841670532	-3.6774893670947	0.0014167356359575	0.0184049138421264	-1.38062585126085
Pdlim1	-1.90473824085245	10.2734194349843	-7.08135060099138	5.77091452558308e-07	5.84579031531374e-05	6.28268343497612
Pdp2	-0.817120693065	8.93376812698865	-4.21379617399218	0.000395930528934663	0.00712007653438121	-0.142561603411538
Peg13	-2.07781210258348	6.25013467056717	-5.3284702230936	2.84916909652058e-05	0.000960020029259196	2.43978539307749
Pex26	-1.06125733211403	7.66474521967708	-4.73488416364642	0.00011474529498186	0.00279103107322899	1.06972550774603
Pfkfb4	-0.605790705809774	8.84824862861327	-3.30375275337326	0.00340837789717085	0.03539979769255	-2.22426081141406
Pglyrp1	-1.39634217794191	7.93464056110344	-3.41638338915134	0.00262006203600976	0.0292427425985608	-1.97244211239702
Pgm2l1	-1.54443903197326	5.78689762318458	-5.1766381920005	4.05834016801479e-05	0.00125972153698814	2.09145648870357
Pi16	-2.13852598143143	9.20897857284725	-5.47302255865952	2.03847349498956e-05	0.000758738797379254	2.76966946311196
Pigb	-2.00627456746793	9.41644568144994	-6.69382627146205	1.32249197487578e-06	0.000106753463964756	5.46627418539651
Pigk	-0.906712987024018	7.61734945656703	-3.84512996146295	0.000952125529385406	0.013664578676145	-0.996069621355483
Pkd1	-0.927625471204197	6.90790697116274	-3.40248370442887	0.00270673026475928	0.029938644013457	-2.00364560464076
Plcb2	-0.715639976445967	8.55959320011435	-3.60374499047343	0.00168641490107815	0.021053877138655	-1.54876467592474
Plekhg3	-1.03447825734941	10.2197804662512	-5.98076627395477	6.39699992258722e-06	0.00032297786675397	3.91231800571886
Plxdc1	-1.05493711186762	8.41036301194607	-5.88168758238384	8.00244164573575e-06	0.000376703172176472	3.69150117545638
Pnpla1	-1.04259847944315	6.07228122127696	-3.15044924219439	0.00486231618153932	0.0452976545317444	-2.5628567915182
Poglut2	-0.889039962315879	7.81929055124661	-3.86563303409362	0.000906864455297977	0.0131657886512681	-0.948846079044192
Poglut3	-0.923395163075257	5.21345773989528	-3.31855862234519	0.00329283487958641	0.0345585719657577	-2.1912962580057
Pon2	-0.775925810773371	10.2388171411902	-5.08983166825157	4.9723740648674e-05	0.00148198970033897	1.89155600912677
Pop5	-0.768349070976492	7.36737307409502	-3.48852349504263	0.00221213774708731	0.0259569388871938	-1.80996376671553
Pot1a	-0.852962421260296	7.21791972951855	-3.16499735330882	0.00470183025169532	0.0442663489284609	-2.53095086765482
Ppfia4	-0.640718499749266	8.59820463706764	-3.55650966997569	0.00188511844844359	0.0230139746509074	-1.65607951696882
Ppm1l	-0.912799064808097	5.60184689548097	-3.32914079762507	0.00321260503878558	0.0338720681911902	-2.16770901086156
Ppp1r12a	-0.991487104541932	8.67715427201	-4.63403772511214	0.000145717474322195	0.00333807119437845	0.835302742448361
Prep	-0.980724472662548	9.296968150642	-4.60197756925191	0.000157234035115824	0.00352455284597867	0.760725987730147
Prkab2	-1.51715402421587	7.17621997665947	-4.41858266789401	0.000243129606386462	0.00491324412905975	0.333879851981389
Prkag2	-2.05273712725957	7.90532303216456	-6.98569070943173	7.06877627839163e-07	6.85671299003988e-05	6.08308019191241
Prkar2b	-1.9205842695777	8.59262598755046	-6.34423044429197	2.84172411491948e-06	0.000181202368363691	4.71243746579175
Prmt3	-0.854082293416891	10.1444254478323	-6.08442624787055	5.06718874302162e-06	0.00027214884507403	4.14213525763668
Prorsd1	-0.718077853525932	8.17826532995189	-3.91701917931998	0.000802598542958643	0.0119828261940794	-0.830334932507818
Pros1	-1.35967747126815	11.0038105926059	-6.37506476993701	2.6546740315838e-06	0.000170634770584332	4.77956416514023
Prps2	-0.990356623459725	8.12760400575439	-4.35063888296336	0.000285806068006287	0.00556536612686646	0.17573444094633
Prr5l	-0.849563384262032	8.08443694146926	-4.17399698256144	0.000435307704687346	0.00762264749838181	-0.235040687173049
Prrc2b	-0.780309666003419	10.3031368926554	-6.15733013243183	4.30447636440784e-06	0.000246046943615527	4.30300265360997
Ptgr3	-1.5272591762539	6.62017540316739	-4.75234570179038	0.000110100371962681	0.00272779636727974	1.11028541853115
Pwwp3a	-1.26527300081836	6.19548839949752	-4.22031579284256	0.000389828612206077	0.00703405517289545	-0.127407388728241
Pygl	-1.3604705742092	9.90623841424466	-4.62026890042547	0.000150555532098302	0.00341308964763927	0.803276889807622
Qdpr	-0.647204940108045	9.36258930984638	-3.34424674167489	0.00310137631353479	0.0331137611061536	-2.13400072702633
Qser1	-1.36249645781953	7.03157189877289	-5.69738139380795	1.2173119166772e-05	0.000506053953932951	3.2778679084786
Rab36	-1.47576716082697	5.6355508305925	-5.61694488306741	1.46357189288346e-05	0.000585611703639996	3.0962347026758
Rabgap1l	-1.96055939999829	7.1216495530519	-5.98615739836411	6.31973864569995e-06	0.000322127001417731	3.92430113981088
Racgap1	-0.782929587766292	5.17408619017937	-3.48456564412037	0.00223280438321395	0.0261095832324974	-1.81890014449182
Rala	-0.915739201774148	7.44688662658173	-3.56844701767691	0.00183282602421088	0.0225172948726265	-1.62898858934089
Ralgapa1	-0.678602742060004	9.53536784689424	-3.50761626779272	0.00211505112835068	0.0251123095765969	-1.76681957965426
Ralgps2	-1.91282022406687	6.11672587798016	-6.42178121243681	2.39501502414764e-06	0.000159717564422846	4.88103500511858
Ramp1	-1.58198797266275	6.82648671528436	-4.85333223450179	8.67255701204655e-05	0.00228296504897706	1.34463834064065
Rap1gap2	-0.947118362040344	10.0788494062743	-5.25391020288654	3.38884381748423e-05	0.00110634196386497	2.26895219383547
Rarg	-1.25616238325599	8.05219675947235	-6.01794828218151	5.88315071788023e-06	0.000305713724804133	3.99489604811727
Rasgrp2	-2.86434698166202	7.88670454291808	-6.96862523397245	7.33021228349804e-07	7.02515255074169e-05	6.04733761817961
Rasgrp4	-1.21368753491311	8.17506856813019	-5.44257276528471	2.18707581028517e-05	0.000795743980518422	2.70033115589111
Rassf3	-0.963223299900889	11.1361027696491	-6.3900090733741	2.56860897463229e-06	0.000167519918246658	4.81205448687635
Rassf4	-0.800486510250343	11.1954290068141	-4.91102346781277	7.56938781222298e-05	0.00203296127718388	1.47832425606692
Rbbp4	-0.666473082034036	9.20129024573893	-3.92205579602543	0.000793043514414661	0.011884514464613	-0.818707651949677
Rbpms	-1.09373005703392	9.32953019621183	-4.75029150321141	0.000110636803072105	0.00273135702466877	1.10551442480648
Rdh14	-0.677521872993197	5.23852690108701	-3.56900186666655	0.00183043051065892	0.0225172948726265	-1.62772890279492
Reep5	-0.881744490495363	9.79061840585222	-5.59099130046893	1.55343801642056e-05	0.000603465423611919	3.03749148028544
Rere	-1.07426554262534	11.2621579863664	-4.74527564473602	0.000111957754525859	0.00274925770027993	1.09386420853983
Rfc4	-1.26730989514796	7.37112321208421	-4.63461953738694	0.000145516524646028	0.00333807119437845	0.836655931301389
Rflnb	-1.08104235592273	6.88672742963143	-3.13950353726523	0.00498655149347509	0.0461594890995192	-2.58682906111614
Rfx1	-0.61298296089759	9.56234580695168	-3.877814981198	0.000880990805791084	0.012912324035427	-0.920770793276958
Rfx2	-2.30307456391024	6.80206934214332	-5.16543095766523	4.16603165681154e-05	0.00127979532950612	2.06567719154287
Rgs18	-2.3630781212661	7.25993345871732	-5.80849031926203	9.44884498838422e-06	0.000422426715192987	3.5276633524022
Rin3	-0.731360644927177	8.69781035081288	-3.79824297449672	0.0010642255671271	0.0148112436537993	-1.10391692273278
Ripor2	-1.2691214048794	9.89945496494542	-4.40342128722104	0.000252061423323797	0.00505544245651299	0.298587451293208
Rnase2b	-1.63619050489226	5.42651390059117	-5.73237320319903	1.12379908524296e-05	0.000475830803156445	3.35667661830316
Rnf125	-0.619713456061629	4.89723794309728	-3.50896354285906	0.00210836060165434	0.0250887073825114	-1.76377296617
Rnf144a	-2.34316458882234	8.3276449150336	-6.27631256161263	3.30292321091958e-06	0.000201768267140336	4.5641552823868
Rnf145	-0.607215489517504	10.2578970104038	-3.15073268676409	0.00485913924242865	0.0452944225830347	-2.56223563800839
Rpa2	-0.72845235462393	8.42292941192721	-4.1123116907291	0.000504213118436126	0.00849466416902125	-0.378256124785225
Rpia	-0.63462306562964	10.2502391337236	-3.11165157424728	0.00531670619961364	0.0484038013224211	-2.64769726833233
Rpl22	-1.20930136561396	9.13896049978975	-6.85344968261897	9.37568217964085e-07	8.47784142853965e-05	5.80505674406359
Rras	-0.938346799088388	9.24056570880143	-3.93519500525103	0.000768645960332645	0.0116375061437364	-0.788366023831673
Rtn1	-1.20679724202196	6.65294476259469	-4.50762970863972	0.000196728276382767	0.0041374981123603	0.541165025757488
Rwdd2a	-0.781431427527703	5.27877198339544	-3.46088226901252	0.00236049079030214	0.02710872297092	-1.87232155129004
S1pr5	-1.85060646149674	9.28831314032367	-6.21502143454145	3.78490712914638e-06	0.000223532983771173	4.42984609889566
Samsn1	-0.7290886937124	11.7563085520405	-3.4253825365631	0.00256540589232983	0.0288135588117466	-1.95222177914707
Satb1	-0.998186201897333	7.90340661427805	-3.85331643408392	0.000933790899498446	0.013476396164538	-0.97721864807095
Satb2	-2.10293615562307	7.18538306985304	-6.32805553373081	2.94519904091099e-06	0.000185582325392836	4.67717622927531
Scarb1	-0.839347330348401	9.40273652927985	-4.27644925913584	0.000341036989984825	0.00637651521577935	0.00311848097274137
Scgb1a1	-1.2673449460673	9.87364142230996	-3.46670030624272	0.00232847486588523	0.0268302665431916	-1.8592065856738
Scn2b	-1.13822487022983	5.83063149038626	-3.38863537185926	0.00279586775922524	0.0306912643939643	-2.03469956410057
Scrg1	-0.720352705167175	4.94604555007265	-3.77261452136463	0.00113093068538974	0.0155236240305856	-1.16277598814498
Sdad1	-0.700369739135548	9.84030716165166	-3.67758028547349	0.00141643096614581	0.0184049138421264	-1.380418132613
Sdf4	-0.894947274862365	7.14947283426466	-3.79216385158328	0.00107968662021446	0.0149873238131244	-1.11788438312337
Selenbp1	-1.37776196342942	6.99471247042918	-4.29268578489251	0.000328100061099124	0.00619981284284708	0.0408871599560818
Selenbp2	-1.14838565992148	6.71692556557097	-3.66751968035868	0.00145053997080492	0.0187761909235545	-1.40339720530034
Septin11	-0.788271919426144	11.7842860140475	-4.39287350064193	0.000258468947372337	0.00515240275886582	0.274035231054564
Septin6	-1.19177729570369	7.57411389840609	-4.06795601536942	0.00056039550453473	0.00922750005152095	-0.481130630215175
Septin9	-0.910874992819713	8.29311420134924	-4.07631395701349	0.00054935133553886	0.00910183035745285	-0.461753546201556
Serbp1	-0.762095613541733	10.2885997982913	-4.47622607653051	0.0002119776238207	0.00441183598081965	0.4680652520014
Serpinb10	-1.58206812719502	9.91087600308288	-5.98106416417308	6.39270568296571e-06	0.00032297786675397	3.91298022926235
Serpinb1a	-0.991822648209388	5.73809164569661	-3.71607738030154	0.00129307499230636	0.0171463672343523	-1.29237677720579
Serpinb1c	-1.43198021349384	5.42906784577284	-5.06664657997984	5.25011991282338e-05	0.00153336075191128	1.83808059845006
Setx	-0.945759232638022	9.79457476471383	-5.41664202503719	2.32229970711096e-05	0.000825964595829132	2.64121830264676
Sft2d2	-1.1659617093547	10.3579665080055	-6.58378759247156	1.67964728786164e-06	0.000123883662867399	5.23072952201749
Sgk3	-0.606220395400985	10.9657094520644	-3.27516408781515	0.00364277649864458	0.0371118000387056	-2.2877869347499
Sgms1	-0.917346531243681	8.54163376159161	-3.47455495123461	0.00228592685572512	0.0265117821202032	-1.8414919066854
Sgsh	-1.70235900857367	6.57579539126268	-4.52180050441787	0.000190213132704722	0.00401630763712279	0.574148982011539
Siah2	-1.40420955910764	6.33237015973148	-4.0229367825175	0.000623804918549346	0.00998216263500568	-0.585437409852986
Skint3	-1.65359279979502	7.40906169195077	-5.83150705613605	8.96728728658383e-06	0.000405427776897667	3.57924501787514
Slc12a2	-0.854448642869812	10.8787300080744	-3.82856896167025	0.000990315054647173	0.0140389658544092	-1.03418604091964
Slc12a6	-0.69447253765783	9.59910843345427	-4.58823270436074	0.000162448286883186	0.00358679433180415	0.728747461740715
Slc22a15	-0.882759964887389	8.17455796427344	-4.24826000024127	0.000364723046220911	0.00668658918071669	-0.0624397280249207
Slc26a6	-1.18605890198236	6.03202453913388	-3.70844241082514	0.0013166645571792	0.0174014997833634	-1.30985140084832
Slc44a2	-0.705709733987682	11.5598253983086	-4.64649241250887	0.000141476265929777	0.00329117388983442	0.864268433232671
Slc46a3	-1.58449827077397	9.1288094578381	-6.756906984425	1.15393931890026e-06	9.7718512164014e-05	5.60056935598049
Slc49a3	-0.889149931822503	9.63000837164135	-4.24974915765179	0.000363431535740677	0.00667821094090647	-0.058976972556807
Slc4a7	-0.954390846222502	7.01639381569195	-3.12356099601828	0.00517302063208374	0.0473922124879795	-2.62169334990005
Slc5a11	-0.6349397387012	5.02861536031803	-3.27127030536707	0.00367589338214399	0.0373067048707765	-2.29642621329621
Slc6a18	-0.724705301073054	5.22941176787534	-3.16335027816163	0.00471973856808834	0.044330643064703	-2.53456562019112
Slc9a9	-1.69884588598358	5.90222391964724	-5.09143210810562	4.95376051803939e-05	0.00147919658752277	1.89524609023027
Slfn3	-0.977029250071895	5.51192458303911	-3.37839094042077	0.00286365046629086	0.0312424851485925	-2.05764966795644
Smarca2	-0.961785386750275	11.6391977663381	-5.28338854319287	3.16403743051023e-05	0.00105063110114764	2.33654595282394
Smc1a	-0.709630858723475	8.6786215149392	-4.09106987966136	0.000530380366562823	0.00887015440630928	-0.427534598603095
Smim13	-0.988221644871953	8.69331035055654	-5.69062311129746	1.23626897219598e-05	0.00051260323575121	3.26263230582288
Smim5	-1.5156479261188	5.60924886972535	-5.38802000321098	2.48147187089394e-05	0.000858848220881935	2.57590217163978
Smpdl3a	-0.875558771502021	11.4980423410654	-4.76355716743983	0.000107218566185527	0.00268029288780044	1.13632213529553
Snhg11	-0.845421594843999	5.46450114500792	-3.28485572222529	0.0035616060400056	0.0364705724058155	-2.26627012535869
Snrk	-0.620312222888881	10.4278744434297	-4.23831066426794	0.000373470565846326	0.00680022344296979	-0.0855735167937972
Snx27	-0.631125317591261	9.3627627941081	-3.48134315968493	0.00224977108055001	0.0262015322269528	-1.8261742931338
Sort1	-2.278651880722	8.07777237487479	-7.89089997659367	1.08894346736152e-07	1.74285401951211e-05	7.91998405370998
Spcs3	-1.25971990847335	9.07395636905118	-6.54412202991551	1.83151522821696e-06	0.000130863398337556	5.1454283237501
Specc1	-0.708323888098194	7.90300302090324	-3.6627398609041	0.00146702821738427	0.0189048201443118	-1.41431026905012
Spidr	-0.701226556950065	11.4682379865999	-4.16779309685285	0.000441789145248075	0.00771345699783183	-0.24945125602996
Spn	-1.07429090709231	7.79388994421864	-5.44994803021101	2.15009952376795e-05	0.000791088342020829	2.71713326210181
Sptlc2	-1.39425522649156	7.29235696127665	-4.75441790396908	0.000109561900146353	0.00271866389432928	1.11509808114227
Sqle	-1.26816474972441	7.73438706786959	-5.12742081817289	4.55336153759751e-05	0.00138548576823666	1.97817985185825
Sqor	-1.43666727992606	9.50284085460194	-7.37481444857097	3.12096834348309e-07	3.8447507794149e-05	6.88699897959621
Srsf10	-1.14118270727142	8.87619424836964	-4.60022586856099	0.000157889071501935	0.00353428613900486	0.756650699806081
Ss18l1	-0.619884348416644	9.46087808297249	-3.55758297387162	0.00188035730254531	0.0229733729978914	-1.65364457517622
Ssbp3	-1.02325379608128	7.61238570169685	-3.83039839904054	0.000986022828345881	0.0139905100777268	-1.02997668831553
St3gal2	-1.24631472981631	6.84160913488637	-4.47682425617472	0.000211676327934938	0.00441130159973786	0.469457707446863
St3gal3	-1.36506680656929	7.53641408699219	-5.02210347245942	5.82867618681215e-05	0.00166575400066701	1.73525046036851
St6gal1	-2.19292853870789	7.40691909729928	-6.61383573996352	1.57325479483103e-06	0.000119067767795798	5.29520972884802
St8sia4	-2.27177173512861	12.1661415969149	-8.98822057220099	1.30528540264948e-08	3.86872090174166e-06	9.98984854996933
Star	-1.05817468432097	5.56395926927225	-4.39890851866333	0.000254783066998241	0.00510363327572822	0.288082935901388
Stard4	-1.72473744582896	7.85020432109816	-7.48909301412531	2.46428890381598e-07	3.18377364748002e-05	7.11902220798727
Stat5a	-0.59772701909629	10.580674569048	-3.59063939070662	0.00173937871083815	0.0215971732094372	-1.57857080100062
Stk16	-1.34312945509693	6.13305212708719	-3.96587611020826	0.000714543596073464	0.0110430639575737	-0.717466456266574
Stk17b	-0.6333868395579	10.8711616085007	-4.1379971609353	0.000474287666416852	0.00805835891826084	-0.318641199115926
Stk38	-0.822350713046125	9.8234892157034	-4.43816168323533	0.000232063892430432	0.00473520227267343	0.379456743338277
Stxbp5	-1.09613326864514	5.91299249014508	-3.83605642968917	0.000972864393310882	0.0138776244339935	-1.01695616648498
Stxbp6	-1.55232723800342	8.1022625134589	-7.00155727011309	6.83431613855024e-07	6.71062759493844e-05	6.11627543067299
Sub1	-0.98080886096768	6.75243776682637	-3.77899694409826	0.00111394118677668	0.0153430539538389	-1.14812414307625
Sucla2	-0.685645378228674	9.58538664538582	-3.92452300138759	0.000788404297043315	0.0118260644556497	-0.813011273737813
Sulf2	-1.18505934694379	8.33776528700976	-4.99462848234028	6.21735761540875e-05	0.00173966448661918	1.67176431607848
Sun1	-1.48921433463194	8.47184366261856	-6.5612698192895	1.76420148285595e-06	0.000128345657877771	5.18233030641913
Susd3	-1.12471560331679	7.08318560002268	-4.14026492635625	0.000471732362717721	0.00804055001629087	-0.313376430600395
Svip	-1.52513424955621	7.65684790478876	-5.6673331245307	1.30393713196668e-05	0.000533747155936745	3.21009252668429
Syk	-1.0026838352364	8.65399047863256	-5.57338149550477	1.61759950278948e-05	0.000623527447906091	2.99759612959464
Syncrip	-1.14716953520436	9.8468016708179	-7.80595690766959	1.29182199375052e-07	2.00734087475505e-05	7.75258927371943
Syne2	-1.3864249550669	5.64604811860668	-4.1306887114963	0.000482617240105595	0.00816521028318186	-0.335606762552415
Tacc1	-0.690769204727628	8.51719003398105	-4.16871286726617	0.000440822169005122	0.00771077466112239	-0.24731487735589
Taf3	-0.729903020305112	8.78881407444181	-4.15903348465164	0.000451105238219051	0.00782251125823487	-0.269795851347466
Tbc1d2b	-0.778463284222848	10.3912964206265	-4.05660467979237	0.000575750599916332	0.00942217622869212	-0.507441664226204
Tbc1d5	-0.870845736449785	7.81999063578529	-3.81965931970029	0.00101148517918464	0.0142460254461082	-1.05468176657729
Tcea3	-1.43103771536375	8.15665992409292	-5.14959640689321	4.32315291521198e-05	0.00132169282694957	2.0292389709292
Tceanc2	-0.915088664877929	7.68549569119728	-4.16534582796107	0.000444372354653971	0.00773904193279304	-0.255135445457048
Tdrd3	-1.09751037183941	7.16300385920056	-4.16438692175229	0.000445388637843825	0.00774830994422872	-0.257362602444488
Tesk2	-1.46726642754144	6.41583237782539	-4.42686325762672	0.000238386302960573	0.00482958579605565	0.353155653538646
Tfb1m	-1.51824089495024	6.09908919117178	-4.31772316951794	0.000309107925151266	0.00592487705634253	0.0991382319430496
Tfdp1	-0.63720904163972	10.0819018459801	-3.33924362370069	0.00313779227099471	0.0333912003306319	-2.14516985151274
Tfdp2	-1.24845426777648	7.16022444147668	-5.02061173689854	5.84913307325748e-05	0.00166575400066701	1.73180464858482
Thap11	-0.684906147637255	8.19447412796656	-3.25996399429004	0.00377372553918318	0.0378673838587002	-2.32149399245268
Thbd	-1.47674237587262	10.5383932640269	-7.81656746107057	1.26447855683416e-07	1.98411561785595e-05	7.77355580188236
Thnsl1	-1.08583145518635	5.59453169745801	-3.95788646673871	0.00072825627888694	0.0111966779477286	-0.735935844683068
Tial1	-0.62166207195723	9.18117850044783	-3.83128558506028	0.000983947960930725	0.0139734579544776	-1.02793525015601
Tiam1	-0.87388561442792	11.566185919692	-4.2348775933163	0.000376537428056989	0.00681728680548881	-0.0935553229540886
Tiam2	-1.77106076466553	8.7256096889537	-4.91096588235211	7.57041500282156e-05	0.00203296127718388	1.47819089396682
Ticam2	-1.08316346544106	8.52292018311264	-4.69871938064941	0.000125004435018996	0.00297722616440333	0.985690772203773
Timm21	-0.85604436300155	9.10679413624596	-5.08137529904185	5.0719080897281e-05	0.0014935278216465	1.87205571096971
Timp2	-0.774503325286161	8.4616091053559	-4.15013589887383	0.000460769081357545	0.00795285768622262	-0.290457819304458
Tle5	-0.615186590563159	8.59292157936089	-3.3227159882748	0.00326108476132729	0.0342928131439181	-2.18203227449628
Tlnrd1	-0.784461554574997	6.93180900418359	-3.11945286615597	0.00522215458588343	0.0477058128693289	-2.63066728235663
Tmc6	-1.75439969885432	8.10178544992763	-5.93202577532772	7.14091463568973e-06	0.000349511739278942	3.80382882995038
Tmcc1	-1.47173758685072	9.46888452864247	-7.37451870456212	3.12288410699117e-07	3.8447507794149e-05	6.88639610763302
Tmem106b	-0.643697304808809	7.84966342019206	-3.19260013011041	0.0044113441580929	0.0421279851159365	-2.47027886524737
Tmem109	-1.1808321688745	8.42778741380318	-5.74967295449898	1.08030912087749e-05	0.000462308756140218	3.39559205845232
Tmem176b	-1.2600322066748	9.96167031895439	-6.03574572888361	5.65233574353638e-06	0.000294676330864168	4.03436576420615
Tmem268	-0.994821220237072	8.26854830270955	-4.37589729398522	0.000269126756264401	0.00531118832800462	0.234521185109926
Tmem43	-1.01328617385592	9.87169251026467	-4.81236913226834	9.55335463808168e-05	0.00244642305571996	1.24962627099689
Tmem50b	-0.79131307538503	10.1139824830606	-4.54418475326263	0.00018036113312304	0.00386954414964378	0.626246820447291
Tmem71	-1.46161009883347	8.96971116321391	-6.41646900405979	2.42317881275653e-06	0.000160925215345097	4.86951069539677
Tmem81	-1.06916203681625	6.0655496436624	-3.45386877245932	0.00239965965077225	0.0274332519361499	-1.88812385988962
Tmpo	-0.851368141294172	9.97630352563745	-4.83207456085023	9.11888924758485e-05	0.00236544282670333	1.29534090142658
Tnfrsf21	-0.967985613117696	11.3180199164544	-3.6485156637242	0.0015171977570284	0.019379688827805	-1.44676945755053
Tnfsf14	-0.901575026024314	7.55630121525871	-3.8344499998764	0.000976582532340147	0.013905874937815	-1.02065325684648
Tnnt3	-1.24365574476517	5.50361550904538	-3.91728042554286	0.000802100127478325	0.0119828261940794	-0.829731880805012
Tns4	-1.12210744780209	7.55329172265503	-3.94065704699142	0.000758724731713602	0.0115329459998659	-0.775749033982272
Top2b	-0.759548242450885	11.6146806863865	-4.59832176574712	0.000158604216383952	0.00354039118999324	0.752220789987183
Tpcn1	-0.767751045353125	7.50345479560707	-3.23945620650115	0.00395768753387843	0.0391885170112369	-2.36689375532361
Tpd52l2	-0.726635213625025	8.30409600053084	-3.48532406384924	0.00222882952825223	0.0260954035111024	-1.81718791310273
Tppp	-1.54052021094204	6.08473706590579	-5.25325431449657	3.39402626840175e-05	0.00110634196386497	2.26744747996146
Trav3-3	-0.79937548591194	12.3743523174179	-4.5244735578312	0.000189008728295678	0.00400143478356129	0.580370593993177
Treml4	-0.862765364088789	7.76125312970348	-3.87234590518298	0.000892514828459835	0.0130216042201455	-0.933376738776763
Trf	-1.94372527450421	7.6175138357208	-5.41246550125199	2.34486230033645e-05	0.000826641434292619	2.63169179870906
Trip6	-1.38642979715428	7.65237959779338	-5.3516072219001	2.70013717579007e-05	0.000921443400821323	2.49270628561709
Trps1	-1.08561786859504	8.36390143167626	-4.48186541084635	0.000209154202325742	0.00436442373953521	0.481192563560433
Tshz1	-1.47854430902209	8.21928763719154	-6.88333433171819	8.79418944360895e-07	8.04291440256921e-05	5.86809708897188
Tspan14	-0.633523559230168	9.5414541027858	-3.19657101414462	0.00437101638206225	0.0419223821213075	-2.46153634195801
Tspan32	-1.17266517977005	6.06262000663394	-4.23596350290595	0.000375564637436124	0.00680737488353926	-0.0910306453461809
Tstd1	-0.962344307240493	7.82227998673515	-3.68233079145756	0.00140060160879875	0.0182249014218081	-1.36956339659869
Ttc27	-1.05841391606173	6.2736495058956	-3.96935852447896	0.000708647395529482	0.0110197897876396	-0.709414885770427
Txlnb	-1.0237029658413	5.38287967064757	-4.396352596848	0.00025633760742669	0.00512195181880671	0.282133490324654
Ube2i	-0.600751333890273	9.18781702321832	-3.9913641625395	0.000672492691756885	0.0105729327422092	-0.658517388871791
Ubqln2	-0.808590003077842	8.65382104139391	-4.78884898250867	0.000100994116623726	0.0025576120831689	1.19504161638159
Uggt1	-0.893377804167436	9.07398246286626	-5.19817084983241	3.8592948191759e-05	0.00121590577915178	2.14096159046544
Ugt1a10	-1.78255944181363	6.26457692691745	-4.94359027534833	7.01049042600339e-05	0.00191146336061643	1.55371903921693
Ugt1a2	-1.0884143297539	10.888432062913	-6.30013469855804	3.13299968673605e-06	0.000194355271264382	4.61623119633427
Ugt1a7c	-1.59841253107685	8.63328040471326	-6.51154056510029	1.9667755282576e-06	0.00013843853286425	5.07520659756226
Ugt1a9	-0.993042389475222	5.52565002164405	-3.37130284262667	0.00291148745049306	0.0315921062000958	-2.07351752337544
Unc119b	-0.987251673824474	7.62937934788431	-3.969044345776	0.000709177349657533	0.0110197897876396	-0.710141321923257
Upb1	-1.99563466092905	5.93690572151605	-6.08835713520102	5.02273231712568e-06	0.000270817900519295	4.15082526249277
Usf3	-0.642733919107055	9.61302287635221	-3.62277441294915	0.00161232928587367	0.0203031709051205	-1.50544460456445
Usp24	-0.859773110281852	7.61117545500249	-3.88233390462264	0.000871580445000761	0.0127978394699424	-0.910352997176166
Usp48	-0.677005324884236	9.83927466618374	-3.53808351700503	0.00196873077181544	0.0237270602431522	-1.69785553261081
Utp6	-0.726636740130446	8.21289139695071	-3.3370858479936	0.00315362659515223	0.0334722397587789	-2.14998545496234
Vcl	-0.881318346616577	11.6156445358998	-4.70921560711049	0.00012193502625122	0.00291714513475452	1.01008451589355
Vezf1	-0.738681391925444	7.94768839355465	-3.26892713149865	0.00369596343104586	0.0374866252939728	-2.30162357822586
Vkorc1	-1.36480055493447	7.11673971244822	-4.39716665386633	0.000255841458052389	0.00511842817016061	0.284028374723268
Vnn3	-1.54284816076706	7.42201168094903	-5.59306869449985	1.54604209630361e-05	0.000602053619253997	3.04219587126272
Vps13b	-1.16298681037318	8.46002264577144	-5.51700867716193	1.84175469696129e-05	0.000695397872524323	2.8696828925334
Vps13c	-1.46153794802475	7.88834230101878	-6.72780757770933	1.22876483577387e-06	0.000102429068732087	5.53868521299546
Vsir	-0.65158000799174	10.0932538143449	-3.29615267663355	0.00346921482798494	0.0357993445015467	-2.24116497449461
Wdcp	-0.936066368865679	5.30253787807858	-3.89720370850451	0.000841314202440144	0.012446069939314	-0.876060620206689
Wdr3	-0.933872576505719	9.1222495913155	-5.86510679312932	8.30891737901058e-06	0.000382138570836392	3.65443988488126
Wrn	-0.72994898061512	9.11664717783673	-4.24894422288251	0.000364129066719464	0.00668335517528099	-0.0608487041881389
Xpc	-1.05951551843694	8.24481542588014	-4.74512824051409	0.000111996814110638	0.00274925770027993	1.09352182348627
Xpo7	-0.764091028714939	7.56867472240868	-3.61981021724998	0.00162365486139212	0.0203976421166255	-1.51219570751088
Xpr1	-0.958356866773894	9.68562579537933	-4.94721174423186	6.95097877733761e-05	0.00189847125138718	1.56209967384682
Ydjc	-1.22675282578157	5.46022796258864	-3.735682196184	0.00123439979154754	0.0165465399193621	-1.24747586196129
Ypel2	-1.43414440553423	6.90745505556161	-4.64232748108839	0.000142880523908033	0.00331901710471417	0.854582496937686
Ypel3	-0.611267385459325	11.0420809655434	-3.7901298146779	0.00108490932268772	0.0150392297035883	-1.12255698922886
Zbtb44	-0.628233988860493	8.2486549184259	-3.16346045933338	0.00471853852787991	0.044330643064703	-2.53432383097561
Zcchc24	-0.639268736695941	10.3492663739992	-4.6341659544589	0.000145673161715005	0.00333807119437845	0.835600981066114
Zdhhc17	-0.605769657511506	5.19689387043171	-3.13048816838444	0.0050911827530922	0.0468570327563201	-2.60655208196082
Zer1	-0.650580274995537	8.74653121300753	-4.03723739747643	0.000602923609923151	0.00975127559398594	-0.552316282058134
Zfand1	-0.718280685693531	7.7122960011365	-3.40501323371228	0.00269075170663881	0.0297824903629005	-1.99796959422036
Zfand4	-0.817729946768887	5.2634545139818	-3.68530479783939	0.00139078087539978	0.0181858234565142	-1.36276651653945
Zfhx2	-1.00810077304797	7.28192817724079	-3.72081579976587	0.00127864548202767	0.016997276528117	-1.28152832581155
Zfp12	-0.688973302138171	8.73469226985504	-3.8209288537238	0.00100844145545952	0.0142454593950835	-1.05176178851294
Zfp326	-0.77061384038106	9.71061951895124	-4.23435147064801	0.000377009651219922	0.00681812369240095	-0.0947785160759382
Zfp362	-0.737581743488837	8.83787190997647	-4.2798447623612	0.00033828991779823	0.00633996502852537	0.0110164793683882
Zfp518b	-0.89569415661508	7.28389883949557	-3.37657816180568	0.0028758110754989	0.0313324412956841	-2.06170874794906
Zfp706	-0.973358672273744	6.10672240903691	-3.13558326367257	0.00503179110994643	0.0464707540188647	-2.59540789685352
Zfp931	-0.864902087320964	8.51709188564042	-4.04960153501187	0.000585432378644862	0.00954159391060185	-0.523670607904378
Zhx1	-1.00540096337284	8.21230062807081	-3.82314531310974	0.00100314922014279	0.0141957588579888	-1.04666348053547
