gene	log2FC_TX91_vs_Sham	FDR_TX91_vs_Sham	already_down_in_TX91	pass_step5
Tshz1	-1.15551680580072	0.00144161604083924	TRUE	FALSE
2900060B14Rik	1.37043046295672	0.00200447351843263	FALSE	TRUE
Tfdp2	-1.21623362129027	0.00376829709617889	TRUE	FALSE
Irf4	-1.1875690694036	0.00533719161833879	TRUE	FALSE
Jade1	-1.09035264776162	0.00533791780653306	TRUE	FALSE
Rpl22	-0.831511219990009	0.00536530647758052	TRUE	FALSE
Bcl7c	-0.897857787203636	0.00635653499140029	TRUE	FALSE
Slc12a2	-0.991607994298654	0.0091077137124115	TRUE	FALSE
Timp2	-0.811608163948614	0.010987187945736	TRUE	FALSE
Amigo1	-1.06081472494002	0.0111086396852519	TRUE	FALSE
Hpgd	-0.88985618913703	0.0115999209506468	TRUE	FALSE
Tial1	-0.691183672469608	0.0129381621363566	TRUE	FALSE
Tmem106b	-0.858961755195924	0.0129381621363566	TRUE	FALSE
Prorsd1	-0.778675327336948	0.0131983519361145	TRUE	FALSE
Zfhx2	-1.11307679666073	0.0173360169604989	TRUE	FALSE
Sgms1	-1.07403317356416	0.0185282808298738	TRUE	FALSE
Kif23	-1.0783376255707	0.0203088969907622	TRUE	FALSE
Prrc2b	-0.507416274735384	0.0208074287477846	TRUE	FALSE
St6gal1	-1.32226830895609	0.0214453373294492	TRUE	FALSE
Pacs1	-0.980166308885888	0.0247061148840959	TRUE	FALSE
Lpin1	-0.927495638731939	0.0249957308536348	TRUE	FALSE
Slc12a6	-0.591010588587672	0.0250056366143947	TRUE	FALSE
Satb1	-1.0075148329687	0.0256922906725034	TRUE	FALSE
Slc46a3	-0.902236635351032	0.0277543392051914	TRUE	FALSE
Rfx1	-0.595885392014372	0.0315364919654134	TRUE	FALSE
Pot1a	-0.998723819470116	0.0351035015141763	TRUE	FALSE
Top2b	-0.608760782881619	0.0362997392224066	TRUE	FALSE
Dnajc28	-0.867370544027644	0.0364960820045189	TRUE	FALSE
Zfp12	-0.662213346970795	0.0368855504261794	TRUE	FALSE
Plekhg3	-0.627982851902717	0.0394553390485109	TRUE	FALSE
Zer1	-0.58492103255303	0.0394738749202786	TRUE	FALSE
Bnip3l	-0.639357983364429	0.0437279562890826	TRUE	FALSE
Dusp22	-0.853485305776033	0.0439041549381814	TRUE	FALSE
N4bp2l1	-0.554298972831432	0.0462086651113747	TRUE	FALSE
Syncrip	-0.51525048889013	0.0482628427488558	TRUE	FALSE
Ticam2	-0.806466574838119	0.0490285680986323	TRUE	FALSE
Xpc	-0.780083966021733	0.0494061877566676	TRUE	FALSE
Rpa2	-0.618479881390925	0.0495903414168892	TRUE	FALSE
Tppp	-1.01657286757765	0.0516328883333814	FALSE	TRUE
Kdsr	-0.643987167774592	0.0517474867491517	FALSE	TRUE
Slfn3	0.970612836940814	0.0620452424088775	FALSE	TRUE
Ctps2	-1.13765748277871	0.062342579356963	FALSE	TRUE
Serpinb1c	0.947078888926111	0.0624079130388661	FALSE	TRUE
Gdpd3	-0.676508242448081	0.0624206257328713	FALSE	TRUE
Atosa	-0.967142851639737	0.0626841553190177	FALSE	TRUE
Arhgap21	-0.872252740443093	0.0640530182698743	FALSE	TRUE
Brd3	-0.518169492249106	0.0709854910222231	FALSE	TRUE
Smarca2	-0.595041460869055	0.0713852271578819	FALSE	TRUE
Slc49a3	0.681925075102033	0.0725312116148174	FALSE	TRUE
Frat2	-1.07286721005512	0.0744351763667923	FALSE	TRUE
Elmo2	-0.776617889092566	0.075979722217935	FALSE	TRUE
Usp48	-0.61827922395794	0.0761228939584623	FALSE	TRUE
Mapk8	-0.556550281229473	0.0765378982696398	FALSE	TRUE
Cdkn2d	0.609187573041444	0.0770599181303585	FALSE	TRUE
Ypel3	-0.517247339126564	0.0783745721466255	FALSE	TRUE
Nr1d2	-0.665801671360718	0.0807476751675324	FALSE	TRUE
D030029J20Rik	-0.886615558427406	0.0838984648575674	FALSE	TRUE
Kpnb1	-0.478854699789608	0.086501566074362	FALSE	TRUE
Tnfsf14	0.739171933174446	0.0871589382288585	FALSE	TRUE
Kctd12b	-0.794807763788557	0.088935533093781	FALSE	TRUE
Qser1	-0.748272247896199	0.0890449003821582	FALSE	TRUE
Mdm1	-1.13881151439466	0.0893294127724808	FALSE	TRUE
Thbd	-0.570498176493485	0.106873314545185	FALSE	TRUE
Utp6	-0.657523033403482	0.106873314545185	FALSE	TRUE
Depp1	-1.00237012900843	0.107672236694926	FALSE	TRUE
Gtf2i	-0.736920129134973	0.108680785938276	FALSE	TRUE
Rbpms	-0.69227755377562	0.108867470603243	FALSE	TRUE
Mapre2	-0.450730100411054	0.110403797788712	FALSE	TRUE
Ralgps2	-0.892760200037509	0.110489106167181	FALSE	TRUE
Serpinb10	-0.784105420558202	0.117409298385651	FALSE	TRUE
Nr4a2	-0.866313173078425	0.119035614998254	FALSE	TRUE
Hook3	-0.670262722693685	0.121663683564622	FALSE	TRUE
Bcl3	0.623338313120918	0.123042095463905	FALSE	TRUE
Csad	-0.848538806896085	0.130548418947525	FALSE	TRUE
Rabgap1l	-0.934110268745158	0.137746808878799	FALSE	TRUE
Mbp	-0.603209349407873	0.145398460287293	FALSE	TRUE
Bri3bp	-0.747098401330076	0.149875792503721	FALSE	TRUE
Prkag2	-0.818424492390378	0.15251140714944	FALSE	TRUE
Septin6	-0.814213955545601	0.153645178372228	FALSE	TRUE
Rasgrp4	-0.611855818642578	0.160404708048525	FALSE	TRUE
Arhgap39	-0.438207009978354	0.164770644199464	FALSE	TRUE
Camkk2	-0.494369856998166	0.16477440814826	FALSE	TRUE
Kmt5c	-0.630998505671714	0.16477440814826	FALSE	TRUE
Vps13b	-0.572966601877214	0.16477440814826	FALSE	TRUE
Msh2	-0.710431470664141	0.166441694247069	FALSE	TRUE
Ccdc88a	-0.394303856294375	0.167677582555341	FALSE	TRUE
Pde2a	-0.990085979105681	0.167715421160331	FALSE	TRUE
Skint3	-0.765765039236125	0.168667956810955	FALSE	TRUE
Lpgat1	-0.415851906820993	0.170635084281403	FALSE	TRUE
Wdr3	-0.428705854501329	0.170635084281403	FALSE	TRUE
Pccb	-0.708978567883293	0.173240451271729	FALSE	TRUE
Zfp706	-0.828259669421492	0.175926378683254	FALSE	TRUE
Arhgef6	-0.545258396325927	0.179540597834289	FALSE	TRUE
Cers5	-0.425959645628136	0.181387541819694	FALSE	TRUE
Prmt3	-0.371240835936913	0.181387541819694	FALSE	TRUE
Rfc4	-0.71949488562216	0.1838755122079	FALSE	TRUE
Stxbp6	-0.580828861682489	0.186726784194784	FALSE	TRUE
9130008F23Rik	-0.921882685346757	0.187677546255297	FALSE	TRUE
Eeig2	-0.588452320772671	0.1881754511298	FALSE	TRUE
Specc1	-0.505418903877391	0.1881754511298	FALSE	TRUE
Nat8l	-0.917407412516225	0.188293914704217	FALSE	TRUE
Klhl42	-0.77325895823246	0.19474026931115	FALSE	TRUE
Ccpg1	-0.557468505311787	0.196567454013397	FALSE	TRUE
Sft2d2	-0.457333596831059	0.196612415349486	FALSE	TRUE
Nadk2	-0.662470946550894	0.206228587099095	FALSE	TRUE
Xpr1	-0.49281101277835	0.206814648966615	FALSE	TRUE
Cdc42ep3	-0.47112382962119	0.206866595320292	FALSE	TRUE
Cd37	-0.682170191183232	0.210258603664355	FALSE	TRUE
Mef2c	-0.524776864266096	0.211228671073041	FALSE	TRUE
Aph1b	-0.696035910443421	0.211761876559839	FALSE	TRUE
St8sia4	-0.635534995070916	0.212714406211669	FALSE	TRUE
Rbbp4	-0.426567574546695	0.214031944149182	FALSE	TRUE
Huwe1	-0.380917946790497	0.214400998326106	FALSE	TRUE
Kctd12	-0.443576462101831	0.214400998326106	FALSE	TRUE
6430548M08Rik	-0.523961667241762	0.218845477968293	FALSE	TRUE
Crem	0.757761229154609	0.220669103768132	FALSE	TRUE
Gadd45a	0.687634264089116	0.220874240557721	FALSE	TRUE
Nin	-0.369643433109973	0.224399232229476	FALSE	TRUE
Prkar2b	-0.740332637200549	0.231343396368383	FALSE	TRUE
Dhcr24	0.800530920672371	0.244033711286008	FALSE	TRUE
Stk17b	-0.366818177338361	0.245946798840833	FALSE	TRUE
Tceanc2	-0.523430706606842	0.250615851170782	FALSE	TRUE
Arid5a	0.588288218589591	0.252062947504266	FALSE	TRUE
Zhx1	-0.624149537645943	0.25267621691198	FALSE	TRUE
Snx27	-0.428729339108129	0.254949852895996	FALSE	TRUE
Foxk2	-0.407871395427472	0.256787921594755	FALSE	TRUE
Zfp362	-0.401410111806115	0.265451053428393	FALSE	TRUE
Fmo5	-0.783013065520809	0.278600481940492	FALSE	TRUE
Tpcn1	-0.542066888056245	0.278600481940492	FALSE	TRUE
Smim13	-0.395696056639663	0.280808974509749	FALSE	TRUE
Adgre4	-0.486496981441672	0.282559486020532	FALSE	TRUE
Trip6	0.588165323812115	0.283035187787231	FALSE	TRUE
Clec2i	-0.518132596154677	0.283891170119822	FALSE	TRUE
Klrb1f	0.97810948446558	0.28493824914149	FALSE	TRUE
Ubqln2	-0.381529562473697	0.284974797688861	FALSE	TRUE
Cnst	-0.412514796451667	0.286897414901856	FALSE	TRUE
Ssbp3	-0.601826341322822	0.286897414901856	FALSE	TRUE
Vezf1	-0.508301701714338	0.287180844795269	FALSE	TRUE
Tdrd3	-0.592037972834357	0.288482274872363	FALSE	TRUE
Kif21b	-0.409432321681495	0.29029899915252	FALSE	TRUE
Golim4	-0.505835075973069	0.294536635118711	FALSE	TRUE
Rab36	-0.579535935713262	0.301575100358179	FALSE	TRUE
Zfp326	-0.401213097101589	0.301684785076899	FALSE	TRUE
Frat1	-0.74945039440516	0.303600979279368	FALSE	TRUE
Kiz	-0.56194313394374	0.304360539064406	FALSE	TRUE
Insr	-0.467512667465572	0.310981241273163	FALSE	TRUE
Rin3	-0.415165071029117	0.318375715490584	FALSE	TRUE
Pigb	-0.643227489032355	0.322757535737506	FALSE	TRUE
Abcb7	-0.323700175156608	0.322897580474408	FALSE	TRUE
Lima1	-0.488047513954047	0.326501333544238	FALSE	TRUE
Man2a2	-0.473620506771862	0.326509858768209	FALSE	TRUE
Trf	-0.762476579841325	0.33201432413253	FALSE	TRUE
Taf3	-0.371443103409764	0.33413950905144	FALSE	TRUE
Ace	-0.571659541599798	0.335214352946243	FALSE	TRUE
Cyb5a	-0.471200638261998	0.337602636947098	FALSE	TRUE
Akap9	-0.467439885917496	0.338274061270039	FALSE	TRUE
Cyp27a1	-0.413760943544679	0.341823997107634	FALSE	TRUE
Rnf145	-0.402614422773983	0.341823997107634	FALSE	TRUE
Grk3	-0.527979766833166	0.341884967104164	FALSE	TRUE
Sort1	-0.602063669728672	0.342805656008625	FALSE	TRUE
Slc9a9	-0.693799365839394	0.345306812670817	FALSE	TRUE
Ints6l	-0.318334692630627	0.351895916175728	FALSE	TRUE
Rassf3	-0.310598774402589	0.352058114259282	FALSE	TRUE
Unc119b	-0.512477477944954	0.352058114259282	FALSE	TRUE
Dipk1a	-0.399566675295741	0.352456477588428	FALSE	TRUE
Klf4	-0.339068566032402	0.354322602316199	FALSE	TRUE
Ear10	-0.541444202684399	0.357773447492972	FALSE	TRUE
Gm13498	0.52128136673962	0.360393150527803	FALSE	TRUE
Usf3	-0.360477146513407	0.360393150527803	FALSE	TRUE
Ift140	-0.332343936257205	0.360946079639835	FALSE	TRUE
9130004J05Rik	-0.53067931900113	0.368186960615117	FALSE	TRUE
Snrk	-0.293123579048471	0.372004283939687	FALSE	TRUE
Arpp19	-0.419264925177115	0.372565221440131	FALSE	TRUE
Tnnt3	0.635073481498974	0.372565221440131	FALSE	TRUE
Dlgap4	-0.440007609493104	0.372999524864356	FALSE	TRUE
Emb	-0.356894800644803	0.378549253195297	FALSE	TRUE
Abca9	-0.651277517147916	0.380593552392893	FALSE	TRUE
Abtb1	-0.572025648047781	0.381056583241745	FALSE	TRUE
Ash2l	-0.303805815548627	0.381056583241745	FALSE	TRUE
Tmem71	-0.448718166495839	0.382769767829456	FALSE	TRUE
Dicer1	-0.439326400628099	0.383641219028504	FALSE	TRUE
Trps1	-0.473865334788337	0.388598712642394	FALSE	TRUE
Pcnx1	-0.506256725575834	0.389260587814286	FALSE	TRUE
Sucla2	-0.341082013762355	0.389584184419335	FALSE	TRUE
Fam234a	-0.479155937528192	0.389909420481985	FALSE	TRUE
Aff4	-0.446609555009344	0.393031205374471	FALSE	TRUE
Sdf4	-0.456824320274936	0.393482290630766	FALSE	TRUE
Kifap3	-0.456964536061371	0.397633373974103	FALSE	TRUE
Slc22a15	-0.39922511731144	0.398936307972727	FALSE	TRUE
Chml	-0.520137866939621	0.405928455229626	FALSE	TRUE
Zfp518b	-0.504627544621579	0.405928455229626	FALSE	TRUE
Thap11	-0.398481214675373	0.40827346700016	FALSE	TRUE
Klhdc2	-0.347302664468755	0.410189133217869	FALSE	TRUE
Zbtb44	-0.372978328535702	0.417753808434817	FALSE	TRUE
Herc4	-0.26387066167883	0.418275168344735	FALSE	TRUE
Herc2	-0.320520885689959	0.419263780272006	FALSE	TRUE
Ugt1a10	0.66938502164411	0.42564704632101	FALSE	TRUE
Fam117b	-0.410897831643247	0.426527262250541	FALSE	TRUE
P2ry1	-0.491245986838429	0.427318727927751	FALSE	TRUE
Gstm1	-0.485702542620038	0.429353461166506	FALSE	TRUE
Tmem109	-0.37841165951667	0.42939684295962	FALSE	TRUE
Ralgapa1	-0.355361829060207	0.431412707499496	FALSE	TRUE
Bmyc	-0.358941869441987	0.43552329920479	FALSE	TRUE
Atrnl1	-0.372638054750945	0.437311590725072	FALSE	TRUE
Srsf10	-0.450710227477026	0.439020375032872	FALSE	TRUE
Svip	-0.488889953114075	0.439020375032872	FALSE	TRUE
Tpd52l2	-0.378663633531906	0.439090290868413	FALSE	TRUE
F5	-0.558707623942913	0.440308633042798	FALSE	TRUE
Ldlrad3	-0.47707423496535	0.440308633042798	FALSE	TRUE
Ahsa2	-0.35406382870215	0.443986624393964	FALSE	TRUE
Peg13	-0.70259823284481	0.443986624393964	FALSE	TRUE
Pon2	-0.273718706825235	0.445961043567954	FALSE	TRUE
Glo1	-0.332956817105593	0.447201075715596	FALSE	TRUE
Serbp1	-0.304926091527328	0.447279498847157	FALSE	TRUE
Klc1	-0.328036986776418	0.450736979745067	FALSE	TRUE
Plcb2	-0.353591486437901	0.450736979745067	FALSE	TRUE
Il17ra	-0.353680198645803	0.455238490121348	FALSE	TRUE
Spn	-0.347147055959853	0.458895102115212	FALSE	TRUE
Stard4	-0.405762756752992	0.458895102115212	FALSE	TRUE
Anp32a	-0.362996352777003	0.462323195511474	FALSE	TRUE
Pgm2l1	-0.522278762354171	0.46272864303505	FALSE	TRUE
Ypel2	-0.539799874668783	0.463928968758826	FALSE	TRUE
Tmem268	0.396751882960677	0.464802768416319	FALSE	TRUE
Prkab2	-0.596586192685021	0.467589995236031	FALSE	TRUE
Itgal	-0.404461975374554	0.469926843932686	FALSE	TRUE
Ear4	-0.482880608397529	0.473420261816452	FALSE	TRUE
Glud1	-0.291963527116062	0.478491002546119	FALSE	TRUE
Prr5l	0.347857840367784	0.479550027507285	FALSE	TRUE
Myo5a	-0.298260092983895	0.479986192591714	FALSE	TRUE
Bltp3b	0.375280501310625	0.485068196387742	FALSE	TRUE
Tiam2	-0.608806587327825	0.487108912617156	FALSE	TRUE
Trav3-3	-0.297674928675709	0.488096389690709	FALSE	TRUE
Usp24	-0.372637878777757	0.489364020713336	FALSE	TRUE
Hlcs	-0.502953522581381	0.489884794535801	FALSE	TRUE
Arhgef18	-0.389770506073372	0.490291355384495	FALSE	TRUE
Ear2	-0.476934793043258	0.491424216462828	FALSE	TRUE
Ip6k3	-0.330413575289102	0.49244788795422	FALSE	TRUE
Mki67	-0.448132634728663	0.493348766637943	FALSE	TRUE
Cyp7b1	0.529782370608042	0.49351494399091	FALSE	TRUE
Ndrg3	-0.49536720532968	0.501291361678939	FALSE	TRUE
Cx3cr1	-0.47496830745828	0.505171163354884	FALSE	TRUE
Ipmk	-0.330641570734777	0.506331124132421	FALSE	TRUE
Itgb7	0.284851909216917	0.50699915247182	FALSE	TRUE
Ahr	-0.492079152493394	0.507079277833022	FALSE	TRUE
Grk5	-0.59741730820297	0.507533749792437	FALSE	TRUE
Nxpe4	-0.421803323478246	0.516498494985287	FALSE	TRUE
Septin11	-0.289743627942963	0.516619271180448	FALSE	TRUE
Dock8	0.252759776142293	0.517934264225544	FALSE	TRUE
Add3	-0.445031701600604	0.519156405945242	FALSE	TRUE
Gphn	-0.482735703581312	0.519156405945242	FALSE	TRUE
Scarb1	-0.314489605158547	0.519156405945242	FALSE	TRUE
Tmcc1	-0.31999987906198	0.519156405945242	FALSE	TRUE
Arhgap45	-0.317853557084689	0.519263023606022	FALSE	TRUE
Arhgap23	-0.401299893146513	0.520263267509919	FALSE	TRUE
Pex26	-0.357927739222168	0.520263267509919	FALSE	TRUE
Abcd2	-0.455261599233518	0.52123568636093	FALSE	TRUE
Ptgr3	-0.509719668033205	0.524707214496165	FALSE	TRUE
Hipk3	-0.277952130909352	0.531815571369614	FALSE	TRUE
Orc3	-0.409591472278751	0.537223018321125	FALSE	TRUE
Nadk	-0.284900430713909	0.538083896865628	FALSE	TRUE
Eeig1	-0.325509492785002	0.54175006034754	FALSE	TRUE
Kctd10	-0.254642160144726	0.54505425432366	FALSE	TRUE
Metap1d	-0.479286225066617	0.54505425432366	FALSE	TRUE
Gsto1	-0.244601977391673	0.54629765358095	FALSE	TRUE
Fry	-0.377313117679764	0.546428324440158	FALSE	TRUE
Rasgrp2	-0.619410698777491	0.554609955759576	FALSE	TRUE
Entpd5	-0.447206688774653	0.557602642910096	FALSE	TRUE
Abca3	-0.308600867593084	0.558816821065112	FALSE	TRUE
Dock5	-0.299025590298863	0.561174528582204	FALSE	TRUE
Elp1	-0.318125641172252	0.561174528582204	FALSE	TRUE
Setx	-0.257517401571407	0.567035015914929	FALSE	TRUE
Klf2	-0.386973803507717	0.572163376383766	FALSE	TRUE
Arrb1	-0.403155429341071	0.57337455696095	FALSE	TRUE
Mboat1	-0.357785839199133	0.575750817182382	FALSE	TRUE
Hipk1	-0.283421315182668	0.579285827570184	FALSE	TRUE
Ube2i	-0.217485758307769	0.580876638826907	FALSE	TRUE
Dennd2d	-0.4083115145309	0.580958232446463	FALSE	TRUE
Ugt1a7c	0.354437412582117	0.581140612699095	FALSE	TRUE
Fam107b	-0.312012255576089	0.581165436440765	FALSE	TRUE
Syne2	-0.479521240608389	0.589104871040835	FALSE	TRUE
Tbc1d2b	-0.273353354802623	0.590650992754256	FALSE	TRUE
Chsy1	0.257397911692516	0.594571616087049	FALSE	TRUE
Aplp2	-0.246674332412224	0.595126875824108	FALSE	TRUE
Plxdc1	-0.251923115817329	0.59798138679552	FALSE	TRUE
Rnf144a	-0.522377086685841	0.600827612892992	FALSE	TRUE
Mfsd6	-0.314139241698163	0.604344427355158	FALSE	TRUE
Ccno	0.503135812406366	0.604521367468353	FALSE	TRUE
Lrba	-0.426895096286794	0.604716771213573	FALSE	TRUE
Tfb1m	-0.484983609089367	0.605617721823503	FALSE	TRUE
Itga4	-0.29086993154176	0.606256123377737	FALSE	TRUE
Dock1	-0.39731448145835	0.606787145712512	FALSE	TRUE
1700025G04Rik	-0.45935241858508	0.60737104845657	FALSE	TRUE
Dusp18	-0.317959431134115	0.608124500118556	FALSE	TRUE
Mocos	0.2423978521834	0.608126546144462	FALSE	TRUE
Vsir	-0.270826944877504	0.608256996550912	FALSE	TRUE
Enkur	-0.529485393814468	0.61379084351474	FALSE	TRUE
Cebpz	-0.256599768407284	0.614691534962294	FALSE	TRUE
Wrn	-0.233196765015174	0.614691534962294	FALSE	TRUE
Vkorc1	-0.419860627641959	0.616320891821377	FALSE	TRUE
Kpna2	-0.302817372922284	0.618900153872717	FALSE	TRUE
Cd177	-0.410643945235384	0.622453193772954	FALSE	TRUE
Ear1	-0.295330232651615	0.625506448042361	FALSE	TRUE
Aco1	-0.248578918892981	0.626091056184897	FALSE	TRUE
Spcs3	-0.255300494231481	0.62833249026623	FALSE	TRUE
Sulf2	-0.314126135074503	0.629369422071266	FALSE	TRUE
Cyb5b	-0.204451221164057	0.630196093445277	FALSE	TRUE
Ctdspl	-0.480161801042962	0.631100814951449	FALSE	TRUE
Etfbkmt	-0.441272016544249	0.631100814951449	FALSE	TRUE
Hsp90ab1	0.192724880990903	0.631100814951449	FALSE	TRUE
Atp10d	-0.261300965756586	0.632735632186895	FALSE	TRUE
Evi5	-0.274712150443884	0.63832782006165	FALSE	TRUE
Fhip1b	-0.469683835815445	0.639275706209235	FALSE	TRUE
Mmgt1	-0.303118279887864	0.639922113728908	FALSE	TRUE
Xpo7	-0.270985207464937	0.643525038376174	FALSE	TRUE
Bcl11a	-0.363796092355138	0.647419677538598	FALSE	TRUE
Tmem176b	-0.265979323155902	0.647955477727649	FALSE	TRUE
Cd209a	-0.321211866658656	0.649945691501702	FALSE	TRUE
Depdc7	-0.43475438963862	0.650731928318195	FALSE	TRUE
Patz1	-0.369105719937602	0.650731928318195	FALSE	TRUE
Sdad1	-0.241427526223289	0.650731928318195	FALSE	TRUE
Nr4a1	-0.233587512181106	0.653595647769122	FALSE	TRUE
Abca7	-0.277573774157581	0.654095732513194	FALSE	TRUE
Adrb2	-0.334997162967547	0.655917952065011	FALSE	TRUE
Pank1	-0.429228245240868	0.658176932484408	FALSE	TRUE
Mettl21a	-0.201135091230769	0.661650189299854	FALSE	TRUE
Rap1gap2	-0.221320908438265	0.665013322930674	FALSE	TRUE
Vps13c	-0.266718317394556	0.665013322930674	FALSE	TRUE
Pglyrp1	-0.501625086407905	0.665261682060211	FALSE	TRUE
Stk16	-0.415588335924231	0.665261682060211	FALSE	TRUE
Niban1	-0.258673235199106	0.665408802997862	FALSE	TRUE
Cd300lg	-0.457080589282691	0.665983136250881	FALSE	TRUE
Tcea3	-0.339869341861027	0.666944636345816	FALSE	TRUE
Hsd17b4	-0.245184998524687	0.66903658060215	FALSE	TRUE
Fam174c	-0.339258463272318	0.680723828412555	FALSE	TRUE
Sun1	-0.267710829013392	0.680723828412555	FALSE	TRUE
Upb1	-0.386521183409124	0.680723828412555	FALSE	TRUE
Il16	-0.168119926879761	0.690261303020215	FALSE	TRUE
Vcl	-0.216689686547369	0.690261303020215	FALSE	TRUE
Susd3	-0.310490592116153	0.695339709041479	FALSE	TRUE
Nfe2	-0.32691020555917	0.696583712084892	FALSE	TRUE
Rala	-0.289934752834085	0.699978120604625	FALSE	TRUE
Degs1	-0.164662490860881	0.700002485913444	FALSE	TRUE
Ripor2	0.325268035952782	0.70006101408061	FALSE	TRUE
Pkd1	-0.30716586244494	0.70060803920306	FALSE	TRUE
Septin9	-0.251805050350212	0.70060803920306	FALSE	TRUE
Mllt3	0.227646134137141	0.701701353598774	FALSE	TRUE
AI467606	-0.238414719341819	0.70208845644788	FALSE	TRUE
Ramp1	-0.364396878630652	0.704169278983356	FALSE	TRUE
Ugt1a2	0.19311725338177	0.704169278983356	FALSE	TRUE
Ap3m1	-0.221589121256187	0.705456965989237	FALSE	TRUE
Rarg	-0.231721948648197	0.706253975451894	FALSE	TRUE
Ddx17	-0.186029389141764	0.710982778813567	FALSE	TRUE
Gapt	-0.325571941156781	0.710982778813567	FALSE	TRUE
Stat5a	-0.181338829556287	0.711746455381635	FALSE	TRUE
Lmbrd1	-0.290780751236202	0.712174272434604	FALSE	TRUE
Cfhr4	-0.372939488215048	0.713921843484258	FALSE	TRUE
Arhgef1	-0.261941356753287	0.71761209774309	FALSE	TRUE
Cnksr3	-0.275164279905106	0.71761209774309	FALSE	TRUE
Csgalnact2	-0.244009237132394	0.71761209774309	FALSE	TRUE
Atp1a3	-0.384311824133653	0.717676195261185	FALSE	TRUE
Pnpla1	0.352450858476731	0.719020846699108	FALSE	TRUE
Mcemp1	0.277033615040041	0.720814214218131	FALSE	TRUE
Emilin2	-0.205961572434925	0.721003121215271	FALSE	TRUE
Arid3a	-0.196933016400337	0.721971148149739	FALSE	TRUE
Cyb5r1	-0.181970658557574	0.721998816143618	FALSE	TRUE
Gemin2	0.21737382466775	0.726493393441269	FALSE	TRUE
Sgsh	-0.391937980256213	0.727319963104555	FALSE	TRUE
Tbc1d5	-0.236893365494762	0.727479980370988	FALSE	TRUE
Mob3b	-0.288969401026183	0.731776676838293	FALSE	TRUE
Cytip	-0.212241531375543	0.733945942080572	FALSE	TRUE
Cdc42se1	-0.193242172255403	0.734115692004822	FALSE	TRUE
Rras	-0.240470238020665	0.738749847278625	FALSE	TRUE
Map4k4	-0.218062231370686	0.739947161259618	FALSE	TRUE
Dgkg	-0.36720705408587	0.740435850553054	FALSE	TRUE
Satb2	-0.332801900341751	0.740959336407353	FALSE	TRUE
Tlnrd1	0.247873559606107	0.74471326516503	FALSE	TRUE
Abcd1	-0.185996657267001	0.744753959468098	FALSE	TRUE
Slc26a6	-0.312673497966353	0.748499940904106	FALSE	TRUE
Ap2a2	-0.205384902544726	0.749036685017609	FALSE	TRUE
Slc44a2	0.148131587932102	0.749451409648803	FALSE	TRUE
Cul5	-0.214560570581432	0.751109943647283	FALSE	TRUE
Hdlbp	-0.176096364603161	0.751158143415731	FALSE	TRUE
St3gal2	-0.269609461333836	0.751459348985209	FALSE	TRUE
B3galnt2	-0.21193746507687	0.751895079145084	FALSE	TRUE
Cd2ap	-0.214660850850112	0.751895079145084	FALSE	TRUE
Tns4	-0.272767780114132	0.753386435689555	FALSE	TRUE
Zcchc24	-0.131992601858796	0.753494544250914	FALSE	TRUE
Timm21	-0.159625582150682	0.757977029070953	FALSE	TRUE
Glrx5	0.228605131995112	0.758686765246007	FALSE	TRUE
Mrpl57	-0.270443371594021	0.759848880087738	FALSE	TRUE
Pfkfb4	-0.172392328938493	0.760041027340745	FALSE	TRUE
Gramd4	-0.215538334706714	0.76070692153328	FALSE	TRUE
Opn1sw	0.197126956233546	0.76070692153328	FALSE	TRUE
Rfx2	-0.41215875305619	0.765807247943758	FALSE	TRUE
S1pr5	-0.274160970234558	0.767450777428116	FALSE	TRUE
Lamtor4	-0.174839722639685	0.769370102260382	FALSE	TRUE
Atg9a	-0.176444974373718	0.770585410180557	FALSE	TRUE
Man1a	-0.264863318731448	0.770585410180557	FALSE	TRUE
Nemp2	-0.130420169058308	0.770585410180557	FALSE	TRUE
Smpdl3a	-0.16668476561993	0.772343419963225	FALSE	TRUE
Hspa4l	0.188863123299022	0.776123250991536	FALSE	TRUE
Qdpr	-0.173242924961558	0.777169758092862	FALSE	TRUE
Asap1	-0.191035362516489	0.777822847362599	FALSE	TRUE
D2hgdh	-0.135690363954687	0.784625498047023	FALSE	TRUE
Prps2	-0.19771019435132	0.78704692720699	FALSE	TRUE
Pcmt1	-0.144874986002213	0.78767320189979	FALSE	TRUE
Ebpl	-0.18486139367077	0.791444793257303	FALSE	TRUE
Scgb1a1	-0.314587327734129	0.791531747088769	FALSE	TRUE
Tacc1	-0.142254219008564	0.79217475604258	FALSE	TRUE
Klhl2	0.217771735906103	0.794060866759837	FALSE	TRUE
Meis1	-0.244390086681278	0.796067312975535	FALSE	TRUE
Hspa1a	0.353536919050814	0.799980179102407	FALSE	TRUE
Reep5	-0.132095435067111	0.799980179102407	FALSE	TRUE
Arhgef37	-0.206352206228303	0.800191883513691	FALSE	TRUE
St3gal3	-0.226951512836555	0.800191883513691	FALSE	TRUE
Spidr	-0.14040190780077	0.800358455323175	FALSE	TRUE
Atp2c1	-0.208494685649788	0.802218152445081	FALSE	TRUE
Btla	-0.242294585210287	0.802218152445081	FALSE	TRUE
Sqle	-0.204465161915826	0.803192002218007	FALSE	TRUE
Prep	-0.174051021012044	0.807166722822697	FALSE	TRUE
Pygl	-0.240033070209909	0.807545303256254	FALSE	TRUE
Clec10a	0.128339707748802	0.80907726452083	FALSE	TRUE
Cat	-0.124528539443842	0.809286557333898	FALSE	TRUE
Map3k15	-0.140286046786267	0.8099592104075	FALSE	TRUE
Haao	-0.210004747064776	0.81135337056883	FALSE	TRUE
Itpr2	-0.174695052752446	0.813524013075341	FALSE	TRUE
Ear12	-0.198409408550694	0.814403115988307	FALSE	TRUE
Cbfa2t3	-0.111578520599281	0.817473302326842	FALSE	TRUE
E2f2	-0.153836135915331	0.817762783623587	FALSE	TRUE
Fto	-0.128794846881249	0.817835325086935	FALSE	TRUE
Ncbp2	-0.167243653015964	0.818404567331789	FALSE	TRUE
Ak3	-0.143794397091609	0.818568683091125	FALSE	TRUE
Foxred2	-0.127861443027932	0.820297644532982	FALSE	TRUE
Mtap	-0.165290001381644	0.823264292038817	FALSE	TRUE
Tspan32	-0.21276409435766	0.823264292038817	FALSE	TRUE
Acss2	0.181889156160628	0.824144373173517	FALSE	TRUE
Kdm6b	0.132874416215786	0.824285920467645	FALSE	TRUE
Cep78	-0.23344933216036	0.826234575154185	FALSE	TRUE
Bcl2l13	-0.202036070748878	0.82749967860236	FALSE	TRUE
Tfdp1	-0.141817389473749	0.829303160196995	FALSE	TRUE
Ear3	-0.201635067419806	0.830725376997221	FALSE	TRUE
Klhl17	-0.214247248756507	0.830725376997221	FALSE	TRUE
Zfand1	-0.155413012459105	0.830725376997221	FALSE	TRUE
Osgep	-0.115258007733086	0.832676666917144	FALSE	TRUE
B4gat1	-0.139142792212178	0.832772725617624	FALSE	TRUE
Lman2	-0.148561008149928	0.835376893287486	FALSE	TRUE
Me2	-0.136587195521553	0.835540767893291	FALSE	TRUE
Tspan14	0.142555743220701	0.83587368875165	FALSE	TRUE
Acsl3	0.168152115671121	0.838727624879167	FALSE	TRUE
Dcps	0.173598862141801	0.838892486730544	FALSE	TRUE
Pwwp3a	-0.210652479086492	0.838992642914661	FALSE	TRUE
Pabpc1l	-0.279492687406725	0.839455073450031	FALSE	TRUE
Padi2	0.130866320983355	0.839960440726749	FALSE	TRUE
Atp2a3	-0.150109828035973	0.842037607270462	FALSE	TRUE
Ceacam1	-0.18037749563271	0.843100457059498	FALSE	TRUE
Camk1d	0.202694992519453	0.845540874111098	FALSE	TRUE
Focad	-0.174515718708619	0.847085563149317	FALSE	TRUE
Hnrnpul2	-0.117722883482241	0.847777227338494	FALSE	TRUE
Rere	-0.151405509337746	0.847777227338494	FALSE	TRUE
Hsph1	-0.143937979465257	0.848070575090001	FALSE	TRUE
Ppfia4	-0.119520568594845	0.848869463954797	FALSE	TRUE
Hfe	-0.171640908245372	0.850309486405788	FALSE	TRUE
Fbl	-0.123715134633796	0.85141768254216	FALSE	TRUE
Eno3	-0.28244998465042	0.851559552175278	FALSE	TRUE
Flvcr1	-0.146343940670652	0.851559552175278	FALSE	TRUE
6030458C11Rik	0.160258227304396	0.852676042233913	FALSE	TRUE
Mid1ip1	-0.175369126851475	0.853311101196198	FALSE	TRUE
Asph	-0.216662821616254	0.854387635372054	FALSE	TRUE
Ccdc125	0.194089599612683	0.855601470790715	FALSE	TRUE
Fam219b	0.122835693170924	0.856545884301263	FALSE	TRUE
Fam89b	0.126773955930371	0.858322553218604	FALSE	TRUE
Mtus1	-0.0875474148125601	0.858322553218604	FALSE	TRUE
Cbr2	0.21236756129008	0.858848060037391	FALSE	TRUE
Rnase2b	0.176382561948055	0.858848060037391	FALSE	TRUE
Poglut2	-0.14078236893295	0.859859199596937	FALSE	TRUE
Dpagt1	-0.13968856640027	0.861937756211686	FALSE	TRUE
Dna2	-0.107226917224667	0.868114237919219	FALSE	TRUE
Smim5	-0.163028336175266	0.868566435694754	FALSE	TRUE
Dennd2c	-0.206372675346518	0.872729636789955	FALSE	TRUE
Tmem43	-0.120101080348988	0.872734773544571	FALSE	TRUE
Aldh2	-0.12127292071037	0.873956609067671	FALSE	TRUE
Gopc	-0.114869912657424	0.873956609067671	FALSE	TRUE
Hopx	0.123541952711548	0.87657206749823	FALSE	TRUE
Rgs18	-0.226076630573724	0.87715081118669	FALSE	TRUE
Hspa1b	0.212495310340882	0.879280437720555	FALSE	TRUE
Ss18l1	-0.093810216927821	0.88270832214649	FALSE	TRUE
Uggt1	-0.0923211633169974	0.882850023366054	FALSE	TRUE
Pi16	-0.208930850013259	0.883452331618908	FALSE	TRUE
Ipo7	-0.14225977186281	0.884933311570765	FALSE	TRUE
Arsb	-0.177724491627627	0.885879576156802	FALSE	TRUE
Galnt10	-0.129701955664292	0.88683166654604	FALSE	TRUE
Klhl5	0.152737167253187	0.887834070678303	FALSE	TRUE
Gng10	-0.0888780278757828	0.888220702925187	FALSE	TRUE
Pop5	-0.113731469580875	0.888220702925187	FALSE	TRUE
Nhsl2	-0.110360350865266	0.889207051050126	FALSE	TRUE
Msmo1	-0.113494018595107	0.890430975045294	FALSE	TRUE
Dhrs7	0.142097119419972	0.892328587187788	FALSE	TRUE
Ap1ar	-0.0834195831094053	0.896508405478083	FALSE	TRUE
Hacd4	-0.129414317608905	0.896508405478083	FALSE	TRUE
Icam2	0.117442123660577	0.896651521741621	FALSE	TRUE
Cfap74	0.147293571063386	0.897478282344416	FALSE	TRUE
Irak1	-0.0934750706691752	0.897914933853475	FALSE	TRUE
Sub1	0.12172302350987	0.898867218324546	FALSE	TRUE
Galnt9	-0.162672984763716	0.900135703338058	FALSE	TRUE
Fkbp4	0.0869588734406364	0.900191738987271	FALSE	TRUE
Lmf1	-0.174497957578379	0.900204204630301	FALSE	TRUE
Pdp2	-0.0892145776057021	0.900922359591482	FALSE	TRUE
Vnn3	-0.125739158688182	0.902631993476778	FALSE	TRUE
Map3k4	0.120027283406757	0.904511755086549	FALSE	TRUE
Hcfc1	-0.080557888790409	0.904827881852335	FALSE	TRUE
Tmem81	-0.13926743658509	0.904827881852335	FALSE	TRUE
Hnrnpa2b1	-0.0678007490200727	0.906529367330258	FALSE	TRUE
Mgst1	-0.128157367704103	0.912815039671206	FALSE	TRUE
Iqgap2	-0.0906921431873258	0.913160400145561	FALSE	TRUE
Bcr	-0.107733410803708	0.913404842909882	FALSE	TRUE
Sptlc2	-0.118858819599146	0.916495769483825	FALSE	TRUE
Dnajc3	-0.0659958750862373	0.916503854070829	FALSE	TRUE
Ankzf1	-0.104113209044058	0.918504433618085	FALSE	TRUE
Fcer2a	-0.100074505355703	0.919291096411392	FALSE	TRUE
Gm5779	-0.0805766251456799	0.922494333196028	FALSE	TRUE
D16Ertd472e	0.101609577678731	0.924660795997116	FALSE	TRUE
Tmc6	-0.110307839391611	0.926557006727701	FALSE	TRUE
Bmx	-0.152695121875496	0.926768378200041	FALSE	TRUE
Erlin1	-0.0696033629873973	0.927055275337614	FALSE	TRUE
Treml4	-0.080342132273822	0.92941803560709	FALSE	TRUE
Chlsn	-0.124855746910731	0.929553873654706	FALSE	TRUE
Hgsnat	-0.076866252171877	0.931194491913315	FALSE	TRUE
Hspe1	-0.0667573983646683	0.931194491913315	FALSE	TRUE
Zfp931	-0.0714862391260365	0.935575026695401	FALSE	TRUE
Ppp1r12a	-0.0709815590822007	0.936773664441597	FALSE	TRUE
Tmem50b	-0.0571723513145965	0.937858896760463	FALSE	TRUE
Calhm2	-0.10182862761463	0.938339761387724	FALSE	TRUE
Mtfr1	-0.0589713036204316	0.938339761387724	FALSE	TRUE
Mxi1	0.0684461305348343	0.938339761387724	FALSE	TRUE
Rflnb	-0.111657823224925	0.938339761387724	FALSE	TRUE
Syk	-0.0582375522731517	0.938339761387724	FALSE	TRUE
Tnfrsf21	-0.0853110204842551	0.938339761387724	FALSE	TRUE
Nup210	-0.0838681821321536	0.938478609288415	FALSE	TRUE
Auh	0.0806958533194511	0.940124062616108	FALSE	TRUE
Nabp1	-0.0782401004876441	0.940317190859413	FALSE	TRUE
Chd9	-0.0690408437863237	0.942429687093244	FALSE	TRUE
Hsd17b10	0.0644869786745517	0.942429687093244	FALSE	TRUE
Selenbp2	-0.0921810624594785	0.943870767172363	FALSE	TRUE
Cd300a	-0.0585900095244725	0.944759481369609	FALSE	TRUE
Sgk3	-0.0526979180635969	0.945758491453124	FALSE	TRUE
Tmpo	0.0496305012975284	0.945758491453124	FALSE	TRUE
Mctp1	-0.0986786092231862	0.946118932831166	FALSE	TRUE
Lbr	-0.075482037534897	0.947445668967542	FALSE	TRUE
Ccnd3	0.0527886514540601	0.951153111101562	FALSE	TRUE
Celsr3	0.082284409953683	0.952667347313654	FALSE	TRUE
Idi1	-0.0526194675597029	0.95380510957801	FALSE	TRUE
Apln	-0.0822083171467325	0.954546411569644	FALSE	TRUE
Elovl6	-0.0710332535650977	0.95477484563995	FALSE	TRUE
Arl2bp	-0.0665493580732459	0.955429408795115	FALSE	TRUE
Cyp4f16	-0.0458042547963213	0.957607769097711	FALSE	TRUE
Pigk	-0.0546170905816075	0.958085425219585	FALSE	TRUE
Adam4	-0.0895527103820868	0.958488601356108	FALSE	TRUE
Ccdc85b	0.0723931150087331	0.959417495295468	FALSE	TRUE
Cyp51	-0.0681310385815346	0.959740672025828	FALSE	TRUE
Hsd17b8	0.0385122687460377	0.959740672025828	FALSE	TRUE
Smc1a	-0.0373263504839585	0.961432467902602	FALSE	TRUE
Siah2	-0.0707363953699032	0.964935113248092	FALSE	TRUE
Gfer	-0.0567888930488616	0.96562572418518	FALSE	TRUE
Rpia	-0.0388328099843047	0.967575347919995	FALSE	TRUE
Cfh	0.0679788287167913	0.968647954727879	FALSE	TRUE
Sqor	0.0357085516365174	0.968647954727879	FALSE	TRUE
Ndrg1	-0.0430089563290768	0.968759212289615	FALSE	TRUE
Aacs	0.0486244963299942	0.96899387052498	FALSE	TRUE
Fam43a	-0.0394231883904155	0.969398813142979	FALSE	TRUE
Nfam1	0.0286987503115128	0.971790581467447	FALSE	TRUE
Arhgap26	0.043189010457203	0.972156242302878	FALSE	TRUE
Ampd3	-0.0361440749442625	0.973540465543062	FALSE	TRUE
Tstd1	0.039260784759886	0.975462823413748	FALSE	TRUE
G6pc3	-0.0438888081740973	0.975757100426721	FALSE	TRUE
Lrrk2	0.0394834517646441	0.976518060312887	FALSE	TRUE
Mrpl33	-0.0318377221625958	0.977753031886137	FALSE	TRUE
Tesk2	0.0465700418609245	0.977765666147836	FALSE	TRUE
Ttc27	0.0365261589393064	0.978971639391866	FALSE	TRUE
Rtn1	0.0300177808736137	0.984253624653321	FALSE	TRUE
Pros1	0.023136887194255	0.984894512032904	FALSE	TRUE
Btbd10	-0.0230738950759388	0.985896174196201	FALSE	TRUE
Parp8	-0.0182031801674647	0.985944892574286	FALSE	TRUE
Elac1	0.0219467613801605	0.98615160717505	FALSE	TRUE
Stk38	-0.0160304716664044	0.987870376154608	FALSE	TRUE
Hdac10	-0.024448235945461	0.987879351615188	FALSE	TRUE
Rassf4	0.0131737224803015	0.98871756430502	FALSE	TRUE
Napsa	-0.0131051228742685	0.988837073988011	FALSE	TRUE
Tiam1	0.0154173161347391	0.988837073988011	FALSE	TRUE
Pdlim1	0.0195958420390916	0.989337264442322	FALSE	TRUE
Serpinb1a	-0.0184820212352754	0.99022646533644	FALSE	TRUE
Cisd1	0.0200117697749009	0.991442229732687	FALSE	TRUE
Selenbp1	-0.0186156060241043	0.992524007829322	FALSE	TRUE
Slc4a7	0.0176501198859986	0.992524007829322	FALSE	TRUE
Tle5	0.0106281453087966	0.992724311124278	FALSE	TRUE
Adpgk	0.00860471453515821	0.996338781300125	FALSE	TRUE
Ndufaf7	0.0135404598188824	0.996338781300125	FALSE	TRUE
Idh1	-0.0122767837558735	0.996639050858477	FALSE	TRUE
Fancl	0.0072245389083605	0.997522173058434	FALSE	TRUE
Samsn1	-0.00639896408742224	0.99757014985317	FALSE	TRUE
Nek7	-0.00374809982096025	0.997989976346358	FALSE	TRUE
Nme3	0.00468869694552421	0.998359655855729	FALSE	TRUE
