gene	TX91_mean	TX91_mean_threshold	pass
St8sia4	12.8969148384208	6.11716417170886	TRUE
Cytip	12.8777807689161	6.11716417170886	TRUE
Trav3-3	12.6272637638198	6.11716417170886	TRUE
Hspa1b	12.5138432316095	6.11716417170886	TRUE
Hipk1	12.5104048818166	6.11716417170886	TRUE
Aplp2	12.4673296514921	6.11716417170886	TRUE
Arid3a	12.422976607051	6.11716417170886	TRUE
Cdc42ep3	12.2905705663592	6.11716417170886	TRUE
Cdkn2d	12.2296193844535	6.11716417170886	TRUE
Lbr	12.1167015763883	6.11716417170886	TRUE
Adgre4	12.1109895191599	6.11716417170886	TRUE
Septin11	12.1012891998677	6.11716417170886	TRUE
Samsn1	12.0741664441527	6.11716417170886	TRUE
Ccnd3	12.0296491091023	6.11716417170886	TRUE
Ddx17	12.0261896364457	6.11716417170886	TRUE
Flvcr1	12.0256906822514	6.11716417170886	TRUE
Vcl	11.9965246568132	6.11716417170886	TRUE
Smarca2	11.9849011090821	6.11716417170886	TRUE
Hcfc1	11.9584403482349	6.11716417170886	TRUE
Slc44a2	11.9112082532788	6.11716417170886	TRUE
Cat	11.9079193228436	6.11716417170886	TRUE
Emilin2	11.884233091055	6.11716417170886	TRUE
Smpdl3a	11.858327448302	6.11716417170886	TRUE
Cdc42se1	11.8536417644218	6.11716417170886	TRUE
Tiam1	11.8218558687965	6.11716417170886	TRUE
Top2b	11.7874536591683	6.11716417170886	TRUE
Nxpe4	11.6902671998497	6.11716417170886	TRUE
Nadk	11.6188913566203	6.11716417170886	TRUE
Rassf4	11.6153072280817	6.11716417170886	TRUE
Spidr	11.6121126338534	6.11716417170886	TRUE
Chsy1	11.5567730233835	6.11716417170886	TRUE
Emb	11.5413817861554	6.11716417170886	TRUE
Degs1	11.5408912695257	6.11716417170886	TRUE
Hipk3	11.5246969136729	6.11716417170886	TRUE
Gng10	11.5206474668852	6.11716417170886	TRUE
Tnfrsf21	11.5197754596533	6.11716417170886	TRUE
Iqgap2	11.481526401334	6.11716417170886	TRUE
Rere	11.4801640590879	6.11716417170886	TRUE
Rassf3	11.4758635494974	6.11716417170886	TRUE
Opn1sw	11.3876973858246	6.11716417170886	TRUE
Hsph1	11.3703946981695	6.11716417170886	TRUE
Pros1	11.3441966381619	6.11716417170886	TRUE
Ypel3	11.2910830510754	6.11716417170886	TRUE
Ugt1a2	11.282465050423	6.11716417170886	TRUE
Fam117b	11.2743692663541	6.11716417170886	TRUE
Atp2a3	11.2364995750065	6.11716417170886	TRUE
Add3	11.2247617530069	6.11716417170886	TRUE
Arhgap45	11.2234148094277	6.11716417170886	TRUE
Hspa1a	11.2209398013822	6.11716417170886	TRUE
Padi2	11.2099712236353	6.11716417170886	TRUE
Ldlrad3	11.2081311330432	6.11716417170886	TRUE
Kdsr	11.1828222506885	6.11716417170886	TRUE
Stk17b	11.1176372674581	6.11716417170886	TRUE
Sgk3	11.0935168931583	6.11716417170886	TRUE
Slc12a2	11.0894354016624	6.11716417170886	TRUE
Mrpl33	11.0791900876383	6.11716417170886	TRUE
E2f2	11.0625803394646	6.11716417170886	TRUE
Pdlim1	11.0532058749956	6.11716417170886	TRUE
Kctd12	11.052064435472	6.11716417170886	TRUE
Map4k4	11.0496504592079	6.11716417170886	TRUE
Herc4	11.0405803605862	6.11716417170886	TRUE
Thbd	11.0363958512855	6.11716417170886	TRUE
Aldh2	10.9919375148194	6.11716417170886	TRUE
Ceacam1	10.9917759686478	6.11716417170886	TRUE
Hnrnpa2b1	10.926617857238	6.11716417170886	TRUE
Ear2	10.9128887114497	6.11716417170886	TRUE
Brd3	10.9060344522222	6.11716417170886	TRUE
Ear1	10.8932256843274	6.11716417170886	TRUE
Ampd3	10.867386647959	6.11716417170886	TRUE
Dna2	10.85869833676	6.11716417170886	TRUE
Hnrnpul2	10.8433230570423	6.11716417170886	TRUE
Nr4a1	10.8305846067537	6.11716417170886	TRUE
Stat5a	10.8060365588382	6.11716417170886	TRUE
Abcb7	10.7968432795196	6.11716417170886	TRUE
Arhgap39	10.787476634332	6.11716417170886	TRUE
Myo5a	10.7702187190076	6.11716417170886	TRUE
Mbp	10.7673251885982	6.11716417170886	TRUE
Gramd4	10.7557022713707	6.11716417170886	TRUE
Idi1	10.7516991053176	6.11716417170886	TRUE
Hspe1	10.7261989691322	6.11716417170886	TRUE
Sft2d2	10.7071329295114	6.11716417170886	TRUE
Bnip3l	10.6900002768274	6.11716417170886	TRUE
Arhgef18	10.6749385399901	6.11716417170886	TRUE
Ccpg1	10.6723542191133	6.11716417170886	TRUE
Mxi1	10.6717063869143	6.11716417170886	TRUE
Itgb7	10.6700728266001	6.11716417170886	TRUE
Snrk	10.6190085068307	6.11716417170886	TRUE
Tbc1d2b	10.6159098805743	6.11716417170886	TRUE
Hgsnat	10.6029910728264	6.11716417170886	TRUE
Ccdc88a	10.5887048380272	6.11716417170886	TRUE
Hsp90ab1	10.5794334145073	6.11716417170886	TRUE
Glud1	10.5668418138352	6.11716417170886	TRUE
Csgalnact2	10.5556768896669	6.11716417170886	TRUE
Zcchc24	10.5537711532142	6.11716417170886	TRUE
P2ry1	10.5419148964522	6.11716417170886	TRUE
Prrc2b	10.5254942993613	6.11716417170886	TRUE
Plekhg3	10.5159263710985	6.11716417170886	TRUE
Nhsl2	10.501000190492	6.11716417170886	TRUE
Il16	10.4923255918708	6.11716417170886	TRUE
Prmt3	10.4855288872185	6.11716417170886	TRUE
Cd300lg	10.4830052033051	6.11716417170886	TRUE
Mtus1	10.4729016847975	6.11716417170886	TRUE
Serpinb10	10.4634899198416	6.11716417170886	TRUE
Cers5	10.4582060424305	6.11716417170886	TRUE
Pon2	10.4512106299779	6.11716417170886	TRUE
Pygl	10.4384093896384	6.11716417170886	TRUE
Klf4	10.4348412804562	6.11716417170886	TRUE
Rpia	10.4309855291582	6.11716417170886	TRUE
Evi5	10.4171783965362	6.11716417170886	TRUE
Adrb2	10.4150112228314	6.11716417170886	TRUE
Fry	10.4136183793232	6.11716417170886	TRUE
Serbp1	10.4070590414051	6.11716417170886	TRUE
6430548M08Rik	10.4013437590981	6.11716417170886	TRUE
Rap1gap2	10.3997545371415	6.11716417170886	TRUE
Cyp4f16	10.3848360664524	6.11716417170886	TRUE
Tmpo	10.3519523167025	6.11716417170886	TRUE
Huwe1	10.3506411400757	6.11716417170886	TRUE
Tmem50b	10.346403507605	6.11716417170886	TRUE
Ear4	10.3454259892246	6.11716417170886	TRUE
Kdm6b	10.3435381679517	6.11716417170886	TRUE
Dock8	10.3379780273028	6.11716417170886	TRUE
Tmem176b	10.3228550906637	6.11716417170886	TRUE
Fkbp4	10.3224366066739	6.11716417170886	TRUE
Mgst1	10.3189523610054	6.11716417170886	TRUE
Lamtor4	10.3180840178717	6.11716417170886	TRUE
Scgb1a1	10.3091002029855	6.11716417170886	TRUE
Erlin1	10.2985980008987	6.11716417170886	TRUE
Rnf145	10.2983862850692	6.11716417170886	TRUE
Ripor2	10.2645290982746	6.11716417170886	TRUE
Tmem43	10.2565309325527	6.11716417170886	TRUE
Me2	10.2550405723625	6.11716417170886	TRUE
Tfdp1	10.2523752426827	6.11716417170886	TRUE
Vsir	10.2482339710203	6.11716417170886	TRUE
Clec10a	10.2303376659438	6.11716417170886	TRUE
Lpgat1	10.2229349775313	6.11716417170886	TRUE
Cyb5b	10.2086205797431	6.11716417170886	TRUE
Hook3	10.2064436105713	6.11716417170886	TRUE
Mcemp1	10.1609497096486	6.11716417170886	TRUE
Mid1ip1	10.1528340848427	6.11716417170886	TRUE
Ak3	10.1521976012821	6.11716417170886	TRUE
Cbfa2t3	10.1421859563234	6.11716417170886	TRUE
Reep5	10.1325139662877	6.11716417170886	TRUE
Napsa	10.132479016762	6.11716417170886	TRUE
Arhgap26	10.1297181045109	6.11716417170886	TRUE
Syncrip	10.1271938578726	6.11716417170886	TRUE
S1pr5	10.1259855068225	6.11716417170886	TRUE
Sqor	10.1122345165692	6.11716417170886	TRUE
Pigb	10.1101692024942	6.11716417170886	TRUE
Stk38	10.0963614300483	6.11716417170886	TRUE
Tmcc1	10.0958058092906	6.11716417170886	TRUE
Setx	10.0919182596946	6.11716417170886	TRUE
Nin	10.0761940104901	6.11716417170886	TRUE
Slc49a3	10.067626456347	6.11716417170886	TRUE
Pi16	10.0671278875273	6.11716417170886	TRUE
Usp48	10.0531750073726	6.11716417170886	TRUE
Cd177	10.045142255511	6.11716417170886	TRUE
Ints6l	10.037971939171	6.11716417170886	TRUE
Celsr3	10.0298229129647	6.11716417170886	TRUE
Ndrg1	10.0212335856059	6.11716417170886	TRUE
Bcl7c	10.0196542671461	6.11716417170886	TRUE
Mapre2	9.99025354685922	6.11716417170886	TRUE
Sdad1	9.98913727414367	6.11716417170886	TRUE
Cyp27a1	9.98214628662606	6.11716417170886	TRUE
Atp2c1	9.97575943200471	6.11716417170886	TRUE
Fam43a	9.95361345909687	6.11716417170886	TRUE
Mfsd6	9.94493346156511	6.11716417170886	TRUE
Klhdc2	9.94357538890708	6.11716417170886	TRUE
Kctd10	9.93654450818968	6.11716417170886	TRUE
Nfam1	9.92716383484969	6.11716417170886	TRUE
Nup210	9.91712121126088	6.11716417170886	TRUE
Eeig2	9.91429713378537	6.11716417170886	TRUE
Xpr1	9.90698823960016	6.11716417170886	TRUE
Cx3cr1	9.88036118578639	6.11716417170886	TRUE
Anp32a	9.87540622566013	6.11716417170886	TRUE
Zfp326	9.87507178343811	6.11716417170886	TRUE
Nemp2	9.86090624828873	6.11716417170886	TRUE
Mocos	9.8507378345157	6.11716417170886	TRUE
Hpgd	9.83634172035411	6.11716417170886	TRUE
Fam89b	9.83537933594733	6.11716417170886	TRUE
Insr	9.82986688485965	6.11716417170886	TRUE
Ear12	9.81049031173906	6.11716417170886	TRUE
Tspan14	9.80950200120128	6.11716417170886	TRUE
Sucla2	9.80215614115827	6.11716417170886	TRUE
Eeig1	9.79582023437783	6.11716417170886	TRUE
Mef2c	9.79064294639256	6.11716417170886	TRUE
Ash2l	9.78941664288599	6.11716417170886	TRUE
Usf3	9.78444101740238	6.11716417170886	TRUE
Scarb1	9.7792239059074	6.11716417170886	TRUE
Cyb5r1	9.7775008311828	6.11716417170886	TRUE
Slc46a3	9.76937798232501	6.11716417170886	TRUE
Slc12a6	9.75251056644529	6.11716417170886	TRUE
Man2a2	9.7370593626088	6.11716417170886	TRUE
Prep	9.72220955304693	6.11716417170886	TRUE
N4bp2l1	9.71143395912369	6.11716417170886	TRUE
Ralgapa1	9.70564996601626	6.11716417170886	TRUE
Ear3	9.69044925529278	6.11716417170886	TRUE
Rbpms	9.68971899209347	6.11716417170886	TRUE
Asap1	9.67399430045623	6.11716417170886	TRUE
Cd300a	9.65970441721329	6.11716417170886	TRUE
Niban1	9.65929011973303	6.11716417170886	TRUE
Rras	9.65663968370263	6.11716417170886	TRUE
Rfx1	9.65613782059156	6.11716417170886	TRUE
Ss18l1	9.61755908171787	6.11716417170886	TRUE
Hopx	9.60375186602418	6.11716417170886	TRUE
Abca7	9.5993176199798	6.11716417170886	TRUE
Glo1	9.59774928107606	6.11716417170886	TRUE
Bri3bp	9.58522736141411	6.11716417170886	TRUE
Kpnb1	9.58194053212681	6.11716417170886	TRUE
Fam107b	9.56668610887705	6.11716417170886	TRUE
Il17ra	9.53987119305685	6.11716417170886	TRUE
Rbbp4	9.53009632775047	6.11716417170886	TRUE
9130004J05Rik	9.52092592087786	6.11716417170886	TRUE
Nfe2	9.51425087431345	6.11716417170886	TRUE
Qdpr	9.51111726907527	6.11716417170886	TRUE
Lman2	9.50684601457148	6.11716417170886	TRUE
Gadd45a	9.48291581939817	6.11716417170886	TRUE
Fbl	9.47512236491148	6.11716417170886	TRUE
Ear10	9.47247486179112	6.11716417170886	TRUE
Uggt1	9.4717623300415	6.11716417170886	TRUE
Tmem71	9.46913451437383	6.11716417170886	TRUE
Snx27	9.46275088263946	6.11716417170886	TRUE
Wdr3	9.45066587980169	6.11716417170886	TRUE
Ube2i	9.44342403808419	6.11716417170886	TRUE
Timm21	9.4357300683225	6.11716417170886	TRUE
Dock5	9.42858262467907	6.11716417170886	TRUE
Spcs3	9.42831408121996	6.11716417170886	TRUE
Itga4	9.4195189674582	6.11716417170886	TRUE
Mettl21a	9.41939176876954	6.11716417170886	TRUE
Abca3	9.41914977204385	6.11716417170886	TRUE
Rpl22	9.40691060280248	6.11716417170886	TRUE
Cnst	9.40554036284713	6.11716417170886	TRUE
Abcd1	9.39862009217655	6.11716417170886	TRUE
Hdlbp	9.3974639790718	6.11716417170886	TRUE
Camkk2	9.39660519427514	6.11716417170886	TRUE
Tiam2	9.38324590219487	6.11716417170886	TRUE
AI467606	9.37469249506623	6.11716417170886	TRUE
Herc2	9.3690559588547	6.11716417170886	TRUE
Abca9	9.35786972693023	6.11716417170886	TRUE
Hsd17b10	9.34952417958328	6.11716417170886	TRUE
Dnajc3	9.34435334006215	6.11716417170886	TRUE
Arhgef1	9.31925441044901	6.11716417170886	TRUE
Ip6k3	9.2955814359849	6.11716417170886	TRUE
Pdp2	9.28605441853462	6.11716417170886	TRUE
Foxred2	9.2783545777876	6.11716417170886	TRUE
Nr1d2	9.27614204854132	6.11716417170886	TRUE
Tial1	9.26394171900295	6.11716417170886	TRUE
Irak1	9.26314358874864	6.11716417170886	TRUE
Chd9	9.25510549729789	6.11716417170886	TRUE
Mtfr1	9.25072608094237	6.11716417170886	TRUE
Rnf144a	9.24669258026422	6.11716417170886	TRUE
Prkar2b	9.24082255548072	6.11716417170886	TRUE
Bmyc	9.23848896334719	6.11716417170886	TRUE
Focad	9.23695611948984	6.11716417170886	TRUE
Ugt1a7c	9.23054154836393	6.11716417170886	TRUE
Bltp3b	9.22186496123464	6.11716417170886	TRUE
Wrn	9.22092019330873	6.11716417170886	TRUE
Irf4	9.19063776020197	6.11716417170886	TRUE
Hsd17b4	9.1809656273929	6.11716417170886	TRUE
Klf2	9.17819046060542	6.11716417170886	TRUE
Ap3m1	9.16508835125797	6.11716417170886	TRUE
Sun1	9.15933344776514	6.11716417170886	TRUE
Zfp362	9.15294789373256	6.11716417170886	TRUE
Kif21b	9.15007899207738	6.11716417170886	TRUE
Srsf10	9.14553708689556	6.11716417170886	TRUE
Ap1ar	9.13048658338169	6.11716417170886	TRUE
Pfkfb4	9.12659147633783	6.11716417170886	TRUE
Adpgk	9.11082725222224	6.11716417170886	TRUE
Rin3	9.09246799334264	6.11716417170886	TRUE
D2hgdh	9.08874713672096	6.11716417170886	TRUE
Btla	9.08695230864152	6.11716417170886	TRUE
Gm5779	9.08529971374519	6.11716417170886	TRUE
Fto	9.07592600959037	6.11716417170886	TRUE
Ppp1r12a	9.07206806657022	6.11716417170886	TRUE
Syk	9.05396717341948	6.11716417170886	TRUE
Taf3	9.04307773518562	6.11716417170886	TRUE
Hsd17b8	9.04277343317068	6.11716417170886	TRUE
Bcl11a	9.03734689816517	6.11716417170886	TRUE
Gdpd3	9.0292433091284	6.11716417170886	TRUE
Fcer2a	9.02230580200091	6.11716417170886	TRUE
Rasgrp2	9.01699257390091	6.11716417170886	TRUE
Zer1	8.99440640878789	6.11716417170886	TRUE
Arid5a	8.99174977183709	6.11716417170886	TRUE
Nek7	8.98585394863606	6.11716417170886	TRUE
Fhip1b	8.97579170283014	6.11716417170886	TRUE
Gsto1	8.96787560724197	6.11716417170886	TRUE
Smc1a	8.96726194245329	6.11716417170886	TRUE
Ahr	8.95518318706614	6.11716417170886	TRUE
Smim13	8.94687677614875	6.11716417170886	TRUE
Msmo1	8.91904512485	6.11716417170886	TRUE
Atg9a	8.91694275115612	6.11716417170886	TRUE
Arrb1	8.91639725560585	6.11716417170886	TRUE
Kpna2	8.90656664587642	6.11716417170886	TRUE
Hfe	8.90523354885534	6.11716417170886	TRUE
Plxdc1	8.89763878038969	6.11716417170886	TRUE
Zfp931	8.89503380054773	6.11716417170886	TRUE
Sort1	8.8938720815841	6.11716417170886	TRUE
Dpagt1	8.88621595593883	6.11716417170886	TRUE
Tmc6	8.8816129460465	6.11716417170886	TRUE
Tmem109	8.87566143812901	6.11716417170886	TRUE
Ppfia4	8.8697864385024	6.11716417170886	TRUE
Hspa4l	8.85559240408096	6.11716417170886	TRUE
Sgms1	8.85130596693122	6.11716417170886	TRUE
Tle5	8.8503874185821	6.11716417170886	TRUE
Dipk1a	8.84122318706066	6.11716417170886	TRUE
Dhrs7	8.83977010769822	6.11716417170886	TRUE
Vps13b	8.83778831992277	6.11716417170886	TRUE
Mllt3	8.83609650310643	6.11716417170886	TRUE
Gm13498	8.83143093861617	6.11716417170886	TRUE
Foxk2	8.83054960976769	6.11716417170886	TRUE
Btbd10	8.82025729543502	6.11716417170886	TRUE
Zfp12	8.79727323414432	6.11716417170886	TRUE
Plcb2	8.79411973331048	6.11716417170886	TRUE
Ubqln2	8.79335547222843	6.11716417170886	TRUE
Tacc1	8.79313909199078	6.11716417170886	TRUE
Parp8	8.79297504919378	6.11716417170886	TRUE
Aco1	8.78969238406363	6.11716417170886	TRUE
Sulf2	8.78081993397456	6.11716417170886	TRUE
Nabp1	8.76609013335854	6.11716417170886	TRUE
Acss2	8.75793325286078	6.11716417170886	TRUE
Tmem268	8.74105732318234	6.11716417170886	TRUE
Grk3	8.73576001083235	6.11716417170886	TRUE
Ticam2	8.73338265606295	6.11716417170886	TRUE
Tcea3	8.72830702420395	6.11716417170886	TRUE
Osgep	8.72187742687091	6.11716417170886	TRUE
Septin9	8.71109048675423	6.11716417170886	TRUE
Atrnl1	8.7026648567608	6.11716417170886	TRUE
B4gat1	8.69871737839046	6.11716417170886	TRUE
Fam234a	8.69124693084248	6.11716417170886	TRUE
Stard4	8.68487180013177	6.11716417170886	TRUE
Ace	8.67643152221771	6.11716417170886	TRUE
Mtap	8.66811515911929	6.11716417170886	TRUE
Tshz1	8.65868973288643	6.11716417170886	TRUE
Rasgrp4	8.65714687300251	6.11716417170886	TRUE
Dlgap4	8.65170953002246	6.11716417170886	TRUE
Ift140	8.65115643649735	6.11716417170886	TRUE
Atp10d	8.64240651477981	6.11716417170886	TRUE
Map3k15	8.62880423144676	6.11716417170886	TRUE
Auh	8.62791192613614	6.11716417170886	TRUE
Dock1	8.60881408996362	6.11716417170886	TRUE
Timp2	8.60669635550168	6.11716417170886	TRUE
D16Ertd472e	8.60460945003024	6.11716417170886	TRUE
Trps1	8.59939622147571	6.11716417170886	TRUE
Rpa2	8.59284457670971	6.11716417170886	TRUE
Prkag2	8.58228140665373	6.11716417170886	TRUE
Gstm1	8.57695180240731	6.11716417170886	TRUE
Lpin1	8.55916420454114	6.11716417170886	TRUE
Ipmk	8.5585464531574	6.11716417170886	TRUE
Xpc	8.55730566123855	6.11716417170886	TRUE
Cd37	8.55354660437886	6.11716417170886	TRUE
Pglyrp1	8.54621872659896	6.11716417170886	TRUE
Rarg	8.54101843206371	6.11716417170886	TRUE
Cnksr3	8.54061924437163	6.11716417170886	TRUE
Itgal	8.53398640498902	6.11716417170886	TRUE
Ap2a2	8.53302870834302	6.11716417170886	TRUE
Tpd52l2	8.51455232747568	6.11716417170886	TRUE
Klc1	8.50777494119728	6.11716417170886	TRUE
Arhgef6	8.50414368432511	6.11716417170886	TRUE
Slc22a15	8.49803389364497	6.11716417170886	TRUE
Prps2	8.48567081402875	6.11716417170886	TRUE
Cyb5a	8.48389731153222	6.11716417170886	TRUE
Hacd4	8.47756676258505	6.11716417170886	TRUE
Clec2i	8.46111240885327	6.11716417170886	TRUE
Vps13c	8.46036785285204	6.11716417170886	TRUE
Stxbp6	8.45941516677233	6.11716417170886	TRUE
Abcd2	8.45674769477553	6.11716417170886	TRUE
Thap11	8.45002998180562	6.11716417170886	TRUE
Ebpl	8.4438228704708	6.11716417170886	TRUE
Zhx1	8.43676853648154	6.11716417170886	TRUE
Icam2	8.43119444022471	6.11716417170886	TRUE
Cd2ap	8.42075411802792	6.11716417170886	TRUE
Bmx	8.40526308426078	6.11716417170886	TRUE
Mapk8	8.40030604109017	6.11716417170886	TRUE
Cfh	8.39583926642706	6.11716417170886	TRUE
Frat2	8.3939760039081	6.11716417170886	TRUE
Lrrk2	8.39394089330092	6.11716417170886	TRUE
Prorsd1	8.38841470047271	6.11716417170886	TRUE
Zbtb44	8.38159290557288	6.11716417170886	TRUE
Prr5l	8.37764976585499	6.11716417170886	TRUE
Lima1	8.36816121146765	6.11716417170886	TRUE
Gopc	8.36264671817147	6.11716417170886	TRUE
Mob3b	8.35893632873229	6.11716417170886	TRUE
Trf	8.35840271976591	6.11716417170886	TRUE
Mboat1	8.34706489828026	6.11716417170886	TRUE
Ahsa2	8.33900011961716	6.11716417170886	TRUE
2900060B14Rik	8.33889931344693	6.11716417170886	TRUE
Sqle	8.31816076727738	6.11716417170886	TRUE
Trip6	8.30092110126202	6.11716417170886	TRUE
Bcl3	8.29828119750721	6.11716417170886	TRUE
Gtf2i	8.29548168203504	6.11716417170886	TRUE
Klhl2	8.29449624371457	6.11716417170886	TRUE
Arpp19	8.28230979366439	6.11716417170886	TRUE
Utp6	8.26660004140602	6.11716417170886	TRUE
Satb1	8.2656886557853	6.11716417170886	TRUE
Spn	8.25357376254797	6.11716417170886	TRUE
D030029J20Rik	8.24937731794135	6.11716417170886	TRUE
Poglut2	8.23570553378311	6.11716417170886	TRUE
Crem	8.23023258979753	6.11716417170886	TRUE
Hlcs	8.2218192780179	6.11716417170886	TRUE
Aff4	8.2175252052842	6.11716417170886	TRUE
Tstd1	8.21558651035597	6.11716417170886	TRUE
Haao	8.21237878625404	6.11716417170886	TRUE
Gapt	8.20842830150804	6.11716417170886	TRUE
Satb2	8.20819309889985	6.11716417170886	TRUE
Galnt10	8.20625906559118	6.11716417170886	TRUE
Arhgef37	8.18717453787003	6.11716417170886	TRUE
St3gal3	8.18488440875146	6.11716417170886	TRUE
Elac1	8.18042045895605	6.11716417170886	TRUE
Svip	8.16216886192446	6.11716417170886	TRUE
Galnt9	8.16012144372261	6.11716417170886	TRUE
Dicer1	8.15938874797686	6.11716417170886	TRUE
Pcmt1	8.15321992353504	6.11716417170886	TRUE
Tbc1d5	8.15278560900427	6.11716417170886	TRUE
Specc1	8.14932752589635	6.11716417170886	TRUE
Fancl	8.140949851195	6.11716417170886	TRUE
Vezf1	8.12846336468645	6.11716417170886	TRUE
Dgkg	8.1187853549214	6.11716417170886	TRUE
Gemin2	8.11786939218981	6.11716417170886	TRUE
Treml4	8.114828800846	6.11716417170886	TRUE
Arhgap21	8.09660225316611	6.11716417170886	TRUE
Rfc4	8.08843844891607	6.11716417170886	TRUE
Rgs18	8.07459617289797	6.11716417170886	TRUE
Golim4	8.06464027095751	6.11716417170886	TRUE
Pex26	8.06116082785695	6.11716417170886	TRUE
Klhl17	8.05670685144369	6.11716417170886	TRUE
Fam219b	8.00216623105815	6.11716417170886	TRUE
Tns4	7.99940671175344	6.11716417170886	TRUE
Usp24	7.9977651077368	6.11716417170886	TRUE
Ncbp2	7.99638756879991	6.11716417170886	TRUE
Tnfsf14	7.99561043284818	6.11716417170886	TRUE
Arhgap23	7.984419831639	6.11716417170886	TRUE
Vnn3	7.98286097698133	6.11716417170886	TRUE
Mdm1	7.98102711594499	6.11716417170886	TRUE
Akap9	7.98089687460516	6.11716417170886	TRUE
Chml	7.96886977738956	6.11716417170886	TRUE
Cebpz	7.94506602488356	6.11716417170886	TRUE
Chlsn	7.94043422496421	6.11716417170886	TRUE
Septin6	7.9372381503749	6.11716417170886	TRUE
Kmt5c	7.92838743127537	6.11716417170886	TRUE
Pigk	7.92317935461942	6.11716417170886	TRUE
Zfand1	7.91953064463045	6.11716417170886	TRUE
Tpcn1	7.91907910517536	6.11716417170886	TRUE
Ssbp3	7.90574397441438	6.11716417170886	TRUE
Tceanc2	7.90225606758602	6.11716417170886	TRUE
Dusp22	7.90082196403321	6.11716417170886	TRUE
Rabgap1l	7.89852313284356	6.11716417170886	TRUE
St6gal1	7.89573689843327	6.11716417170886	TRUE
Elp1	7.89050559499784	6.11716417170886	TRUE
Kif23	7.88834423225385	6.11716417170886	TRUE
Mrpl57	7.87675728259768	6.11716417170886	TRUE
Cul5	7.87644253419107	6.11716417170886	TRUE
Glrx5	7.87594301590673	6.11716417170886	TRUE
Unc119b	7.87453149947297	6.11716417170886	TRUE
Jade1	7.85737805798198	6.11716417170886	TRUE
Ndufaf7	7.85096764947066	6.11716417170886	TRUE
Skint3	7.84359462100209	6.11716417170886	TRUE
Rfx2	7.83712688629494	6.11716417170886	TRUE
Tmem106b	7.82174448521056	6.11716417170886	TRUE
B3galnt2	7.82143414829276	6.11716417170886	TRUE
Mctp1	7.82067149663961	6.11716417170886	TRUE
Dennd2d	7.81223102370409	6.11716417170886	TRUE
Kifap3	7.79500378641234	6.11716417170886	TRUE
Bcl2l13	7.78997738374498	6.11716417170886	TRUE
Dnajc28	7.78513505574785	6.11716417170886	TRUE
Mmgt1	7.77388900002045	6.11716417170886	TRUE
Xpo7	7.74199997491423	6.11716417170886	TRUE
Klrb1f	7.73453407364605	6.11716417170886	TRUE
Dcps	7.70239871062153	6.11716417170886	TRUE
Prkab2	7.66829675377409	6.11716417170886	TRUE
Selenbp1	7.6490042726351	6.11716417170886	TRUE
Calhm2	7.64441806727541	6.11716417170886	TRUE
Itpr2	7.63315000927062	6.11716417170886	TRUE
Amigo1	7.62800214468675	6.11716417170886	TRUE
Pop5	7.62745187724413	6.11716417170886	TRUE
Tfdp2	7.6232325681332	6.11716417170886	TRUE
Eno3	7.62097953990822	6.11716417170886	TRUE
Sptlc2	7.61789340327388	6.11716417170886	TRUE
Meis1	7.61243474748275	6.11716417170886	TRUE
Orc3	7.61145207117374	6.11716417170886	TRUE
Susd3	7.60748313191912	6.11716417170886	TRUE
Pacs1	7.60710709440801	6.11716417170886	TRUE
Tdrd3	7.58539051035437	6.11716417170886	TRUE
Vkorc1	7.57444979482927	6.11716417170886	TRUE
Ramp1	7.57055336959078	6.11716417170886	TRUE
Elmo2	7.5379576313386	6.11716417170886	TRUE
Qser1	7.52799602649416	6.11716417170886	TRUE
Rala	7.52685742232689	6.11716417170886	TRUE
Csad	7.52375695272847	6.11716417170886	TRUE
Pccb	7.50085322236811	6.11716417170886	TRUE
Sdf4	7.48335886428223	6.11716417170886	TRUE
Zfp518b	7.47202528241934	6.11716417170886	TRUE
Ccdc85b	7.46919949883778	6.11716417170886	TRUE
St3gal2	7.45790088578724	6.11716417170886	TRUE
6030458C11Rik	7.45485444994974	6.11716417170886	TRUE
Zfhx2	7.45439380431919	6.11716417170886	TRUE
Kiz	7.44339615302695	6.11716417170886	TRUE
Mki67	7.43709888993114	6.11716417170886	TRUE
Man1a	7.41903381204489	6.11716417170886	TRUE
Idh1	7.4171292647983	6.11716417170886	TRUE
Arsb	7.39600948477055	6.11716417170886	TRUE
Lmf1	7.37224945798392	6.11716417170886	TRUE
Ypel2	7.35930899858079	6.11716417170886	TRUE
Pot1a	7.32023500019054	6.11716417170886	TRUE
Pkd1	7.31988167174083	6.11716417170886	TRUE
Slc4a7	7.31207012916403	6.11716417170886	TRUE
Abtb1	7.3054114978812	6.11716417170886	TRUE
Acsl3	7.29623992899908	6.11716417170886	TRUE
Nr4a2	7.28668694669701	6.11716417170886	TRUE
Ipo7	7.28655294278128	6.11716417170886	TRUE
Cyp7b1	7.26412860869755	6.11716417170886	TRUE
Rflnb	7.25714128489355	6.11716417170886	TRUE
Metap1d	7.2530200574315	6.11716417170886	TRUE
Ccdc125	7.24442290355871	6.11716417170886	TRUE
Frat1	7.2421120482869	6.11716417170886	TRUE
Ctdspl	7.22517910129554	6.11716417170886	TRUE
Pcnx1	7.22157099868875	6.11716417170886	TRUE
Cisd1	7.22089879651646	6.11716417170886	TRUE
Rtn1	7.21102536916883	6.11716417170886	TRUE
Ptgr3	7.206911992186	6.11716417170886	TRUE
Fam174c	7.20614735668957	6.11716417170886	TRUE
Sgsh	7.18269547490997	6.11716417170886	TRUE
Tlnrd1	7.18112399666205	6.11716417170886	TRUE
Map3k4	7.17263629944969	6.11716417170886	TRUE
Sub1	7.14765746436565	6.11716417170886	TRUE
Ankzf1	7.14113674646025	6.11716417170886	TRUE
Aacs	7.13963263331622	6.11716417170886	TRUE
Selenbp2	7.12790850670146	6.11716417170886	TRUE
Camk1d	7.12738110908597	6.11716417170886	TRUE
Tesk2	7.09847595995543	6.11716417170886	TRUE
Nadk2	7.0893133063122	6.11716417170886	TRUE
Dennd2c	7.08577510342586	6.11716417170886	TRUE
Cyp51	7.07374891857372	6.11716417170886	TRUE
Nat8l	7.06618547772477	6.11716417170886	TRUE
Arl2bp	7.06502216263589	6.11716417170886	TRUE
Gfer	7.0494745372697	6.11716417170886	TRUE
Peg13	7.04479713941871	6.11716417170886	TRUE
Pde2a	7.0333440971601	6.11716417170886	TRUE
Cfap74	7.029090053961	6.11716417170886	TRUE
Nme3	7.02693953269457	6.11716417170886	TRUE
Pank1	7.00060388951018	6.11716417170886	TRUE
Depdc7	6.96895815218091	6.11716417170886	TRUE
Upb1	6.96468805331103	6.11716417170886	TRUE
Ugt1a10	6.90527568897065	6.11716417170886	TRUE
Ndrg3	6.87984969174345	6.11716417170886	TRUE
Aph1b	6.84549884795407	6.11716417170886	TRUE
Klhl42	6.83359314648602	6.11716417170886	TRUE
Ralgps2	6.83323215418755	6.11716417170886	TRUE
Pabpc1l	6.8072610064611	6.11716417170886	TRUE
Bcr	6.77018518571484	6.11716417170886	TRUE
Stk16	6.76068357508893	6.11716417170886	TRUE
Pwwp3a	6.7590438665704	6.11716417170886	TRUE
Ctps2	6.75428013614221	6.11716417170886	TRUE
Tfb1m	6.73881201314566	6.11716417170886	TRUE
Adam4	6.73849355930277	6.11716417170886	TRUE
Etfbkmt	6.70401399560971	6.11716417170886	TRUE
Ttc27	6.68468913906472	6.11716417170886	TRUE
Fmo5	6.67682080543032	6.11716417170886	TRUE
Lmbrd1	6.67133624585995	6.11716417170886	TRUE
Enkur	6.65402028899324	6.11716417170886	TRUE
Klhl5	6.65228353297936	6.11716417170886	TRUE
Siah2	6.63901313533662	6.11716417170886	TRUE
Tppp	6.63417635088814	6.11716417170886	TRUE
Grk5	6.63325441632201	6.11716417170886	TRUE
Atp1a3	6.61786451373928	6.11716417170886	TRUE
9130008F23Rik	6.61237235182495	6.11716417170886	TRUE
Pnpla1	6.60925387230751	6.11716417170886	TRUE
1700025G04Rik	6.58219122663927	6.11716417170886	TRUE
Depp1	6.581528939331	6.11716417170886	TRUE
Hdac10	6.57938487974641	6.11716417170886	TRUE
Tspan32	6.57723488635444	6.11716417170886	TRUE
Asph	6.55956260971306	6.11716417170886	TRUE
Pgm2l1	6.55710974388774	6.11716417170886	TRUE
Gphn	6.53933064616139	6.11716417170886	TRUE
Elovl6	6.53154703675386	6.11716417170886	TRUE
Atosa	6.4761227042453	6.11716417170886	TRUE
Slc9a9	6.47384122408587	6.11716417170886	TRUE
Entpd5	6.47057346888572	6.11716417170886	TRUE
Smim5	6.46081221216346	6.11716417170886	TRUE
Ccno	6.45198677967745	6.11716417170886	TRUE
Tmem81	6.44206345979363	6.11716417170886	TRUE
Slc26a6	6.43202434632596	6.11716417170886	TRUE
Cfhr4	6.4209581656554	6.11716417170886	TRUE
F5	6.40784094901413	6.11716417170886	TRUE
Patz1	6.39039088398647	6.11716417170886	TRUE
Apln	6.3759233817897	6.11716417170886	TRUE
Lrba	6.37248651788288	6.11716417170886	TRUE
Dhcr24	6.34425417085785	6.11716417170886	TRUE
Zfp706	6.33977752204336	6.11716417170886	TRUE
G6pc3	6.32896551022903	6.11716417170886	TRUE
Tnnt3	6.31598191557827	6.11716417170886	TRUE
Rnase2b	6.31406679358066	6.11716417170886	TRUE
Cep78	6.24928685866058	6.11716417170886	TRUE
Rab36	6.24600326436849	6.11716417170886	TRUE
Kctd12b	6.23800372543938	6.11716417170886	TRUE
Serpinb1c	6.23663415938209	6.11716417170886	TRUE
Cd209a	6.2247206263041	6.11716417170886	TRUE
Syne2	6.20734075362603	6.11716417170886	TRUE
Msh2	6.17390515979429	6.11716417170886	TRUE
Slfn3	6.17175235456149	6.11716417170886	TRUE
Dusp18	6.15061269105386	6.11716417170886	TRUE
Serpinb1a	6.13341082103166	6.11716417170886	TRUE
Cbr2	6.13018441738296	6.11716417170886	TRUE
Egln1	6.1132982130114	6.11716417170886	FALSE
Klhl12	6.08298243816723	6.11716417170886	FALSE
Fktn	6.07599489625441	6.11716417170886	FALSE
Anapc1	6.05513902420789	6.11716417170886	FALSE
Scn2b	6.05335561368295	6.11716417170886	FALSE
Star	6.04246683346231	6.11716417170886	FALSE
Stxbp5	6.03653695310217	6.11716417170886	FALSE
Mlh3	5.99664989346208	6.11716417170886	FALSE
Ugt1a9	5.97319156429768	6.11716417170886	FALSE
Abca6	5.96191377197647	6.11716417170886	FALSE
Gstm6	5.92119778651437	6.11716417170886	FALSE
Ppm1l	5.91179486341773	6.11716417170886	FALSE
Ydjc	5.9019143175984	6.11716417170886	FALSE
Snhg11	5.88916629208923	6.11716417170886	FALSE
Txlnb	5.8891540852185	6.11716417170886	FALSE
Thnsl1	5.85742810459614	6.11716417170886	FALSE
Atg9b	5.8527199390408	6.11716417170886	FALSE
Poglut3	5.82928812519971	6.11716417170886	FALSE
Arhgap6	5.81374111738965	6.11716417170886	FALSE
Dyrk3	5.79840087003352	6.11716417170886	FALSE
Klri2	5.79130971733246	6.11716417170886	FALSE
Kcne3	5.77316362616282	6.11716417170886	FALSE
B630019K06Rik	5.76675241973225	6.11716417170886	FALSE
Rwdd2a	5.76236964796225	6.11716417170886	FALSE
Zfand4	5.76076450624022	6.11716417170886	FALSE
Megf9	5.75342078237075	6.11716417170886	FALSE
Naip7	5.69028929248788	6.11716417170886	FALSE
Wdcp	5.6869639438883	6.11716417170886	FALSE
Ccdc91	5.68279718921139	6.11716417170886	FALSE
Zdhhc17	5.6784171195581	6.11716417170886	FALSE
1700001K23Rik	5.65177259040786	6.11716417170886	FALSE
Rdh14	5.64594193827668	6.11716417170886	FALSE
Mblac2	5.59007080703707	6.11716417170886	FALSE
Olfr257	5.54925480874951	6.11716417170886	FALSE
Slc6a18	5.53239346388109	6.11716417170886	FALSE
Racgap1	5.51134480413869	6.11716417170886	FALSE
Pdk2	5.42878357335963	6.11716417170886	FALSE
P2rx1	5.42127914698972	6.11716417170886	FALSE
Scrg1	5.39048278291917	6.11716417170886	FALSE
Slc5a11	5.35085949174123	6.11716417170886	FALSE
Or10ab4	5.34514001050601	6.11716417170886	FALSE
Hdhd5	5.31117649643966	6.11716417170886	FALSE
Rnf125	5.29817813446868	6.11716417170886	FALSE
Gm17259	5.28758182664872	6.11716417170886	FALSE
