gene	slope	AveExpr	t	P.Value	adj.P.Val	B
Mbp	-0.623304439624128	9.76757358448542	-8.81505968249549	5.19657605915257e-08	0.000103963999783421	8.62845356061313
Insr	-0.623022452525613	8.77370866229278	-8.71729427438396	6.14026390662038e-08	0.000109194359806066	8.47310717263925
St8sia4	-0.733851661574096	11.8245645377707	-8.53705941001146	8.37812527501135e-08	0.000116577234709057	8.18312279246329
Irf4	-0.735849619950977	8.06842377481453	-8.07903470186021	1.88015824747747e-07	0.000158378593425668	7.42489336296917
Hspa1a	-0.672669865407924	10.2442373842621	-7.83500984899035	2.92453607277546e-07	0.000205349976720798	7.00824773214412
Degs1	-0.377657397687047	10.9563831193119	-7.60891748837167	4.43480577290218e-07	0.000205351828855178	6.61425279046656
Hpgd	-0.656804496630676	8.57633272984754	-7.59934145758533	4.51438314824531e-07	0.000205351828855178	6.59739536315395
Hspa1b	-0.541101014184956	11.6760876632884	-7.54522661255025	4.99282673009426e-07	0.000205351828855178	6.50187268194087
Rpl22	-0.424770642583901	8.86409516903906	-7.55255384385547	4.92507625900326e-07	0.000205351828855178	6.51483248002012
Sort1	-0.735939347297811	7.72323153076529	-7.70502331067961	3.71238136169391e-07	0.000205351828855178	6.78266954996064
Thbd	-0.475969013109285	10.2712680730889	-7.50893809828577	5.3429213415689e-07	0.000205351828855178	6.43756901402559
Eeig2	-0.457903807641606	9.3171665511717	-7.4298267328565	6.19740068142233e-07	0.000214230940521709	6.29669275227798
Ccpg1	-0.535856953083017	9.81837577399086	-7.37445926831479	6.87892099762963e-07	0.000229369022014713	6.19753496237482
Camkk2	-0.470298482599538	8.56897135119375	-7.25595693354605	8.61196732076394e-07	0.000255948593080342	5.98374981711539
Mid1ip1	-0.642215250596416	9.27653515677361	-7.27899443521163	8.24265905810667e-07	0.000255948593080342	6.02547722324593
Add3	-0.736342457054524	10.0939683600448	-7.20461982043522	9.49800821243407e-07	0.000276392038981831	5.89047499789597
Gramd4	-0.513970815822386	9.94496741701064	-7.18072916890865	9.94208723532568e-07	0.000284148403931049	5.8469319502602
Syncrip	-0.373385162865468	9.64789100183169	-7.10290283984399	1.1544039670441e-06	0.000324144482325279	5.70448747481345
Myo5a	-0.423842171225935	10.1622023862916	-7.08121164699881	1.20366135693629e-06	0.000325308857738424	5.66462330717581
Abcd2	-0.741665305131023	7.21260964340589	-6.95305183851953	1.54271781844775e-06	0.000368525353496362	5.42764213397329
Arhgef6	-0.483086164228773	7.79874001975764	-6.84462816005112	1.90645349069846e-06	0.000424431759963276	5.22522523187272
Prkag2	-0.679290219627198	7.53147731544467	-6.8438545565098	1.90934624913189e-06	0.000424431759963276	5.22377464830524
Ip6k3	-0.503527584831134	8.51174978590381	-6.82334898753785	1.98770306849905e-06	0.00043306932247612	5.18529199065754
Abca9	-0.849734493105143	7.90581368793987	-6.79675497507537	2.09431190621496e-06	0.000443274583719725	5.13528946196177
Rassf3	-0.331784811339235	10.9735128810864	-6.69290965247558	2.57063071501834e-06	0.000503729485563881	4.93902665725204
Arhgef18	-0.560093524550588	9.68549533315087	-6.63993084909737	2.85553719982443e-06	0.000527904182686697	4.83828127002143
Arrb1	-0.665918430641938	7.70752345493792	-6.60110928579897	3.08490663020098e-06	0.000561067393367804	4.76419359657623
Bcl11a	-0.72113043318381	7.93023873727593	-6.57447599280271	3.25321418547768e-06	0.00057487888102	4.71323747201094
Klf4	-0.359092991592089	9.82319135639464	-6.5721124152244	3.2686021976145e-06	0.00057487888102	4.70871030689166
Lpgat1	-0.33248975832588	9.77762309995746	-6.50336091061241	3.7507470024505e-06	0.000600307057742203	4.57666511948442
Vps13c	-0.46411891328998	7.67865633371183	-6.42016459405063	4.43400423019588e-06	0.00068236767023351	4.41595181302056
Fkbp4	-0.490594316190962	9.5712231031495	-6.39222928300196	4.69126276898065e-06	0.000708336420920145	4.36176226771587
Hgsnat	-0.525600181698066	9.60150854529847	-6.34864197519459	5.12385911274021e-06	0.000733050022889811	4.276985007303
Klhl42	-0.585000030183481	5.90276165394227	-6.28183094411198	5.86850701342405e-06	0.000796859318308471	4.14650664968584
Tmcc1	-0.45833331292995	9.23215423871494	-6.24954274495001	6.2675694830886e-06	0.000815548370543358	4.08322052423257
Prkar2b	-0.62487095387351	8.24549368626776	-6.24350359493609	6.34526506048461e-06	0.000818999736234325	4.07136706485069
Klf2	-0.632456749924555	8.08283602457038	-6.21838554523647	6.67922997545941e-06	0.00084174075399392	4.02201052739093
Kpnb1	-0.337154426638945	9.15622540225661	-6.1989116245382	6.95059745926868e-06	0.000858486096526582	3.98368306392395
Cers5	-0.290624661480108	9.99794802042433	-6.17558737001254	7.2906449544244e-06	0.000890738721340172	3.93770707773744
Plekhg3	-0.392923713221002	9.98874827706364	-6.12521051234712	8.08490175124612e-06	0.000951462150946281	3.83814486428537
St6gal1	-0.720872574932543	6.95414756977676	-6.11987936698279	8.17401881001645e-06	0.000953766778764031	3.82758786950849
Reep5	-0.31004538281173	9.67212065697659	-6.08758435739622	8.73595487316636e-06	0.000964584495981308	3.76355103319785
Tshz1	-0.473514444260346	7.82055791181764	-6.08914896420388	8.70783365272335e-06	0.000964584495981308	3.76665679044374
Pank1	-0.681676489867069	5.94460069404838	-6.07253208096981	9.01132328724758e-06	0.000987850885016421	3.73365479374964
Bcl7c	-0.39596763483969	9.33895494620647	-6.04810840429605	9.47731236403533e-06	0.00101554815145112	3.68507873515228
Lpin1	-0.627864337918545	7.31162635528634	-6.04545997140666	9.52931337955168e-06	0.00101554815145112	3.67980633909846
Mfsd6	-0.491071155385354	9.27974443928095	-6.03966974001904	9.64402876764151e-06	0.00101554815145112	3.668276008332
Sun1	-0.510489854573906	8.23304350907857	-6.05318601705782	9.37843121061268e-06	0.00101554815145112	3.69518434244268
Abcb7	-0.304122650124593	10.4093620452292	-6.00952626105927	1.02646304529458e-05	0.00105829249187764	3.60817559755704
Mapre2	-0.287233597207958	9.53549632491425	-5.99954789291245	1.04790119828388e-05	0.00106149738471731	3.5882531803736
Dipk1a	-0.44091314280478	8.02780862347224	-5.9879605548181	1.07337582183791e-05	0.00107371125178224	3.5651012903003
Bri3bp	-0.539124289742718	8.70322293340642	-5.97454276968119	1.10367307271856e-05	0.0010770907029793	3.53826924320749
Ak3	-0.342197258399704	9.61274357030542	-5.95923360870597	1.13931885974801e-05	0.00109190409283035	3.50762505348339
Cx3cr1	-0.796064804182489	8.21593630354444	-5.96168594502339	1.13353008546972e-05	0.00109190409283035	3.51253600873814
Rab36	-0.474928044355842	5.33805373822019	-5.94986228062271	1.16172184747203e-05	0.00110674751004702	3.48885088478691
Padi2	-0.359922877897271	10.5696130713505	-5.92750372198272	1.21702228254385e-05	0.00113909015392481	3.4440106502759
Wdr3	-0.317302642717097	8.93296905556861	-5.8790770407856	1.34628276921473e-05	0.00123834802995872	3.34666033758556
Eeig1	-0.288423869438651	9.3496268753341	-5.86344213382454	1.39096762182548e-05	0.00125598806840295	3.31516321782274
Prmt3	-0.295214014141952	9.96633937900147	-5.86142244097978	1.39685021040753e-05	0.00125598806840295	3.31109210073526
Sqor	-0.427179792800132	9.35941957701926	-5.86298467996868	1.39229777275964e-05	0.00125598806840295	3.31424117046185
Pigb	-0.6202109998334	9.08220792893079	-5.8485432781887	1.43496910336358e-05	0.00126371709129316	3.28511871555138
Syk	-0.318280424643375	8.53943691686754	-5.83797782788408	1.4670382007688e-05	0.00128305718050845	3.26379500944855
Cyp4f16	-0.373232584985238	9.85857382248647	-5.81776170787293	1.53047041255826e-05	0.00133125972570625	3.22295284323923
Aco1	-0.371852655355215	8.26103076066625	-5.80871294787913	1.55977006462274e-05	0.00133497967295653	3.20465444520212
Idh1	-0.627100974911826	6.60956826623071	-5.76387862850264	1.7136855215822e-05	0.00142851754025641	3.11383280138763
Ldlrad3	-0.490144215500887	10.4458992353252	-5.73399417583171	1.82487572420663e-05	0.00147510787706703	3.05315064546523
Mtus1	-0.287971031275689	10.0888519454848	-5.73637588992729	1.815748257259e-05	0.00147510787706703	3.05799107523004
Smarca2	-0.334234844701969	11.4040115654349	-5.73855562551485	1.80743595063695e-05	0.00147510787706703	3.06242037920318
AI467606	-0.461669657687666	8.48818080444262	-5.72267674687185	1.86889631881834e-05	0.001493042272826	3.03013994599755
Nfe2	-0.76933719901662	8.09871092461295	-5.69175301454875	1.99482763164395e-05	0.00152925077814071	2.96718208855745
Brd3	-0.327371766341051	10.4287297202809	-5.66685900529204	2.10251991297487e-05	0.00158730335882844	2.91641199667279
Galnt9	-0.718378576371459	6.9538709624874	-5.66334310715381	2.11820407082895e-05	0.00159045543734345	2.90923519472516
Ampd3	-0.485023610225973	9.92211370448101	-5.6454973048521	2.19968582723444e-05	0.00162990609559663	2.87278363557061
Satb2	-0.680770171385389	6.8464800875059	-5.63873543069703	2.23139444008768e-05	0.00164578193611075	2.85896151580338
Evi5	-0.383607791132669	9.90435132640844	-5.6237612239336	2.303294645901e-05	0.00166055093728133	2.82833205769984
Setx	-0.336387644857989	9.65585954057578	-5.62403754775017	2.301946533245e-05	0.00166055093728133	2.82889752559033
Dock1	-0.547691730668721	7.81313387803591	-5.56944413320503	2.58468304223253e-05	0.0018385712040414	2.7169946465318
Ugt1a7c	-0.492400998527897	8.57257447194612	-5.55687226020238	2.65469695911562e-05	0.00188001879781617	2.69117367836939
Herc4	-0.263284526294748	10.5751955439361	-5.55078161489938	2.6893131309898e-05	0.00189614346526395	2.67865738634259
Niban1	-0.404117629252168	9.09996621733263	-5.54236014786159	2.7379409357623e-05	0.00192095153825441	2.66134384319836
Tppp	-0.545112274659563	5.69323402776579	-5.54055127960892	2.74850298194476e-05	0.00192095153825441	2.65762390408135
Mapk8	-0.336603786163631	8.0224220188114	-5.53607753440133	2.7748052364247e-05	0.00192863835056114	2.64842194614387
Svip	-0.505375875216601	7.40829517722631	-5.51823535094021	2.8822985335618e-05	0.00198841327714037	2.61169874095225
Pdlim1	-0.561703305203671	10.0833717854913	-5.51233857619583	2.91875622272837e-05	0.00199635441644306	2.599553460531
E2f2	-0.383439178920355	10.3306939827841	-5.49942758366977	3.00024092755428e-05	0.00204335557640452	2.5729468567544
Pon2	-0.269242573746021	10.1172890922869	-5.48118195250154	3.11939036170333e-05	0.00209772448483453	2.53531298604658
Spn	-0.392294951449924	7.59218222564635	-5.45615176989176	3.2907859592751e-05	0.00218893182307973	2.48362120310498
Rbpms	-0.355162182451244	9.06641360879752	-5.44734167823897	3.35338551523428e-05	0.00219962849062806	2.46540931769897
Cat	-0.283479619911901	11.4155477369582	-5.44351826747827	3.38093105157751e-05	0.00220864495838767	2.45750289132799
Cyb5r1	-0.312281599825298	9.24136434073087	-5.43322833112172	3.45622197670413e-05	0.00223294194192234	2.43621590007535
Bnip3l	-0.319894969887411	10.2092610271625	-5.41350830236746	3.60535090100626e-05	0.00228982703057957	2.39538644117386
Atp10d	-0.364266573410164	8.04191386077306	-5.41086217999003	3.6258574885642e-05	0.00229374897646127	2.38990435037604
Bmyc	-0.421329849666938	8.39021333950072	-5.38878092800774	3.8017084122179e-05	0.0023504384688833	2.34412636607532
Rabgap1l	-0.656174878870262	6.6939035909177	-5.38982410912841	3.79320727241283e-05	0.0023504384688833	2.34629030043174
Rarg	-0.390591920241152	7.87206085416246	-5.38775110510331	3.81011983581626e-05	0.0023504384688833	2.34199002008238
Cd209a	-0.494030772482081	5.12931009701725	-5.37547226838183	3.91189252813864e-05	0.00238060227805547	2.31650855781206
Skint3	-0.535127133460025	7.1089871998789	-5.36717924711859	3.98220045186897e-05	0.00240913181696125	2.29928894596261
Focad	-0.484952467033025	8.5346631572159	-5.34697364372421	4.15897145602663e-05	0.00249304637279799	2.25730170051972
Smim13	-0.317911201713205	8.53099472999857	-5.32335410649123	4.37583193113894e-05	0.00259389592806958	2.20816256969668
Icam2	-0.426633515950695	7.68938506378647	-5.31902885888518	4.41678101757967e-05	0.00260850849396172	2.19915744286737
Arhgap6	-0.354149128915139	5.15557607340804	-5.3005700361045	4.5959961014893e-05	0.0026460042303718	2.16070323262022
Slc46a3	-0.494019444152794	8.74310816787862	-5.29513216108804	4.65019848725176e-05	0.00266761386338582	2.14936771190346
S1pr5	-0.576815318174816	9.01035480614032	-5.28364277739513	4.7668812053293e-05	0.00272478334611769	2.12540694686323
Nr4a1	-0.321003524732963	10.3788039182355	-5.27579437002674	4.84830566440431e-05	0.00276146377789292	2.10903111152667
Rnf144a	-0.712402006816226	7.96728872705449	-5.2720252231573	4.8879136620778e-05	0.00277415099863671	2.10116436104017
Gapt	-0.565709149423875	7.38250324439067	-5.25526952373493	5.06803754653111e-05	0.00283615178084722	2.06617435497773
Ceacam1	-0.459446399936969	10.2068249349008	-5.24929071346518	5.13394141582852e-05	0.00284320873219154	2.05368187309499
Dennd2c	-0.597312972933869	6.31955198673754	-5.2523846570898	5.09972843912625e-05	0.00284320873219154	2.06014701813096
Auh	-0.507343084778615	7.83240091059954	-5.22911416740785	5.36288751087107e-05	0.00289976400714498	2.01149582039092
Nr4a2	-0.521316754399174	6.43799326445779	-5.23032897220724	5.3488120182795e-05	0.00289976400714498	2.01403700597453
Spcs3	-0.380546435034702	8.92154181745111	-5.22299046156123	5.43441948091701e-05	0.00291872093262003	1.99868360526614
Stxbp6	-0.470736187640966	7.86776713470991	-5.2240708529859	5.42172874295974e-05	0.00291872093262003	2.00094432095718
Frat2	-0.569388301543285	7.4925250345819	-5.20454488449176	5.65583719163802e-05	0.00299740643219095	1.96006748274514
Hnrnpul2	-0.289192382056573	10.4696879642503	-5.18644129637046	5.88212317744784e-05	0.00306655965651637	1.92213300758564
Fam107b	-0.424310461550501	9.14391488183372	-5.18167632865673	5.94320716461651e-05	0.00308781013462168	1.91214283100999
Rap1gap2	-0.301909293557517	9.94329289644796	-5.18026139075724	5.96147036299968e-05	0.00308781013462168	1.909175840709
Ralgps2	-0.566122187936917	5.71440925891894	-5.16996695911527	6.0960833503308e-05	0.00314734883942079	1.88758324347848
Tmem43	-0.344553105394263	9.74545763460542	-5.16138668487889	6.2106530496651e-05	0.00319618977684533	1.86957786314889
9130008F23Rik	-0.580819647274355	5.45840620966554	-5.1473576828712	6.40273894781788e-05	0.00328448195063542	1.84012251631049
Prrc2b	-0.230216686681363	10.1206934722951	-5.14178174178538	6.4807610169688e-05	0.00328859103465359	1.82840976009651
Qser1	-0.438045659997221	6.72039780486852	-5.14216524024116	6.47536389353174e-05	0.00328859103465359	1.82921543202598
Sft2d2	-0.342886284378374	10.1563415034213	-5.14416473672372	6.44729848765504e-05	0.00328859103465359	1.83341583189778
Slc9a9	-0.531351591066384	5.58586975207773	-5.07729946493159	7.45686091445984e-05	0.00371797691389189	1.69273620708863
Cisd1	-0.524744940033494	6.48349490124493	-5.06673840355779	7.63049043042167e-05	0.00374423415196928	1.67047685771449
Adgre4	-0.407366109700996	11.6982761468628	-5.06110830798806	7.72473300783656e-05	0.00375788303314359	1.65860607390528
Nxpe4	-0.444579072751092	11.1440468738544	-5.05179158526367	7.88330368599399e-05	0.00381527354856937	1.63895562818368
Ypel2	-0.493621116233423	6.65954160113962	-5.04697630289987	7.96655801920648e-05	0.00384050485233132	1.62879623017287
Nemp2	-0.23829936039481	9.46591415530942	-5.04517332146773	7.99796124188937e-05	0.00384406515544863	1.62499169711567
Mxi1	-0.398428876889428	10.2547793429394	-5.03819097598822	8.12077198418104e-05	0.00386824272639338	1.61025514238251
Aldh2	-0.352764813144588	10.4161761935136	-5.03178944889909	8.23505731273716e-05	0.00389947018610527	1.59674044047708
Mettl21a	-0.260412649627522	8.99883885750777	-5.02142610615178	8.4235621170573e-05	0.00395363963881238	1.57485363323317
Tmem109	-0.362339282809966	8.22121599284256	-5.01260039922204	8.58756605665368e-05	0.0040188302554603	1.55620643539911
Jade1	-0.383399919743634	7.27455754654012	-5.00758181727399	8.68227292933862e-05	0.00403149768894668	1.54559985914912
Peg13	-0.659124339698408	5.87581949514309	-5.0021572839447	8.78583925492581e-05	0.00405237340850396	1.53413274255638
Ndufaf7	-0.561689791344742	7.08182629744042	-4.99871084009655	8.85229319204944e-05	0.00407129173961929	1.52684579425591
Kctd12	-0.299955815334624	10.5920283852412	-4.99525670766662	8.91940977687475e-05	0.00409040554380746	1.51954151228672
Lrrk2	-0.484800307074103	7.73010744121527	-4.97519159027796	9.31968547307068e-05	0.00418993162911506	1.47708962576826
Cd177	-0.713807437811875	8.6854446171174	-4.96882737231923	9.45043339198694e-05	0.00421320853589835	1.46361732277118
Tmem176b	-0.378647328366064	9.80487929523809	-4.96347902218355	9.56175640792424e-05	0.00422751136212231	1.4522927272654
Tmem71	-0.426233698001217	8.73267578379998	-4.9581507006302	9.67399205975093e-05	0.00425363304715148	1.44100804046189
Dock8	-0.315731944123724	9.6819068604531	-4.95526787288935	9.73527477566178e-05	0.00425535162649211	1.43490155280464
Fhip1b	-0.650439932332114	8.04684020161977	-4.94927156121068	9.86401407952873e-05	0.00425535162649211	1.42219767335468
Srsf10	-0.387695187623818	8.6961809818689	-4.94966057193073	9.85560972652647e-05	0.00425535162649211	1.42302193242354
Xpr1	-0.332309649420207	9.50708243112953	-4.95585516038425	9.7227582932464e-05	0.00425535162649211	1.43614562076232
9130004J05Rik	-0.399054481840585	8.94766616215733	-4.93149206235464	0.000102560291174837	0.00440074386126883	1.38451145495411
Timm21	-0.274030540804262	8.98465375768916	-4.91075777811714	0.000107333047018499	0.004568791004072	1.34052802092015
Gadd45a	-0.442735777095423	8.8218004155672	-4.89294413747437	0.000111613954255135	0.00468866492874918	1.30271126350314
Nadk2	-0.430784396795518	6.57952744639979	-4.88870937702131	0.00011265697396513	0.00472009127830342	1.29371737484287
Btla	-0.533917339674537	8.02642789486556	-4.87591234523746	0.000115869599354538	0.00482940869184734	1.26652977980902
Plxdc1	-0.31795503605419	8.22556329088083	-4.8668007033184	0.000118213751430147	0.00487631724649358	1.24716375859394
Lman2	-0.34603672719575	9.14422742842905	-4.86294596280035	0.000119219941481764	0.00489260298311701	1.23896881769928
Sgsh	-0.600911574301011	6.32608587528681	-4.85652775285491	0.000120914649457822	0.00493683409329704	1.2253214544176
Slc12a6	-0.239459949596025	9.4130052530596	-4.85449436342549	0.000121456658993912	0.004940419578716	1.22099706955333
Dna2	-0.297427327521078	10.5055720939945	-4.8473148826873	0.000123390243566979	0.0049461093575777	1.20572592582247
Mdm1	-0.632635807905281	6.85004681383722	-4.84837034968723	0.000123104031434465	0.0049461093575777	1.20797121734751
Ugt1a2	-0.323532225528646	10.838203129381	-4.84649108385913	0.000123614104531776	0.0049461093575777	1.20397340006197
Entpd5	-0.466528417350656	5.81407185986064	-4.83194969742987	0.000127634373090053	0.00506895320423399	1.17302969432783
Fam89b	-0.348899931615032	9.1569169733105	-4.82117548073004	0.000130698744049199	0.00515229901110205	1.15009180683255
Rasgrp2	-0.819291608273643	7.449279860478	-4.81116211440151	0.000133613818108575	0.00521582721665301	1.12876573141599
Nhsl2	-0.471661490740162	9.62413321873289	-4.80739272967225	0.000134728215781317	0.00524653307440384	1.12073586195744
Mef2c	-0.339186151673604	9.2456835851432	-4.80182809107495	0.000136390678037287	0.00528555157866046	1.10887962012421
P2ry1	-0.532848552018661	9.93451052019276	-4.7531698891855	0.000151846425605894	0.0057864334329103	1.00510870172441
Vps13b	-0.344974677245944	8.22233957676431	-4.75017347123798	0.000152854489988392	0.0057972419721901	0.998712777593881
Aph1b	-0.514198931473905	5.72673057817849	-4.74718667289604	0.000153866088194347	0.00580808193761917	0.992336752539508
Msh2	-0.390799530565288	5.40998446691011	-4.74780729939741	0.000153655329729975	0.00580808193761917	0.993661678090843
Xpc	-0.412308447292903	7.9716718755351	-4.73434655097691	0.000158292998820914	0.00591934450030078	0.964919329127229
Cd300lg	-0.68366118501329	9.23973017855265	-4.72718217758611	0.000160819111786863	0.00599978993974066	0.94961629273679
Hsd17b4	-0.324827024160397	8.63466795896356	-4.72327246668852	0.000162214888843676	0.00601374729150112	0.941263690573031
Fam43a	-0.368144453177091	9.38379249170173	-4.72052510077512	0.000163203063623931	0.0060324827558915	0.935393663328824
Dicer1	-0.348500662217648	7.6248494122761	-4.70760442030262	0.000167933043583547	0.00612247918577372	0.90778042077304
Patz1	-0.432047688416849	5.71800004702454	-4.70460653237387	0.000169050267344574	0.00613525970260748	0.901371917098333
Ticam2	-0.353593383008926	8.26868792116553	-4.70131543820464	0.000170285456555938	0.00615218675435167	0.894335941374918
Arhgap21	-0.458109059002716	7.24530564651714	-4.69301177650997	0.000173442826618012	0.00625210942030575	0.876580477788391
Ear12	-0.38988974031582	9.17625051626587	-4.69199769788813	0.00017383247060519	0.00625210942030575	0.874411792223241
Elovl6	-0.487147071946784	5.73927787163516	-4.68786872109632	0.000175428166404079	0.00628127025346147	0.865580957894862
1700025G04Rik	-0.493042772403782	5.8316022171796	-4.68313451764898	0.000177276075628068	0.00631916167133013	0.855454324053062
Rassf4	-0.258715958674466	11.0937528821173	-4.67695114360069	0.000179719446458615	0.00636473770104431	0.842225667578913
Akap9	-0.382072039505516	7.48726612463243	-4.67380390459286	0.000180976186748061	0.00636598652506093	0.835491543854261
Stk38	-0.306351396613606	9.75126354420056	-4.66450992542439	0.000184739740504666	0.00646725567716764	0.81560158608097
Emb	-0.34008299206796	10.9708448910419	-4.65536362911269	0.000188521073489594	0.00657359429455544	0.796022341588208
Rnase2b	-0.493676533381089	5.2487213178308	-4.64211669902432	0.00019413748487335	0.00669648802887491	0.767655724911458
Upb1	-0.614623256178196	5.58332984271502	-4.6438796567017	0.000193380340682629	0.00669648802887491	0.771431499442615
Itga4	-0.376599743361102	8.85133622090371	-4.63026445788441	0.000199306412596689	0.00683061912978588	0.742266540180506
Fam117b	-0.321278185560927	10.8132132550962	-4.61808514635366	0.000204763538817557	0.00694330601435383	0.716167925309129
Celsr3	-0.631176656800789	8.81739045485395	-4.61400887948022	0.000206623631875617	0.00697681693706594	0.70743107502999
Cnksr3	-0.414832628614279	7.78949950182747	-4.61182195842078	0.000207628628816515	0.00697930787106512	0.70274334488264
Zfp326	-0.275349121089948	9.56920317855412	-4.61239809273158	0.000207363386911613	0.00697930787106512	0.703978332993112
Hdhd5	-0.220027486635477	4.93685986455937	-4.60339675492184	0.000211546989202319	0.00705391859140419	0.684681070503819
Serpinb10	-0.456538008606922	9.57669616875365	-4.5966543242494	0.000214736700832239	0.00714524094972971	0.670223442737225
Ear1	-0.348176298721883	10.255047301968	-4.59226831678463	0.000216837775842736	0.00718527660944718	0.66081724432158
Mtap	-0.321802312391318	8.24252435017859	-4.57521998182323	0.000225204545787854	0.00741645834430989	0.624245268968696
Slc49a3	-0.279781386038657	9.69108511924044	-4.57350745994817	0.000226062883937047	0.00742943831090851	0.620570689746069
Idi1	-0.363856466234468	10.108996800454	-4.56705954799543	0.000229324518774282	0.00750580556847114	0.606733892324663
D2hgdh	-0.266078322906967	8.58868962994951	-4.5584007846879	0.000233779674001429	0.00762045556495492	0.588149225125694
Ahr	-0.577521452677035	8.22051050572898	-4.55147521068944	0.000237406129156475	0.007722937189328	0.5732817039091
Chd9	-0.307810206837881	8.89860882752768	-4.54239812688605	0.000242245663320627	0.00783260978070027	0.553791610909503
Pros1	-0.414363623999364	10.9244983030155	-4.53324841296487	0.000247225112141017	0.00792953490945286	0.534141271387756
Ap3m1	-0.339223907284368	8.6099211405043	-4.52379660159019	0.000252477903314774	0.00803165039548306	0.513837686033592
Csgalnact2	-0.328654386553868	10.0840609615198	-4.52301384861072	0.000252917950598155	0.00803165039548306	0.512156041975
Timp2	-0.308491036078512	8.2224352518323	-4.49906602787378	0.000266763027269194	0.0083880987258221	0.460692791095073
Pacs1	-0.416404740756583	7.10835160164653	-4.48359459145071	0.000276113259377081	0.00861441075308026	0.427430627342123
Olfr257	-0.270593366890824	5.03208155202885	-4.48166271811031	0.000277303864597336	0.00861795796675798	0.423276505488927
Snrk	-0.211855432240291	10.3068100328173	-4.47997659947953	0.000278347258584041	0.00863361991015035	0.419650693809538
Nup210	-0.455930734261697	9.14089329847241	-4.47562450483157	0.000281058798739392	0.00870086281203862	0.41029140455642
Tmc6	-0.511819253895303	7.87925161605001	-4.46880019387982	0.000285364567835125	0.0087831921311561	0.395613854097259
Grk3	-0.409920933016298	7.96837875448125	-4.46542834525763	0.000287516600075273	0.00883244373167896	0.388361013423829
Hcfc1	-0.259270953543326	11.6320514024153	-4.45792521004551	0.000292364484699944	0.00894702404899159	0.372220012892379
Bmx	-0.621281917393245	7.51343120948623	-4.45440555977207	0.000294666998534821	0.00896605572537987	0.364647589817902
Tspan32	-0.397766206218622	5.8807752631144	-4.45480202972148	0.000294406718299223	0.00896605572537987	0.365500609439615
Hopx	-0.3451315994809	8.95110266654795	-4.44693331163073	0.000299616260816477	0.00904784576295795	0.348569537197695
Fam234a	-0.395981827443181	7.90412294071898	-4.44189859580333	0.000302998357093824	0.00906666668525825	0.3377350181017
Mmgt1	-0.351611794623518	7.27092064292435	-4.44071356261384	0.000303800007886353	0.00906666668525825	0.335184719731752
Gstm6	-0.397652696232872	5.21472586265558	-4.4292651334235	0.000311655975108021	0.00917950204158656	0.310543740209843
Il17ra	-0.334103934270556	8.90151599079577	-4.42593647618358	0.000313978439331582	0.00917950204158656	0.303378337486704
Iqgap2	-0.335799222864168	11.0658230317794	-4.4265618901236	0.00031354074540507	0.00917950204158656	0.30472466220626
Klri2	-0.329356580833356	5.14074247961508	-4.42898252084385	0.000311852482346627	0.00917950204158656	0.309935393880052
Nadk	-0.26638709908609	11.1884187234247	-4.42547795519902	0.000314299726259883	0.00917950204158656	0.302391272451143
Nat8l	-0.542259337027443	6.08287757047162	-4.42838480220646	0.00031226850315079	0.00917950204158656	0.30864874598814
Scgb1a1	-0.466289697826696	9.68612989520754	-4.42719345475099	0.000313099373061119	0.00917950204158656	0.306084211875845
Il16	-0.244758874675413	9.98095996059781	-4.42249532630683	0.000316397792987326	0.00920717577593119	0.295970321719197
Rtn1	-0.39653522335702	6.52092905616955	-4.42314506980493	0.000315939541517178	0.00920717577593119	0.297369107571902
Cyp27a1	-0.326289550731448	9.29122739656501	-4.42030531557204	0.000317947321164131	0.00921874433918824	0.291255485160995
Ift140	-0.255532148304076	8.24677025267035	-4.41783191202337	0.000319706591167462	0.00925299094328251	0.285930314510507
Vnn3	-0.452621740586434	7.25036456726891	-4.41644541905531	0.00032069707051915	0.00926490363476354	0.282945130148908
Frat1	-0.507916726317027	6.4244411228011	-4.40746765295598	0.000327186103423176	0.0094183697577121	0.263613815975863
Tial1	-0.225946679257292	8.98769177769165	-4.4081059996151	0.000326720360937088	0.0094183697577121	0.264988431500646
Clec10a	-0.23987956750424	9.80691540363181	-4.40442518700737	0.000329415148533723	0.00946551068632358	0.257061962975222
Etfbkmt	-0.51050820886278	5.7510284686659	-4.39607933111732	0.00033560882191046	0.00951537183717534	0.239087688619409
Rgs18	-0.687000431242973	6.99974862252873	-4.39635847229931	0.000335399773626893	0.00951537183717534	0.239688909221808
Top2b	-0.238577318547464	11.4192972474706	-4.39671157318695	0.000335135525582491	0.00951537183717534	0.240449421903562
Rpa2	-0.265176151036174	8.22583065038386	-4.38692167369631	0.000342540490959258	0.00965204323556852	0.219362182048428
Hdac10	-0.515223273414587	5.38826210713279	-4.38603134481501	0.000343222073989239	0.00965425183514545	0.217444264828176
Ubqln2	-0.271164089279744	8.52355504306685	-4.38437699163745	0.000344492189996898	0.00967297807175502	0.213880438474646
Mblac2	-0.311782945849862	5.16468237531084	-4.3770961214687	0.00035013870699368	0.00979715035915008	0.198194787959499
Gphn	-0.421402996082226	6.04338331791809	-4.37321070758063	0.00035319012623316	0.00983097038323778	0.189823454284366
Rasgrp4	-0.368528296086973	7.90158503725147	-4.37178351577133	0.000354317709468716	0.00984523427091458	0.186748366017085
Haao	-0.451777573717991	7.24646706890455	-4.36715902915044	0.000357996428373929	0.00989591163406689	0.176783788263317
Cnst	-0.283829325639371	9.11356431899659	-4.36194335111584	0.000362191754002999	0.00998980169210499	0.165544509289099
Hacd4	-0.401971124737031	7.74575327532461	-4.35969134342716	0.000364018514725282	0.0100105091549453	0.160691381694131
Acsl3	-0.344281137548403	6.71237129763865	-4.35436042397344	0.00036837997112353	0.0100676885296409	0.149202490407005
Pdp2	-0.278079104230332	8.82339290970073	-4.35509477804576	0.000367776043923114	0.0100676885296409	0.150785181025035
Ccnd3	-0.326859821987676	11.4977958359889	-4.35110730659999	0.000371067378810486	0.010083078773959	0.142191123145757
Irak1	-0.279538708570539	8.93503867146598	-4.34122746988716	0.000379351123627985	0.0102601948684503	0.120895366129979
Ydjc	-0.411624640544996	5.18098846397392	-4.3327277457962	0.000386627004590378	0.0103824919605185	0.102572094414977
6430548M08Rik	-0.339441615503431	9.67218168862583	-4.31799471373711	0.000399574055906623	0.0106514033089872	0.0708065249952483
Gm17259	-0.23147682541079	4.79662894246432	-4.31801942264836	0.000399551979929696	0.0106514033089872	0.0708598043237574
Gdpd3	-0.357734482913016	8.40106272246013	-4.31423757927192	0.000402945202366827	0.0106950878339653	0.062704901871605
Tfdp2	-0.443467975009188	6.74041400448998	-4.31250428939888	0.000404510084394084	0.0107188475177605	0.0589672303357345
Atrnl1	-0.408021581569091	8.23324005904915	-4.29636230176657	0.000419381452027042	0.0110398028613369	0.0241549050110308
Smim5	-0.468731466947314	5.355600950072	-4.29504928262563	0.000420615110601499	0.0110540966259064	0.0213229214476982
Atp2a3	-0.364788581602684	10.5237470051956	-4.29040753826929	0.000425005723420677	0.0111511747595868	0.0113110504547747
Hspa4l	-0.28943190368214	8.4737681308423	-4.28174651567601	0.000433322157534954	0.0112403908125558	-0.0073714272936769
Ramp1	-0.512268840059709	6.5493708320501	-4.28022765876712	0.000434797411809606	0.0112604086990497	-0.0106478918762916
Serbp1	-0.255780176251317	10.182753464631	-4.27474975622422	0.000440160262454428	0.0113635730994117	-0.0224651981691384
Pcnx1	-0.376620406803699	6.59746020089961	-4.27023302424641	0.000444632272759328	0.0114594839380242	-0.032209490017256
Zfp362	-0.280660274646622	8.65875038608592	-4.26722224983131	0.000447638657532899	0.0115184191540419	-0.0387051034601669
Ndrg1	-0.296489492844761	9.61592334530171	-4.25781324618831	0.000457166700273802	0.0116884233831984	-0.059005807736348
Pwwp3a	-0.422505299044003	6.00193641295768	-4.25037137364206	0.0004648473339871	0.0117906205712576	-0.0750634920471027
Glo1	-0.26675618946665	9.13188044142158	-4.24736141209507	0.000467990688843181	0.0118515679983151	-0.0815585251801165
Chsy1	-0.261735445984221	11.3176640546024	-4.23948238687654	0.000476320706415759	0.0119487568698117	-0.0985610193967954
Rfx2	-0.697485330995954	6.44026526784137	-4.23809681581226	0.000477800961991845	0.0119487568698117	-0.101551116210286
Mob3b	-0.420537191667639	7.86877084186528	-4.23650705672622	0.0004795050706774	0.0119540165984296	-0.104981896125644
Ptgr3	-0.461687691192733	6.34606133890443	-4.23698116115146	0.000478996224542122	0.0119540165984296	-0.103958750499703
Syne2	-0.399153219850494	5.38584464969974	-4.22679421583374	0.000490050380093653	0.0121789694617996	-0.125943599722298
Tceanc2	-0.317219930450211	7.50044792044838	-4.21567015860948	0.000502415247818117	0.0124476099710975	-0.14995271214373
Gstm1	-0.440672531471029	7.6580415609559	-4.21017675489472	0.00050863684394372	0.0125515863874156	-0.161809813293435
Prkab2	-0.492306964211937	6.90405423420955	-4.20988917725724	0.000508964671379737	0.0125515863874156	-0.162430539511115
Grk5	-0.501357507798246	5.71439040144924	-4.20594200634253	0.000513485859008211	0.0126054105012816	-0.170950480167564
Zcchc24	-0.195670171919139	10.2651420287307	-4.20592101914601	0.000513510006050332	0.0126054105012816	-0.170995781429271
Ssbp3	-0.374779201427557	7.38858954818676	-4.20411412673375	0.000515593238521187	0.0126178437041768	-0.174896014197317
Ppm1b	-0.185622477724218	10.7905137537819	-4.20285655661271	0.000517048158229172	0.0126341309503174	-0.177610542442798
Golim4	-0.337687550062415	7.46721025131818	-4.19839633340965	0.000522241736462783	0.0126585399183543	-0.187238316254661
Kdsr	-0.261552986381807	10.76076342471	-4.19833900916312	0.000522308826816099	0.0126585399183543	-0.187362057123805
Trps1	-0.357448783703961	8.18656140052931	-4.19792591259431	0.000522792557702729	0.0126585399183543	-0.188253773946006
Zhx1	-0.363773666472263	8.00014626655664	-4.19859962302129	0.000522003883140999	0.0126585399183543	-0.186799492954083
Gsto1	-0.237069788435344	8.52348204429496	-4.19356401819655	0.000527927891653025	0.0127635738759919	-0.197669550675393
Prps2	-0.314638111220843	7.98865975509797	-4.18959263105009	0.000532647635461346	0.0128582585302547	-0.206242549084254
B3galnt2	-0.31887090201827	7.45214553867127	-4.17941612954945	0.000544936575854507	0.0130956605053324	-0.228211232092498
Pgm2l1	-0.468709184699562	5.46377490242024	-4.17688885078845	0.000548032455492122	0.0131110006728721	-0.233667192515843
Ube2i	-0.223018856871472	9.06954382992491	-4.1751870966596	0.000550127046699338	0.0131218828352055	-0.237341020210432
Asph	-0.461233222377275	5.96879309201801	-4.16864098563653	0.000558259660936853	0.0132742057371802	-0.251473310979691
H2bc21	-0.209723513601968	9.35473331470908	-4.16804886387797	0.000559001228794717	0.0132742057371802	-0.252751650434097
Wdr48	-0.194782136009314	9.385187240966	-4.16386341498398	0.000564271390673536	0.0133203003063863	-0.261787749325821
Tcea3	-0.423194135058356	7.92878081359991	-4.15756828031958	0.000572292290901406	0.0134304077945411	-0.275378757895274
Glud1	-0.235466188537103	10.1792687871491	-4.15349274519908	0.000577546178045664	0.0134943453717093	-0.284177858356192
Abca7	-0.358433708291224	8.87696446806807	-4.1525935328046	0.000578711896770819	0.013501871585739	-0.286119276193431
Fry	-0.326164117662867	9.94285545102018	-4.13672460531775	0.000599677892878204	0.0138697177391845	-0.320381312205887
Taf3	-0.235117809998166	8.63238738340342	-4.13731282044574	0.000598887277224654	0.0138697177391845	-0.319111297527037
Hook3	-0.29246694108129	9.76813038858865	-4.1317305942376	0.000606432731674384	0.0139838544363922	-0.331163926430023
Hsph1	-0.293382645120183	11.000631930644	-4.13114197381526	0.000607233916481884	0.0139838544363922	-0.332434827515193
St3gal3	-0.421611372838492	7.31755862834324	-4.12717739583874	0.000612657991374056	0.0140682799884387	-0.340994846082574
Atg9a	-0.288609172994093	8.36062980315825	-4.1209074343151	0.000621335757579363	0.014247104298077	-0.354532551995682
Mgst1	-0.486298066492453	9.48765658152439	-4.11657444839503	0.00062740480926582	0.0143451628175706	-0.363888101827023
Kif23	-0.365195944640876	7.32525260653598	-4.10398935848015	0.000645372285964063	0.0146721355637143	-0.391061220908237
Atosa	-0.397302571011254	5.67538315008637	-4.10030696279531	0.000650726714700689	0.0147728809486305	-0.399012063619103
Trav3-3	-0.23906427025766	12.2367057236485	-4.09397767778831	0.000660034396836564	0.0148996481260497	-0.412677894086285
Cyb5b	-0.208618752007322	9.87762532011242	-4.08944100354452	0.000666788107360738	0.0149914571551587	-0.422473172603554
Hfe	-0.333150611250492	8.40444121666467	-4.08935859141225	0.000666911433581568	0.0149914571551587	-0.422651110798222
Ace	-0.40950017091025	7.87298611955859	-4.08873307048851	0.000667848246170156	0.0149914602804395	-0.424001688809478
Fto	-0.221558509092704	8.73881289069728	-4.0811784957694	0.000679267311391522	0.0151627242940325	-0.44031286483381
Cyp2f2	-0.308203795668174	5.09244767608187	-4.07839248975502	0.00068352780494215	0.0152233428123987	-0.446328112442838
Poglut1	-0.212230210202466	9.6697620360033	-4.07754026879835	0.0006848364151782	0.0152233428123987	-0.448168130743333
Ppp1r12a	-0.300010575435005	8.56068043359939	-4.07784771457445	0.000684364033291391	0.0152233428123987	-0.447504329247842
Klhl17	-0.442145375818501	7.11879304716992	-4.07510694401915	0.00068858672263988	0.0152854791898076	-0.453421870287926
Vkorc1	-0.420130123788214	6.89734703494247	-4.07228306623795	0.000692964827120181	0.0153613601912168	-0.459518809259201
Klhl12	-0.379453509028303	5.49642389609431	-4.06857052269403	0.000698763272613745	0.0154045539644394	-0.467534373723073
Slc12a2	-0.288933456757548	10.5781516611028	-4.06961572397686	0.000697125912160475	0.0154045539644394	-0.465277740209132
Wdcp	-0.282491067559864	5.10815457935139	-4.06985220101632	0.000696755993748918	0.0154045539644394	-0.464767175498967
Ppm1l	-0.301211281433503	5.48116223464868	-4.06552079878006	0.000703562925281658	0.0154890297374593	-0.474118820004668
Dgkg	-0.614760752536511	6.87456435030035	-4.06191085313924	0.000709287056864517	0.0155722076064699	-0.481912728524529
Slc35e3	-0.212493005231658	9.47704553036045	-4.06249426170195	0.000708358813694499	0.0155722076064699	-0.480653149286258
Dock5	-0.289933067289345	8.93972887297407	-4.04632488742209	0.000734542650668954	0.0159733085923323	-0.515561911533891
Ncbp2	-0.302139283989672	7.67367076456116	-4.0476416418257	0.000732374503413611	0.0159733085923323	-0.512719191564077
Kctd12b	-0.442353339774412	5.1235017176672	-4.04443753641777	0.000737661573050782	0.0160193669968491	-0.519636456588712
Arhgap23	-0.331093098991593	7.45716360905066	-4.03055739539863	0.000761011060088868	0.0164150701033994	-0.549600815031543
Cfh	-0.581379563527868	7.51402786661119	-4.03103711698507	0.000760191820947646	0.0164150701033994	-0.548565228643847
Susd3	-0.402717137801266	6.87448856901953	-4.02892460545388	0.000763806082922627	0.0164310703725493	-0.553125538235054
Clec2i	-0.333919365324897	7.80395863774847	-4.02736361873876	0.000766487821963746	0.0164333214653501	-0.556495230682526
Zfp12	-0.24225942112519	8.55349369204003	-4.02707133293052	0.000766991011222525	0.0164333214653501	-0.557126183147166
Me2	-0.310468260395179	9.63175597226765	-4.01997301802421	0.000779313502353357	0.0166305501402206	-0.572448883035999
Spidr	-0.245837215598909	11.3971688478363	-4.01755479103798	0.000783556676583845	0.0166766284690484	-0.577668819371995
Ugt1a10	-0.525144736120737	6.27174849181518	-4.01776875466465	0.000783180309793465	0.0166766284690484	-0.577206964809011
Tiam2	-0.521471214215281	8.40899898881145	-4.01558602579235	0.000787028304323935	0.0167282709305506	-0.58191850054041
Pi16	-0.606455266519131	8.94220853167392	-4.01086630797211	0.000795413785579135	0.0168617187260849	-0.592106042590834
Arid5a	-0.413820802600735	8.26480554891888	-4.00406336676129	0.00080765841696677	0.0170760541130161	-0.60678968391748
6030458C11Rik	-0.28657925454831	7.09974044914414	-4.00199468146382	0.000811419194753164	0.0171329343166549	-0.611254651470443
Bcl2l13	-0.384019862481384	7.18936792664699	-3.99709698921542	0.000820393126178162	0.0172493846632525	-0.62182537108816
Dennd2d	-0.401880764108465	7.04068411398898	-3.99814955451109	0.00081845617707432	0.0172493846632525	-0.619553644695209
Dpagt1	-0.28357340356693	8.3713615679008	-3.99663469204787	0.000821245305429453	0.0172493846632525	-0.622823130359683
Gng10	-0.229176557541715	11.2337412808287	-3.99682284897265	0.000820898357784171	0.0172493846632525	-0.622417038482173
Rere	-0.332151518603005	11.1698050908516	-3.99527388345116	0.00082375891749083	0.0172764002178359	-0.625760094366314
Trf	-0.559763297154872	7.24167246974919	-3.9860690432358	0.000840965331989786	0.0175368171497741	-0.645625621780998
Tns4	-0.383013291263312	7.37357103035189	-3.97869330240955	0.00085501228168408	0.0177259994408727	-0.661542583489464
Bcr	-0.335183361752264	6.23835811151418	-3.96638231551676	0.000878984039218378	0.0180463515806125	-0.688107576831263
Chml	-0.316232840476773	7.40813549281996	-3.96456580002174	0.000882577693569252	0.0180463515806125	-0.692027047053396
N4bp2l1	-0.216097326963983	9.35082330910086	-3.96518293346734	0.000881355156399996	0.0180463515806125	-0.690695474491935
Klrb1f	-0.57190418325573	6.91102147155671	-3.96151204950149	0.000888652200427617	0.018141426617148	-0.698615926147407
Thnsl1	-0.332734869293349	5.33793558308284	-3.96067342483748	0.000890327707047659	0.0181524776449653	-0.700425337402319
Ap1ar	-0.253040958912203	8.90329738059968	-3.95502323451467	0.000901699127696375	0.0183143331710412	-0.712615753620048
Hsd17b8	-0.23288599508358	8.58386989590286	-3.95392190636458	0.000903932514941178	0.018336425730841	-0.71499181228978
Arpp19	-0.284822963450807	7.93696279568836	-3.95283843744414	0.000906135091809127	0.0183578381574748	-0.717329313930095
Cspp1	-0.208376563519649	8.39542125208102	-3.94972710095815	0.00091249003351781	0.0184632149006985	-0.724041636560338
Zfhx2	-0.338088417846422	6.960542571306	-3.94747293689773	0.000917122056054455	0.0185101368312126	-0.728904576127386
Pex26	-0.317333525094427	7.47615938282657	-3.94471009642884	0.000922831473376934	0.0185551730293943	-0.734864727246046
Septin11	-0.237038668493366	11.6325993106067	-3.94507381734021	0.000922077813493254	0.0185551730293943	-0.73408009890583
Camk1d	-0.385061519752619	6.59736066552282	-3.94303825387658	0.000926303611357045	0.0186016176910533	-0.7384712292311
Map3k4	-0.330388447999981	6.59039348383174	-3.94211458068945	0.000928227533349738	0.0186168943248904	-0.740463749856133
Ndrg3	-0.380335399830058	6.21743229830993	-3.94087526584802	0.000930815193585169	0.0186454282519783	-0.74313713072735
Mlh3	-0.370674570863575	5.49850714313598	-3.93677346173881	0.000939431287778672	0.0187944972011221	-0.751985043511125
Amigo1	-0.332161875348445	7.0517759681268	-3.93569477158348	0.000941710374049188	0.0187960690562396	-0.754311792802658
Srsf6	-0.177153074140305	10.3661413841099	-3.93025807663492	0.000953281703171271	0.0189296199246355	-0.766038364915039
Unc119b	-0.327386156933528	7.43997194050091	-3.92646835854756	0.00096143172853823	0.0190419851403417	-0.774212066634824
Zfp799	-0.268108388855418	5.23406056458967	-3.92596956818502	0.000962509589411836	0.0190419851403417	-0.775287834217272
Cop1	-0.183079187918296	9.66275698182318	-3.92454287438683	0.000965599284909909	0.0190795266110902	-0.77836482333485
Vcl	-0.264350895097532	11.4662520840346	-3.91381322335492	0.000989156039059444	0.0193302105068943	-0.801503955632994
Tdrd3	-0.365844348153096	6.90939770320352	-3.9115985195939	0.000994089526624528	0.0194029303336897	-0.806279690799376
Poglut2	-0.30517333695438	7.67999121337925	-3.90489268474569	0.00100917811836368	0.0196734418811336	-0.820739118544562
Kif21b	-0.268202160924043	8.58754122570661	-3.90015919206967	0.00101996654318745	0.0198113647132466	-0.830944878652809
Btbd10	-0.298369959923	8.58313500096036	-3.89654887691461	0.00102827254444602	0.019912790124554	-0.838728520637042
Stard4	-0.472088217419869	7.54009676215151	-3.89226677945526	0.00103821181852838	0.0200441256399841	-0.847959956283346
Mctp1	-0.510659289240636	6.77520835393474	-3.88088086979484	0.0010651097782645	0.0204892812513501	-0.872503038888145
Prep	-0.290582550803245	9.14714504478776	-3.87568729371701	0.00107760935497247	0.0205323068170647	-0.883696688361883
Asap1	-0.332953240606164	8.94386644208459	-3.8722376767356	0.00108599262169083	0.0205734758532306	-0.891131087350377
Msmo1	-0.295343973233474	8.37789909790309	-3.87162731509753	0.00108748269739663	0.0205734758532306	-0.892446457010273
Qdpr	-0.26212031280049	9.28214658879877	-3.87206187709757	0.00108642159191963	0.0205734758532306	-0.89150994853815
Klhl2	-0.332311925255983	7.90730125209934	-3.87014140943188	0.00109111878765494	0.0206178939745186	-0.895648626624254
Tbc1d2b	-0.241437101725446	10.2668047169389	-3.86794909786336	0.00109650569331804	0.0206456749704989	-0.90037297732368
Tpd52l2	-0.256606110822221	8.15681601041165	-3.86619232652723	0.00110084157671681	0.0206795415907893	-0.904158629929285
Gm5779	-0.236951765525224	8.56353495278165	-3.85752576425785	0.00112248356916198	0.0210367090450088	-0.922832478708537
Plcb2	-0.221304446031449	8.41256369520585	-3.85153624590151	0.00113768843560293	0.0212718497801693	-0.935736449189894
Osgep	-0.207131795108093	8.36135194567862	-3.84915134564583	0.00114379981928951	0.0213114273663896	-0.940874154333361
Adrb2	-0.293331626628805	9.90713653207414	-3.84388420564282	0.00115741348404353	0.0214402810325424	-0.952220174275575
Galnt10	-0.317001014559747	7.64449775433788	-3.84332278044228	0.00115887407849216	0.0214425197991526	-0.953429483198447
Klhdc2	-0.238173665354292	9.68726407538289	-3.8426233016454	0.00116069640700206	0.0214514387922263	-0.954936141667991
Scfd2	-0.228835703515931	5.07179654283795	-3.83711901138621	0.00117513678828928	0.0216932690848558	-0.966791544266004
Mboat1	-0.34090141676091	7.8805056800206	-3.83338262108979	0.00118504122447519	0.021850904144845	-0.974838452401231
Dnajc10	-0.185058526470694	11.2065264289143	-3.83144941872291	0.00119019844388933	0.0218964116878921	-0.979001681913856
Rdh14	-0.233620139369671	5.19632480736113	-3.82655529842542	0.00120335493486518	0.0220110808371625	-0.989540663516249
Snhg11	-0.299746683308177	5.49615704687032	-3.82674970623648	0.00120282956416205	0.0220110808371625	-0.98912204584312
Fmo5	-0.432608313666523	5.86974106512168	-3.82371240112886	0.00121106384851636	0.0220763973752896	-0.995662079045987
Glrx5	-0.297191349836991	7.45692812930359	-3.82422548644478	0.00120966890875903	0.0220763973752896	-0.994557313428641
Ppfia4	-0.237806166162711	8.50042904456024	-3.82385723350593	0.0012106699259781	0.0220763973752896	-0.995350229858828
Ccdc88a	-0.208578933437351	10.1373106661563	-3.82289256881515	0.00121329608403641	0.0220919269909018	-0.997427302849223
Ap2a2	-0.319009720958009	8.12899744419497	-3.82112407891595	0.0012181253170691	0.0221295070371066	-1.00123503138217
Slc5a11	-0.230923154235851	5.01527560440619	-3.81877679085241	0.00122456472962589	0.0221961024888588	-1.00628875660839
Nfam1	-0.2283935616254	9.50636338330977	-3.81538095510635	0.00123394085337375	0.0223216540285355	-1.0135995805962
Cdc42ep3	-0.248617650569875	11.9587154824896	-3.81306043061851	0.00124038915353004	0.0223311905537102	-1.01859509349845
Cyp7b1	-0.415269224556369	6.78420801092337	-3.80952666681431	0.00125027348114966	0.0224433449070325	-1.02620194253411
Samsn1	-0.282791203211836	11.6752443379906	-3.80933010244955	0.00125082559556844	0.0224433449070325	-1.02662505415891
Cyp51	-0.405544300250502	6.40147907733155	-3.8078316405939	0.00125504251441041	0.0224780174408575	-1.02985048725686
Emilin2	-0.276801125252206	11.5054654340956	-3.80425753899785	0.00126515799033616	0.0225991670037169	-1.03754330906025
Sucla2	-0.220045017500381	9.44592376800211	-3.79490608778333	0.00129201115169822	0.0230274370633964	-1.05766834571029
Mtfr1	-0.236836628789323	8.80598007260433	-3.79114281745898	0.00130297735549028	0.0231455633458622	-1.06576601109682
Pigk	-0.287850364681191	7.52723770940853	-3.78628877594946	0.00131725929907997	0.0232958398693645	-1.07620973654998
Tfb1m	-0.458221727844951	5.81791258340596	-3.78544314425238	0.00131976330560343	0.0233143617066036	-1.0780290386724
Tmem150c	-0.179919319440909	4.92298809192713	-3.77938731337134	0.00133783453952394	0.0235297162693193	-1.09105658033647
Adpgk	-0.279350270384484	8.57352229828212	-3.76538397484985	0.00138057250936949	0.0241751236460161	-1.1211739216372
Kdm6b	-0.251138696900487	9.97355630853771	-3.76318062247683	0.00138741993735076	0.0242419826389726	-1.12591179147486
Specc1	-0.248051332871934	7.71506716868562	-3.7608636589659	0.00139465695716147	0.0243418588869895	-1.13089367904122
Cul5	-0.274305158195385	7.5709476444594	-3.75545283713656	0.00141170448746628	0.0245857338273414	-1.14252678623457
Cytip	-0.262410209602719	12.4889579936574	-3.75496928427686	0.00141323805817895	0.0245857338273414	-1.14356633281934
Nr1d2	-0.284779531258493	8.89831357390131	-3.75434942271205	0.0014152063555488	0.0245932439962633	-1.14489889837313
Ints6l	-0.230587670110408	9.54549345388657	-3.75202524592291	0.00142261086081035	0.0246951050187307	-1.14989517679009
Dusp18	-0.355191415731352	5.256299437813	-3.75142298033643	0.0014245358854742	0.0247017300617709	-1.15118981718589
Huwe1	-0.179682576426823	9.99715615609282	-3.74607205102597	0.00144175346592016	0.0248738562815051	-1.16269137683305
Zfand1	-0.263853731302835	7.62163408714824	-3.7466740292646	0.00143980618744821	0.0248738562815051	-1.16139753444955
Lmf1	-0.467417673154866	6.55850433249603	-3.74353210713428	0.00144999860663447	0.0249272048326366	-1.16815029688939
Tesk2	-0.43756124928656	6.2568139927581	-3.74409667872638	0.0014481618488701	0.0249272048326366	-1.16693693512734
Hipk3	-0.227695909078651	11.3493066125225	-3.74143902437458	0.00145682844497353	0.0250177459890573	-1.17264853425753
Tmem50b	-0.234748328561021	10.0415841390959	-3.7380145772434	0.00146807176993612	0.0251838035132129	-1.18000746035092
Tmem268	-0.290271915295865	8.24960901833152	-3.72804803433331	0.00150128865764433	0.0256985293749707	-1.20142105790848
Usf3	-0.207179434778842	9.48004905446132	-3.72523222368712	0.00151080817651569	0.0258094337042583	-1.20746989666146
Lbr	-0.387448756924576	11.6806719250951	-3.72257451874435	0.00151984831227098	0.0259054017442993	-1.2131786600909
Usp24	-0.300570539517534	7.42136857212447	-3.71769773843483	0.00153657690782935	0.0261348707861942	-1.22365289225798
Arhgef1	-0.269780956240373	8.78745501288147	-3.71551250988969	0.00154413214865776	0.0262254691208607	-1.22834580067698
Cbfa2t3	-0.193826840751142	9.72043923041694	-3.71066266530947	0.0015610324424905	0.0264384383513868	-1.23876007244494
Selenbp1	-0.411203826142704	6.82648561837168	-3.70876532513587	0.00156769411198012	0.026499055315197	-1.24283390898658
Stk17b	-0.198079304749782	10.7178381494267	-3.70525480440816	0.00158009444554244	0.0266733903066284	-1.25037085470832
Zbtb44	-0.250990834926979	8.12217583950523	-3.7048385591397	0.00158157122155516	0.0266733903066284	-1.2512644645193
Zfand4	-0.264907046845504	5.16418867971011	-3.70436034328035	0.00158326955559142	0.0266739255128849	-1.25229110130801
Arhgap45	-0.247980449394619	10.6851643896594	-3.70092070462565	0.00159553866561371	0.0268523620853285	-1.25967490752619
Anp32a	-0.248867171734435	9.45935634570729	-3.69733884121076	0.00160841565268702	0.0269566866181059	-1.26736321398619
Hipk1	-0.237093336187544	12.2520328038737	-3.69786857016099	0.00160650475361891	0.0269566866181059	-1.26622622739868
Irak3	-0.200006451183925	10.0704599955349	-3.69545995240134	0.00161521165053193	0.0269566866181059	-1.2713958295749
Map4k4	-0.279694019502584	10.7502628468096	-3.69629548527924	0.00161218598232285	0.0269566866181059	-1.26960257314764
Zer1	-0.210589000964456	8.53833215592418	-3.68861558053873	0.0016402104191314	0.0273169279481769	-1.28608378359849
Snx27	-0.23514629899718	9.23058343719823	-3.68498542052389	0.00165362524011381	0.0275117172224756	-1.29387280666698
Chlsn	-0.408216143536426	7.50744112518745	-3.68372017233464	0.00165832641366403	0.0275190217314839	-1.296587367941
Dusp22	-0.340990042165157	7.16764849077755	-3.6825566636393	0.00166266129424211	0.0275190217314839	-1.29908355396823
Fam174c	-0.346903965787589	6.65011512543602	-3.6829509358708	0.00166119109448646	0.0275190217314839	-1.29823769446108
Prr5l	-0.26821775963043	8.09809819546478	-3.68188254966473	0.00166517799292403	0.0275322043148235	-1.30052975291912
Septin9	-0.293936690606552	8.12566886741045	-3.67842878263723	0.00167813164099219	0.027717747073354	-1.30793874799965
Egln1	-0.44439817015223	5.61724540239364	-3.67325914113397	0.00169770830489613	0.0279833382284887	-1.31902709414923
Sdad1	-0.237141600899138	9.74274275197283	-3.66970133684144	0.00171131293111684	0.0281207017069045	-1.32665713914057
Selenbp2	-0.380616490057808	6.59113456467347	-3.67020445458165	0.00170938250762303	0.0281207017069045	-1.32557820965545
Ralgapa1	-0.217526410474716	9.40395685984869	-3.66824082950474	0.00171692907053551	0.0281840510501752	-1.32978907759176
Tbl1xr1	-0.191121579001587	11.1728729081129	-3.65936261439595	0.00175146515511665	0.0287215161963545	-1.34882443192828
Pcmt1	-0.203693821005501	7.89746927135026	-3.65723130706648	0.00175985815319049	0.0288240523120914	-1.3533932254482
Erlin1	-0.214304024678193	10.027250854136	-3.6449197469008	0.00180912872364868	0.0293364794549109	-1.37977850374852
Pygl	-0.390020172905509	9.71318740284374	-3.64614567718077	0.0018041617583427	0.0293364794549109	-1.37715167715741
Rflnb	-0.361564330190126	6.76620951000967	-3.64536321063362	0.0018073304245921	0.0293364794549109	-1.37882829762192
Gfer	-0.34814415550299	6.44739813962458	-3.64387259821657	0.00181338209597323	0.0293756887105785	-1.38202216238639
Msl1	-0.21849475129385	8.65436527204098	-3.64217344630968	0.00182030496348501	0.029428263576341	-1.38566265191144
Ypel3	-0.215635173099954	10.8505186093787	-3.63140951117794	0.00186477456213187	0.0299956953436388	-1.40871966002312
Dhrs7	-0.423372056183701	7.94018867213177	-3.63002781749141	0.00187056041138684	0.0300585535986409	-1.41167868965872
2610035D17Rik	-0.401977105600646	6.04200954087583	-3.6274162643921	0.00188154503771102	0.0302047425562336	-1.4172711769925
Acss2	-0.372227943422251	8.01408247183991	-3.62510166891953	0.001891334139667	0.0303314658370444	-1.42222730278964
Elac1	-0.270251879128775	7.6432269694513	-3.61907403329917	0.00191706473006395	0.0306213782481771	-1.43513199660465
Lrba	-0.392783502233098	5.94191141611861	-3.61657493105806	0.00192783446018983	0.0307320622861934	-1.44048153318291
Agps	-0.176439731087866	11.0003537388093	-3.61512042910776	0.00193413017589743	0.0307405694788862	-1.44359478602768
Napsa	-0.211880353925036	9.79915953630119	-3.6152907189271	0.00193339203411152	0.0307405694788862	-1.44323030214572
Akna	-0.192071025949043	9.20554943267133	-3.6049846984628	0.00197857222044158	0.0313350828940161	-1.46528481482888
Ccno	-0.459691808862	5.68353462340441	-3.60480550021317	0.00197936699817871	0.0313350828940161	-1.46566821603458
Sec14l3	-0.22746487005846	4.91918665782374	-3.60539325064197	0.00197676139899013	0.0313350828940161	-1.46441069264296
Flvcr1	-0.267745915751941	11.7159568704731	-3.60395084088894	0.00198316193279952	0.0313641370893837	-1.46749675456418
Nin	-0.195387239509672	9.73634828612725	-3.60311426316441	0.00198688357197935	0.0313919758830499	-1.46928654935142
Ear10	-0.328464053356631	8.87180228721757	-3.60158969743291	0.00199368365820788	0.0314331711333045	-1.47254809384721
Cd2ap	-0.297112459748012	7.89398405062297	-3.59745598777821	0.00201223782904064	0.0315743788762701	-1.48139047970364
Limd1	-0.202109044347538	9.66188973369249	-3.59799322773311	0.0020098167736165	0.0315743788762701	-1.48024135441577
Stk16	-0.400364677218963	5.8722471811057	-3.5978178926667	0.00201060659788204	0.0315743788762701	-1.48061638866418
Apln	-0.388021425531387	5.86495710902738	-3.59563524121881	0.00202046450718773	0.031641423128708	-1.48528477197592
Abtb1	-0.351939687172246	6.6922016736961	-3.59248538664072	0.0020347753573194	0.0318343886548358	-1.49202116068905
Ash2l	-0.186518660383582	9.43360171904082	-3.58879612551263	0.00205166480575338	0.0320359953327638	-1.49991007594104
Depp1	-0.397358054836745	5.85779485221038	-3.58540305128235	0.00206732102440512	0.032217597853558	-1.5071646170768
Atg4c	-0.180640781207742	10.2321715148013	-3.58184242254609	0.00208387778217432	0.0323810329162136	-1.51477633343046
Ralgapb	-0.160038816570566	9.75568135248374	-3.58218476082967	0.00208228022825997	0.0323810329162136	-1.51404454903204
Klhl5	-0.350060709783011	6.24511716242073	-3.57936482777781	0.00209547599652985	0.0324981524461824	-1.52007215211581
Kmt5c	-0.313791711494712	7.25833441389062	-3.57321238694068	0.00212455459190218	0.0328853928852944	-1.53322057700563
Elmo2	-0.298000878103128	7.08220079487787	-3.57277493140996	0.00212663732864301	0.0328858265168419	-1.53415533963874
F5	-0.386227613078958	5.55097561097315	-3.57102622278807	0.00213498321108144	0.0329830176576819	-1.53789184180158
Arhgap39	-0.214711572082756	10.2695845263755	-3.56999947233632	0.0021398985977743	0.0330270752723025	-1.54008559460712
Aplp2	-0.205092079986223	12.1918350344311	-3.56818019326354	0.0021486356390007	0.0330308987083245	-1.54397243213691
Scrg1	-0.222782802382579	4.9577747798247	-3.56850752326416	0.00214706104052639	0.0330308987083245	-1.5432731227383
Dcaf7	-0.20524931758757	10.3296797269899	-3.56717513393464	0.00215347756427776	0.0330454538986247	-1.54611958598064
Tnfsf14	-0.279513166462803	7.63126689415495	-3.566033940913	0.00215898843332793	0.0330982853212774	-1.54855745888515
Slc22a15	-0.263904379136519	7.99388270260269	-3.5652056332366	0.00216299711842049	0.0331145866534591	-1.55032685755434
Trip6	-0.366696616275261	7.63728555287925	-3.56495948658068	0.00216418979315952	0.0331145866534591	-1.55085265460445
Pabpc1l	-0.454777275535986	6.0188744766606	-3.56363130065287	0.00217063661839971	0.0331815081924425	-1.55368971569919
Usp48	-0.233398632956378	9.63122977489704	-3.56234685140282	0.00217688925413209	0.0331820119165563	-1.55643320221345
Igf1r	-0.299453279532839	5.27002376706421	-3.55907669287895	0.00219288891125262	0.0333623450804165	-1.56341733975156
Cd37	-0.331042790606686	7.91064147256122	-3.55569233189037	0.00220957002427452	0.0335205386147049	-1.57064435680107
Ss18l1	-0.21051340621127	9.39825527905419	-3.55471113813345	0.00221442967891222	0.033552407873631	-1.57273941722464
Fam219b	-0.219561019699082	7.7124233201622	-3.55307941440429	0.00222253473682075	0.033621614804174	-1.57622330363551
Ipo7	-0.340840896465783	6.98035299618448	-3.54543885336014	0.00226087946071775	0.0340408050505998	-1.59253335432435
Tfdp1	-0.21504299080871	10.003829149436	-3.54086690464634	0.00228413674534047	0.0343586547078705	-1.60229033133179
Nek7	-0.201417482989072	8.75353970625642	-3.53904817768239	0.00229345426058992	0.0344664182542176	-1.60617112057432
Tmem107	-0.321999375652527	5.49760747347284	-3.53712999065618	0.00230332210516834	0.034549831577525	-1.6102637968946
Csad	-0.388582900556855	6.67704558068662	-3.53508303755097	0.00231389874363572	0.0346224367311541	-1.61463082390711
Itgb7	-0.233953023667802	10.1770087364629	-3.5354955719433	0.00231176330967989	0.0346224367311541	-1.61375074370575
Phaf1	-0.168761733372019	9.52926578616133	-3.53480334050768	0.00231534767221144	0.0346224367311541	-1.61522750629991
Tstd1	-0.285492523347208	7.73376855201991	-3.53452020005748	0.00231681535389353	0.0346224367311541	-1.61583152693997
Pot1a	-0.297798460118205	6.94265995698303	-3.53214650175696	0.00232915590192137	0.0347419759648197	-1.62089501078589
D030029J20Rik	-0.343663258045883	7.63118293635013	-3.52999318325306	0.00234040701106568	0.034864634061137	-1.62548791950649
Treml4	-0.266758621141449	7.65277367884939	-3.52631811505242	0.00235973369029075	0.0350023519120514	-1.63332559890342
Ebpl	-0.267537099137854	8.15474807669023	-3.52266965635867	0.00237907669466189	0.0351914255989497	-1.64110522741029
B4gat1	-0.250966231844039	8.29000220529723	-3.51293189260355	0.00243147507333206	0.0358010658221523	-1.66186268994767
Fktn	-0.323111119558971	5.34504696747705	-3.51377116202229	0.00242691439329458	0.0358010658221523	-1.66007403607187
Or10ab4	-0.215402032034494	4.92799829561163	-3.51008079723761	0.00244703166078979	0.0359970052674087	-1.6679384268384
Cdc42se1	-0.229935686253071	11.6200442121974	-3.50686695963805	0.0024646855896209	0.0362234094232162	-1.67478619265403
Dlgap4	-0.229562718455848	8.3434836862699	-3.50426687008024	0.00247906029707949	0.0363760466814681	-1.68032547192849
Rpia	-0.23123139422283	10.1953443323689	-3.49484017509508	0.0025318749734445	0.0368941680601089	-1.70040247920659
Sdf4	-0.284725542031743	6.95179524669153	-3.49457502738526	0.00253337648847608	0.0368941680601089	-1.70096705919196
Septin6	-0.36149417120442	7.27977934652749	-3.4952611792349	0.00252949266103786	0.0368941680601089	-1.69950601857264
Slc26a6	-0.359644360426317	5.85385621284427	-3.4963510898094	0.00252333553865211	0.0368941680601089	-1.6971851439021
Sos2	-0.175720392616347	9.87597192792661	-3.49504908416855	0.00253069255422813	0.0368941680601089	-1.69995764321702
Hsp90ab1	-0.207968971733232	10.2185680571391	-3.49368019793844	0.00253845035573963	0.0369020721836519	-1.7028723689005
Arsb	-0.440427527738836	6.74306624365216	-3.49266375401596	0.00254422599343693	0.0369413096724654	-1.70503652441644
Emg1	-0.204378753135574	10.4665149953562	-3.4923790690223	0.00254584595868349	0.0369413096724654	-1.70564264048532
Btbd1	-0.167094959149713	8.89755837044529	-3.49147963004389	0.00255097081129253	0.0369821447778414	-1.70755755914761
Crem	-0.44202065838067	7.89193357524262	-3.48977112280715	0.00256073370742724	0.0370565488131763	-1.71119476311757
Hacd3	-0.20135923357585	10.557196710668	-3.48921414690049	0.00256392440423968	0.037069205139888	-1.71238043097927
Tcp11l2	-0.242618770634955	10.8597289601388	-3.48783675676195	0.00257183182301397	0.0371398988471326	-1.71531242378458
Tnfrsf21	-0.318899500663444	11.2462532755336	-3.48755452829592	0.00257345503414371	0.0371398988471326	-1.71591316710859
Oxr1	-0.176568796361981	9.55039538160708	-3.48685082942814	0.00257750670624818	0.0371648602103623	-1.71741100358805
Htatsf1	-0.184743703985771	10.1462176350843	-3.48340556221314	0.00259743465159372	0.0373848395672279	-1.72474356623375
Dnajc28	-0.290792957592781	7.24488517555927	-3.48203056696827	0.00260543028758163	0.0374662279898868	-1.72766961774322
Kcne3	-0.347715051779095	4.90920109330471	-3.47397047768864	0.00265279159634783	0.0379168167406162	-1.74481778788212
Slc44a2	-0.196102076087729	11.509012581549	-3.47391821745035	0.00265310143860291	0.0379168167406162	-1.7449289509032
E2f1	-0.37218743043024	7.80841451330209	-3.46442319845485	0.00270999339736881	0.0385884735986547	-1.76512092985943
Mapk11	-0.175593190886913	4.82229689668677	-3.46123349147221	0.0027293745434083	0.0387970318258136	-1.77190190192166
Nme3	-0.369679794086969	6.33015158155221	-3.46121486043611	0.00272948814969485	0.0387970318258136	-1.77194150619004
Itch	-0.163436907458429	10.1749655583199	-3.46018320007757	0.00273578619094188	0.0388176045975398	-1.77413446187283
Gopc	-0.242085512253508	8.10077738974982	-3.45166515786473	0.00278833831076305	0.0393539282749229	-1.79223636625631
Atg2b	-0.198909453829226	8.99588873942012	-3.45010692273593	0.0027980591522651	0.0394448679102121	-1.79554693056304
Clint1	-0.180697816614508	11.2671811100738	-3.44959010685518	0.00280129062337815	0.0394448679102121	-1.7966448764992
Rras	-0.290010621378639	9.07642965557097	-3.44944872994337	0.00280217524610504	0.0394448679102121	-1.7969452184481
Abhd5	-0.179452477413764	8.38564907849773	-3.44613652490945	0.00282297946892723	0.0396331459650705	-1.80398103862008
Elp1	-0.246682411808658	7.44822236895239	-3.44237120731345	0.00284681499197878	0.0398977880443261	-1.81197784930493
Zfp706	-0.327004012646624	5.84139371342992	-3.44019257008079	0.00286069700375504	0.0400572664436566	-1.81660411516956
Tbc1d5	-0.266734766301348	7.67756855110686	-3.43605244137221	0.00288726179714124	0.040288252016779	-1.8253940392551
Ccdc91	-0.243125751941015	5.21471761599513	-3.43077961155984	0.00292144722607519	0.040556523747738	-1.83658592907227
Cdv3	-0.178936642719996	9.95878512135271	-3.42997385102236	0.00292670629228627	0.040556523747738	-1.83829591734964
Ear3	-0.334137704938448	9.01566814772876	-3.42996571448926	0.00292675944571305	0.040556523747738	-1.83831318434558
Mtch1	-0.181666293596051	9.67320312261881	-3.43042245194633	0.00292377719632827	0.040556523747738	-1.83734390402577
Thap11	-0.249354253298505	8.03096486083796	-3.42919072981412	0.00293182654708676	0.0405915950572003	-1.83995778749408
Itgal	-0.29918438851074	8.06797509590897	-3.42837001324836	0.00293720209643481	0.04059578545202	-1.84169936197698
Gtf2i	-0.302455856882186	7.66612347440151	-3.42473863138831	0.00296110395763798	0.0408555765879274	-1.84940426495666
Klc1	-0.207259019346177	8.1861875451671	-3.4194615411073	0.00299618034584944	0.0411974797554299	-1.86059817695632
Lrp6	-0.218914176685897	8.42696794390354	-3.4181343994341	0.00300506605760761	0.041228578932554	-1.86341282543776
Abca6	-0.365574653431993	5.20423892004174	-3.41576908373117	0.00302096722724322	0.0413086709617589	-1.86842874712167
Nabp1	-0.285301104743902	8.40919758837355	-3.41556636659807	0.00302233387667727	0.0413086709617589	-1.86885860069909
Depdc7	-0.389278512787216	6.29125141809036	-3.41416370679084	0.00303180684961841	0.0413674924366092	-1.87183274938991
Gm14325	-0.18306119254054	9.48049467333146	-3.41230843800264	0.00304438154713492	0.0415036854019544	-1.8757662295775
Cox16	-0.168358064813063	4.79840230204664	-3.40996127549243	0.00306036393707804	0.0416860636705822	-1.88074201065212
Ear4	-0.342060632334453	9.64496544631885	-3.40904962348423	0.00306659387818654	0.0417354039288908	-1.88267445381505
Fancl	-0.262188587562827	7.7615348516638	-3.40495870792104	0.00309470421418411	0.0419752041932344	-1.89134478639768
Calcoco1	-0.185992698510672	8.34628335561738	-3.40361884983237	0.0031039660366296	0.042065179014612	-1.89418405217227
Mocos	-0.200955371958658	9.47107625095013	-3.4018196876903	0.00311644581468564	0.0421272932973342	-1.89799627324095
Pkd1	-0.296487579659826	6.72812183040699	-3.40076602939465	0.00312377740464716	0.0421863512699713	-1.90022867111784
Arhgef37	-0.3394053353751	7.73028619085121	-3.39919393912533	0.00313474798111347	0.0422676002002705	-1.90355922222173
Utp6	-0.26889121467883	8.03508347748601	-3.3964102829101	0.00315426651147222	0.0424592392902548	-1.90945578585454
Gpcpd1	-0.195189361727057	9.7414752335923	-3.39430025845375	0.00316914141758143	0.0425521043526769	-1.9139247676856
Cct8	-0.169359790886732	10.4635120058882	-3.39189245954008	0.0031861999970104	0.0427452899850389	-1.9190237506183
Cdk19	-0.175719764087149	11.0212482759898	-3.38032156973306	0.00326944696684423	0.043606248920285	-1.94351718598784
Dyrk3	-0.307664521328544	4.99104227843657	-3.38101222726599	0.00326441843612938	0.043606248920285	-1.94205566798001
Rnf145	-0.228190566068553	10.147121086044	-3.38033368992544	0.0032693586565551	0.043606248920285	-1.94349153866457
Rnf125	-0.199680709204671	4.79550977577377	-3.37696558803683	0.00329398998074267	0.0438604905505711	-1.95061799623825
Ccdc85b	-0.370188274221553	6.63801647574716	-3.37505917662453	0.0033080127081344	0.044010593012212	-1.95465106537686
Tbc1d10c	-0.378021683521186	6.23475856718763	-3.37181687277711	0.00333199682481166	0.0442194105979358	-1.96150917821001
Kctd10	-0.189539968357151	9.68098118972651	-3.36727109331271	0.00336591166259668	0.0445789743238441	-1.97112210537775
Mki67	-0.328567149614551	6.75224216852169	-3.35351016089785	0.00347066344292099	0.0456058853891219	-2.00020573066856
Vezf1	-0.240892932837651	7.77541922534312	-3.34806430108065	0.00351299917860195	0.0460865179127248	-2.01170856447148
Itga8	-0.254143441422278	5.10281261196401	-3.34666006180138	0.00352399779115239	0.0461929440191597	-2.01467397524979
Ctdsp1	-0.20033204314891	9.40854052981492	-3.34574795123	0.00353115998120695	0.0462327731639498	-2.01659998770441
Rfx1	-0.176157767382744	9.38992645553811	-3.34517043372692	0.00353570224009213	0.0462327731639498	-2.01781941538328
H4c8	-0.314905996097034	7.49734116992491	-3.34183496988839	0.00356204884067887	0.0465012982830875	-2.02486135991821
Sub1	-0.294685113955831	6.68406359831901	-3.33874926123195	0.00358659457223786	0.0467835746769901	-2.03137466527029
Smarce1	-0.167046111670802	9.70658903781652	-3.33456108145334	0.00362017640875506	0.047183162395867	-2.04021297986679
B630019K06Rik	-0.253032216170572	5.1347812143762	-3.33036192246301	0.00365415668821802	0.0474309779828055	-2.04907203999064
Gm13498	-0.287359741222721	8.32728062588912	-3.32982918630633	0.00365849003362725	0.0474309779828055	-2.0501957911184
Hdlbp	-0.2354336191493	8.82446715626086	-3.32965169617551	0.00365993488339673	0.0474309779828055	-2.05057017922056
Lima1	-0.336305433155076	7.91820784540691	-3.33020878545839	0.00365540180744902	0.0474309779828055	-2.04939507049258
Tiam1	-0.245656005924975	11.5061227614495	-3.33023158005725	0.00365521644376115	0.0474309779828055	-2.04934698727978
Cep97	-0.295027107777717	5.24593762512455	-3.32809830374494	0.00367260416618111	0.0474798301128665	-2.05384663473188
Tmpo	-0.230801393443014	9.89479895319557	-3.32711211107547	0.00368066980356172	0.0475456983099317	-2.05592656372676
Cfap74	-0.333455094097883	6.49709532508472	-3.32218857232052	0.00372119850296674	0.0479173322972358	-2.06630851916505
G6pc3	-0.307840542224209	5.75190218766434	-3.32136790601906	0.00372799644064616	0.0479634911837153	-2.06803867622546
Asphd2	-0.167447042363139	4.86272800110682	-3.31924868325795	0.00374560740285856	0.0481127178834279	-2.07250605670869
Usp45	-0.205668816630702	8.73459370172016	-3.31822179245566	0.00375417035972526	0.048184038979473	-2.07467054336507
Ogt	-0.220838377691157	9.85836184841957	-3.31715354203904	0.00376309862185264	0.0482212917876314	-2.07692204997613
Ahsa2	-0.224451238938603	7.90402994101663	-3.31668387201425	0.003767030648761	0.0482330604267358	-2.07791190270434
Herc2	-0.193567388771352	8.91220727885486	-3.31628978187617	0.00377033304435715	0.0482367548960322	-2.07874244299481
Pdk2	-0.213901815838663	4.921680443839	-3.31364096474065	0.00379260354520983	0.0484647841515284	-2.08432422195671
Arl2bp	-0.30764776897069	6.69582371610063	-3.31210156120471	0.00380560575597108	0.0484839420416493	-2.08756770594953
Scarb1	-0.243779338533939	9.22999228383332	-3.3114810602227	0.00381085904957168	0.0484839420416493	-2.08887499016079
Siah2	-0.423205025891259	6.23802531698772	-3.31179603579643	0.00380819150929884	0.0484839420416493	-2.08821140002016
Tmem106b	-0.267656890128228	7.64190271513845	-3.31229230326333	0.00380399232347964	0.0484839420416493	-2.08716583562558
Prorsd1	-0.21541556552298	7.93105915548745	-3.30837137432188	0.00383729384032865	0.0487814836492931	-2.09542571114589
Slc25a16	-0.255998953026726	7.78112653783947	-3.30641735160807	0.00385399666769969	0.048916111551573	-2.09954125597962
Txlnb	-0.284157511911609	5.21891597491992	-3.30474916859054	0.00386831266412276	0.0489812849598772	-2.10305433314104
Eif2ak3	-0.194909908460835	10.8901237187971	-3.30144042920471	0.00389686230884026	0.0492259520544502	-2.11002111870901
Kpna2	-0.235313184787456	8.45105721797726	-3.2988174232432	0.00391964204896996	0.0493967488139875	-2.11554291609133
Tlnrd1	-0.298962447997674	6.9314486459655	-3.29900873185778	0.00391797619895343	0.0493967488139875	-2.1151402183045
Mrpl57	-0.318168174327455	7.71865473085122	-3.29321576908151	0.00396872891276462	0.0498974911616636	-2.12733182846416
Mfge8	-0.234580943284681	7.50936436829424	-3.28815088400188	0.00401363144963882	0.050264609821181	-2.13798712180128
Itpr2	-0.241009008545677	7.19926938055934	-3.28693349730515	0.00402449827713169	0.0503219491605412	-2.14054764409043
Lmbrd1	-0.296308046376286	6.43869871908012	-3.28436000022749	0.00404756538415551	0.0505314227561693	-2.1459597415098
Inpp5f	-0.171356124301956	10.4015676362145	-3.28308950219413	0.00405900108298615	0.0506346939463705	-2.14863125189365
Dnaaf1	-0.266442982098558	5.70657134333111	-3.28257288846822	0.00406366016583368	0.0506533340764548	-2.14971748063676
Racgap1	-0.252511141448272	4.91101605339259	-3.2790523597717	0.00409555013228081	0.0509318413886203	-2.15711865945293
Rtn4ip1	-0.180494596633245	9.3437665592491	-3.27922567772477	0.00409397443560387	0.0509318413886203	-2.15675433798411
Zmat3	-0.273946456968936	6.85508774156836	-3.27857309343249	0.00409991041644999	0.050946479980809	-2.15812607354432
Rnd3	-0.169805768637455	9.55763925726354	-3.2774697033413	0.00410996619860868	0.0509922550455287	-2.16044525969346
St3gal2	-0.35928112200994	6.62013383182769	-3.27539157416784	0.00412897106217143	0.0511487475619611	-2.16481272629294
Akr7a5	-0.296717285796651	5.73411592058011	-3.27295477798601	0.00415136586531849	0.05138639649994	-2.16993314927668
Rfc4	-0.417933771647873	7.01192068147071	-3.26729850346145	0.00420380891905653	0.0519551828181465	-2.18181516731222
Kiz	-0.291391564501096	6.87710622563241	-3.26090303501356	0.00426388860731531	0.0525354404619566	-2.19524410516077
1700001K23Rik	-0.289518812878555	4.94119774848008	-3.26004031684218	0.00427205726471989	0.0525400126846247	-2.19705512323523
Tacc1	-0.193423763077426	8.41263921472647	-3.26001060277693	0.00427233888594441	0.0525400126846247	-2.19711749695737
Tspan14	-0.212679289568066	9.5100810639871	-3.25678904791457	0.00430298007736082	0.0528543331835456	-2.20387915329023
Mapk14	-0.259109166427734	11.7612731133538	-3.25431288726938	0.00432667797295909	0.0530233391709113	-2.20907522253886
Satb1	-0.321964881196239	7.56095739565906	-3.25243375316528	0.004344747435524	0.0532040418558237	-2.21301783155245
Rdh10	-0.389483718327775	6.01525721780762	-3.24349817174421	0.00443168791165846	0.0538975418131411	-2.23175799178532
Ago4	-0.261325786426159	9.22068863989975	-3.24223629592064	0.00444410218637787	0.0540074832900363	-2.23440344824023
Itpripl1	-0.158094492711086	9.7736839818542	-3.24115535605952	0.0044547635183635	0.0540959712529649	-2.23666938121969
Ear2	-0.318211834067193	10.3056006353954	-3.23509799469333	0.00451497276623958	0.054619908634667	-2.24936375546043
Foxred2	-0.328964777741958	8.46348851445001	-3.23393117734983	0.00452666199998345	0.0546374248188048	-2.25180837369087
Wrn	-0.215936671960579	9.03227973271494	-3.23219583508257	0.00454410160251532	0.0547653208947723	-2.25544371367021
Man1a	-0.343068744911726	7.00482516621137	-3.22857647689684	0.00458068699337703	0.0550818146724263	-2.26302428733098
Kifap3	-0.258439212950574	7.39453095455115	-3.22816939735352	0.00458481986377863	0.0550901215613942	-2.26387676375696
Rala	-0.326622999836732	7.35441023943692	-3.22662392648526	0.00460054351939793	0.0551961761828814	-2.26711293237906
Sgms1	-0.317606697918028	8.19570741686566	-3.22666621816129	0.00460011254088042	0.0551961761828814	-2.26702438005666
Map3k15	-0.200511311434383	8.2395721237258	-3.22483602334106	0.00461879958589628	0.0553736984061948	-2.27085626345597
Aff4	-0.235307802054256	7.87936615644257	-3.22381610557727	0.00462924560648326	0.0554234750185802	-2.27299143156967
Ccny	-0.210033115573481	8.99378328175286	-3.22175151202858	0.00465046208906172	0.0556282853030141	-2.2773130792759
Anapc1	-0.319778506128205	5.447936549177	-3.21989181083332	0.00466965452173923	0.055816146841252	-2.28120524643325
Adam4	-0.389251359284707	5.99163165048343	-3.2188449122358	0.0046804927903493	0.0558622573523792	-2.28339605064447
Rwdd2a	-0.259543384061411	5.12970706123842	-3.21620494007031	0.00470793322009547	0.056068422070561	-2.28891981962389
Dcps	-0.279566408473421	7.23169705181072	-3.21017116104597	0.00477124228484323	0.0566418206566196	-2.30154033580983
Tle5	-0.191210740461365	8.53121215588278	-3.20840091296375	0.00478997409627953	0.056787804008114	-2.30524191960727
Ipmk	-0.232488443603452	8.06685180161083	-3.20757637877855	0.00479872342435618	0.0568164477091673	-2.30696584031115
Rbbp4	-0.212578078638673	9.01244683159936	-3.20750420789113	0.00479948999080252	0.0568164477091673	-2.30711672846694
Pfas	-0.210547354651996	7.97628053289934	-3.20606432063006	0.00481480889152292	0.0569327889212979	-2.31012692882926
Slc35a1	-0.216802905225166	7.77601915854297	-3.19957860796949	0.00488440533330432	0.0575238464750078	-2.32368153152354
Smc3	-0.159316104267115	9.85697124841652	-3.20015374257779	0.00487819415487829	0.0575238464750078	-2.32247983329521
Slc6a18	-0.290342461272747	5.34392106593612	-3.19898772814627	0.00489079461040973	0.0575567409850057	-2.3249160700745
Orc3	-0.27444179721367	7.12969723925364	-3.19680172784607	0.00491450333745934	0.0577932593064193	-2.32948281751831
4833420G17Rik	-0.162133214047472	9.19402101183609	-3.19477950901545	0.00493653582904522	0.0580097327047494	-2.33370669118415
Gbe1	-0.325524392600002	6.55538195457618	-3.19222846138541	0.00496446788137647	0.0582018558102755	-2.33903415663297
Ankrd10	-0.266358533085925	8.79894141872099	-3.19051383491583	0.00498332855614023	0.0583454085888986	-2.34261426436777
Ctdspl	-0.379525331285973	6.65443916802666	-3.1866351559599	0.00502625246640667	0.0588049493602623	-2.35071101956475
Papss1	-0.226098036950112	9.34533314763762	-3.18594911914123	0.00503388212151847	0.0588511931007327	-2.35214285539883
Enkur	-0.448902739255878	5.7857995920298	-3.18431109480362	0.00505214499175116	0.0589785416433094	-2.35556126892728
Stat5a	-0.177479234096324	10.4789993642114	-3.18459603638576	0.00504896343664127	0.0589785416433094	-2.35496665392574
Cyb5a	-0.290937065728961	7.78681732097506	-3.18299706967211	0.00506684230464938	0.0590639556343142	-2.35830319058667
Star	-0.283881555228831	5.34238915502461	-3.18214934087967	0.00507634628894501	0.0591316756583442	-2.36007195304094
Dipk2a	-0.189761606248581	8.30793536814087	-3.18090616375981	0.0050903152174561	0.0592082086158321	-2.36266558292066
Ugt1a9	-0.29221550379235	5.47244978399895	-3.17984058554088	0.00510231846486141	0.0593047255120602	-2.36488847696409
Atr	-0.234924365826344	7.42283523904982	-3.17904873617361	0.00511125619958795	0.0593654974415132	-2.36654022010206
Nicol1	-0.23519681868821	4.97810869146047	-3.17741086803086	0.00512979168230118	0.0595375749639089	-2.36995635482496
Foxo1	-0.255353336247296	7.21488004386361	-3.1720226362597	0.00519123419636351	0.060119901094644	-2.38119140307184
Tsn	-0.196822530581495	8.83658020884414	-3.17095807342647	0.00520345831413919	0.0601780544595439	-2.38341053191763
Fbl	-0.236328823823914	9.01770050617385	-3.16908906701118	0.00522498774200215	0.0603219052305528	-2.38730607848166
Sqle	-0.336533502928856	7.53732735253868	-3.16886959715575	0.0052275215591863	0.0603219052305528	-2.38776347647958
Sgk3	-0.196747486174495	10.920583112275	-3.16813662376381	0.00523599256692603	0.0603242227205075	-2.38929100783841
A430093F15Rik	-0.171623740675042	4.88549550560085	-3.16745650636123	0.00524386471147133	0.0603364879274613	-2.39070830165722
Asgr2	-0.138803466745077	4.70181148841291	-3.16636016330415	0.00525657888867809	0.0604375470326114	-2.39299279476289
Strbp	-0.263586837576266	5.12942685250192	-3.16525791185154	0.0052693919460642	0.0604997260378461	-2.39528938559999
Ogfod1	-0.178970504198741	8.40604842487245	-3.16119456776097	0.00531689015169211	0.0608704054920116	-2.40375368983905
Trub1	-0.314126466820237	5.93988459436638	-3.159886527672	0.00533226920305327	0.0610028367368603	-2.40647782922899
Naa16	-0.193978576506955	8.69732653548322	-3.15770333874169	0.00535803449669366	0.0611664351780186	-2.41102388496685
Opn1sw	-0.217088931122122	11.0777823814006	-3.15681658859068	0.00536853432607189	0.0612158558980896	-2.41287012249106
Man2a2	-0.25233297039936	9.15999204018496	-3.15490836753526	0.00539119738170638	0.0614136043375165	-2.4168426128032
D16Ertd472e	-0.346582493006322	8.13395658862999	-3.15438449284989	0.00539743552677254	0.0614409357083887	-2.41793308885694
Serpinb1c	-0.368833068876926	5.46394598960205	-3.14968140776381	0.00545375507026704	0.0620379174837413	-2.42772062911144
Vsir	-0.201888753199794	9.98680203895662	-3.14825540153848	0.00547094460215546	0.0621451159386077	-2.43068748783606
Dhcr24	-0.338393813515675	5.49540719502984	-3.14599471310697	0.00549830411013751	0.0623841387817421	-2.43539017987157
Cct4	-0.145663703600232	10.5272568405093	-3.14496913502451	0.00551075995215312	0.0624643860015657	-2.43752328549807
Cbr2	-0.336739884846638	5.36933581062209	-3.14393610990131	0.0055233340840616	0.0624741781027604	-2.43967168712373
Slc39a10	-0.275528210319305	7.79791141384449	-3.14226291344435	0.00554375991368323	0.0625725510708745	-2.44315105308312
Scgb3a2	-0.389969545048672	5.50353778463894	-3.14127961736963	0.00555579804331031	0.0626539786407093	-2.44519555216777
Atg9b	-0.257169898272926	5.15713010363209	-3.1367387712718	0.00561172168825355	0.0630284951722794	-2.45463472426815
Clcn3	-0.143382369335509	9.1239647349752	-3.13702706683149	0.00560815485756424	0.0630284951722794	-2.45403554930393
Gemin2	-0.219446262519674	7.6826002679763	-3.13674541556925	0.00561163945921333	0.0630284951722794	-2.45462091535914
Clec4a1	-0.165907934903289	10.7812090428456	-3.13269784887495	0.0056619500792269	0.0633702874251933	-2.46303150860592
Mrpl33	-0.227883013858897	10.5867356699754	-3.13272102922599	0.00566166070193241	0.0633702874251933	-2.46298334986695
Cdan1	-0.166102061640377	8.13881307767202	-3.127414665124	0.00572828173532362	0.0639338557697731	-2.47400508414547
Megf9	-0.239286387293966	5.16751472383327	-3.12768827976124	0.0057248279012652	0.0639338557697731	-2.47343689279761
Ctps2	-0.345816615555131	6.09195311608489	-3.12187863074794	0.0057986011892585	0.0644290974638161	-2.48549828070674
Nedd9	-0.154993173157736	11.3606395110856	-3.12263316899188	0.00578896762171343	0.0644290974638161	-2.48393214320357
Slc4a7	-0.318240042327892	6.94688726729543	-3.12170401441532	0.00580083283007553	0.0644290974638161	-2.4858607033245
Rdx	-0.165250456397683	10.2476396227442	-3.11991909204451	0.00582369267946646	0.0645933481184066	-2.48956504747015
Ccdc125	-0.38200034131894	6.30747478136817	-3.11553008199315	0.00588027778805594	0.064995749998505	-2.49867124593429
Poglut3	-0.278975693908473	5.08489308196181	-3.11444405744844	0.00589436182844532	0.0650615593546671	-2.50092393938538
Sgpp1	-0.177604220577631	11.5827176824474	-3.11353050025711	0.00590623469922279	0.0650948189741059	-2.50281871857814
Slc20a1	-0.240003137137575	7.41199366725721	-3.11381203657127	0.00590257328340366	0.0650948189741059	-2.50223481012373
Smpdl3a	-0.231836155974286	11.3662998728512	-3.11327368807538	0.00590957650542805	0.0650948189741059	-2.50335133590452
Ddx17	-0.206350457788183	11.9016892449959	-3.11058031385841	0.00594473565303183	0.0654370661119494	-2.50893652385314
F2rl2	-0.376953589098907	5.96598105211687	-3.10693442232489	0.00599265387054741	0.0657835563773055	-2.51649472740366
Uggt1	-0.229024659370476	8.9514572052432	-3.1069717292886	0.005992161641387	0.0657835563773055	-2.51641740013651
Dcaf12	-0.200778419576476	9.75206908345981	-3.10622103726386	0.00600207387839795	0.0658418042657705	-2.51797333094718
Lrpprc	-0.279189474161822	7.30063185924505	-3.10404060983268	0.00603095522638556	0.0661133139714389	-2.52249200870237
Rasa1	-0.147356224152064	8.90499489624233	-3.1013535802257	0.00606673320367037	0.0663238148393062	-2.52805930555423
Zfp931	-0.239750895232784	8.40473484713209	-3.10158013673169	0.00606370862276206	0.0663238148393062	-2.52758995329043
Zdhhc9	-0.186149915634885	7.92382417029297	-3.09741773009367	0.00611951287261469	0.0668095522006809	-2.53621154369884
Dnajc3	-0.186906568375546	8.96378367268097	-3.09650049065077	0.00613187715706008	0.0668989051797863	-2.53811097139782
2900060B14Rik	-0.247134592647694	7.84369298517811	-3.09398234865468	0.00616594666791387	0.0671790173042624	-2.54332472462318
Fam32a	-0.144741587101603	10.7238686070352	-3.09151589320012	0.00619949558447255	0.0674527034870722	-2.548430268273
Rasa3	-0.153379690533237	11.4843220278196	-3.09031062022751	0.0062159543979236	0.0674941317087973	-2.55092474310787
Ptpn4	-0.216565653702354	5.14177334976274	-3.0880465362839	0.00624698710937218	0.0677851041935605	-2.55560980322428
Pccb	-0.27222868282606	7.01132367464218	-3.0802861417048	0.00635450400698843	0.0686724082591829	-2.57166072783765
Pofut4	-0.26289838626622	5.90743440276418	-3.07846741856561	0.00637996099743471	0.068900995792134	-2.57542069917206
Cebpz	-0.201418743266785	7.62909121169422	-3.07795995671672	0.00638708172585843	0.0689313843711154	-2.57646969306984
Acsl5	-0.14966807545683	10.3079185059952	-3.07686340356927	0.00640249503792832	0.0690511678450423	-2.57873624586848
Aacs	-0.298808165272354	6.47414679080772	-3.07621194476892	0.0064116691743271	0.0690887877671236	-2.58008268480707
Atxn3	-0.285975646829025	6.67396089570426	-3.07600283979803	0.00641461659618529	0.0690887877671236	-2.58051484633825
Fancb	-0.215498267762508	4.91995167439686	-3.0755958209958	0.00642035747798698	0.0690998254044781	-2.58135601552443
Pglyrp1	-0.441691423855717	7.65633974812759	-3.07382374188679	0.00644541046774114	0.0691876556245452	-2.5850179151714
Foxk2	-0.211802419587749	8.3364272056355	-3.07284121937001	0.0064593419720457	0.0692907293985197	-2.58704797192996
Rpl14	-0.306381570454372	5.34286525126253	-3.07011445854742	0.00649815927273375	0.0696138146988646	-2.59268090865958
Bcl3	-0.21613918098321	7.90772782702604	-3.06909766301499	0.00651269207161764	0.0697228338503279	-2.59478102196443
Sar1a	-0.146815854573515	10.544088859766	-3.06860143446785	0.00651979601683907	0.0697522294448592	-2.59580586879093
Ell	-0.183950205484742	9.80791874345188	-3.06353486204171	0.00659276119876754	0.0703684295801255	-2.60626688589203
Ss18	-0.186353456481198	10.4121332951812	-3.06338169386659	0.00659497934209236	0.0703684295801255	-2.60658305365935
Naip7	-0.214832687157896	5.304815326586	-3.06142523282734	0.00662337625502937	0.0706243417466656	-2.61062113826715
Rpl30	-0.227933454685961	10.9103012714041	-3.0563564576436	0.006697500890752	0.071367178266635	-2.62107934985661
Naip5	-0.14260458706259	10.594742966465	-3.0557961832471	0.00670574356025058	0.0714074688501733	-2.62223502217958
Cdkn2d	-0.208551906489101	11.8501616297264	-3.05512028323274	0.00671570042361889	0.0714659476595879	-2.62362910913766
Abcd1	-0.211173778255032	8.89096806843915	-3.05361717209273	0.00673789471141828	0.0716069089350927	-2.62672903769464
Atp2c1	-0.288303983761139	9.811655850536	-3.05211296219328	0.00676017660759448	0.0716533951023508	-2.62983076999631
P2rx1	-0.258649783870596	4.80990548337452	-3.05240248746066	0.00675588230322859	0.0716533951023508	-2.62923379496356
Tmem123	-0.211919270733944	10.0395219264236	-3.05246230684077	0.00675499537926371	0.0716533951023508	-2.6291104506489
Cep78	-0.34887529357266	5.43118401879253	-3.05140085418592	0.00677075004814492	0.0716705387040737	-2.63129899955126
Abca3	-0.24925967990908	8.79488831013616	-3.04689686445366	0.00683799902866335	0.0722867730870257	-2.64058294769417
Adgrb3	-0.171682955722452	4.80172523376292	-3.04626639441444	0.00684746421224708	0.0723012979542256	-2.64188218492295
Stt3b	-0.160176912469682	10.7789098546955	-3.04620358547778	0.0068484078537086	0.0723012979542256	-2.64201161356068
Atp1a3	-0.369843901936122	5.75804061746022	-3.04484448734647	0.00686885792823066	0.0723851645409368	-2.64481207005534
Slfn3	-0.295690817135622	5.58962084939372	-3.03416227083915	0.00703167032744422	0.0738463803088876	-2.66680971120944
Bltp3b	-0.273274461808625	8.76896421755053	-3.02865687485903	0.00711703825700624	0.0744665620133909	-2.67813753677039
Stk24	-0.166164963487147	13.0359347425967	-3.02665974978085	0.00714825423950909	0.0746300124614109	-2.68224521656878
Ppm1d	-0.200406237640433	8.08027478053774	-3.0225852394138	0.00721235355081089	0.0752501424906964	-2.69062303944431
C2cd2l	-0.213393183018321	8.26693252829744	-3.02051618716573	0.00724511672161418	0.0754935502144759	-2.69487598214692
Serpinb1a	-0.273624906257381	5.63464134655403	-3.0145629000312	0.00734019416291697	0.0763351576201989	-2.70710788941537
Lman2l	-0.182036743412351	8.48331569373704	-3.01049483321832	0.00740585881194766	0.0766916116114912	-2.71546196615137
Tubg2	-0.421065710449119	6.019465087223	-3.00948646781203	0.00742222327727651	0.0767320613346837	-2.7175321684738
Akap13	-0.200298052440406	10.0730576196856	-3.00723478010178	0.00745889199466266	0.0768037628046049	-2.72215415402601
Banp	-0.240058846214992	5.68786654377677	-3.00662947904245	0.00746877925341171	0.0768037628046049	-2.72339645413462
Tmem205	-0.275280853838551	7.52493942357259	-3.0064550213499	0.00747163128314714	0.0768037628046049	-2.72375449067948
Magee1	-0.286707726154022	6.32008413812273	-3.00588259898571	0.00748099665129409	0.0768506748420808	-2.72492921703811
Scn2b	-0.343434547119222	5.64758185724919	-3.00131163297444	0.00755619158043004	0.0774243573910261	-2.73430721200964
Ripor2	-0.353305296802403	9.88950344060131	-2.99618909199451	0.00764133135827824	0.078146650727951	-2.74481143258916
Cpsf4l	-0.1337154359694	4.88845059207824	-2.99532682424333	0.00765575395326747	0.0782441519936436	-2.7465790238154
Tspan5	-0.194685342971567	9.2492734994449	-2.99474980216745	0.00766542016604309	0.0782781144506949	-2.74776178938301
Kifc3	-0.281795283003916	5.44317227529279	-2.99307825608519	0.00769348856622174	0.0784459398396306	-2.7511876703668
Parn	-0.337192702148095	5.89522156301624	-2.99298228471807	0.00769510312703655	0.0784459398396306	-2.75138434775114
Gja10	-0.12558581996956	4.78535420019169	-2.99174993666677	0.00771586457464436	0.0785575143239077	-2.75390966033105
Elp3	-0.33842266349427	6.24175931188543	-2.99138584615791	0.00772200881584889	0.0785700896997212	-2.7546556861406
Eno3	-0.439584870081557	6.87162694143359	-2.98689623118064	0.00779816462287021	0.0790935518308223	-2.76385255518703
Pnpla1	-0.302840999044971	6.0261507731385	-2.98164451505412	0.00788817165453532	0.0795630544620232	-2.77460489969545
Sulf2	-0.302088104279196	8.14847009149993	-2.98199859614651	0.00788207168551644	0.0795630544620232	-2.77388014828407
Tmt1a	-0.299402449617973	5.71721407218185	-2.98158513427005	0.00788919509098599	0.0795630544620232	-2.77472644060461
Vopp1	-0.215296485376646	7.79045966242513	-2.98300007226596	0.00786484338761043	0.0795630544620232	-2.77183012413344
Mks1	-0.20108474698855	5.14845013400825	-2.98055502025361	0.00790696974485019	0.0796419451015275	-2.77683475833899
Zdhhc17	-0.204668691345149	5.17022039783994	-2.98074392291641	0.00790370731993338	0.0796419451015275	-2.77644815203954
Coq8a	-0.159180734432982	4.88388420470735	-2.97874680702581	0.00793826440553756	0.0799068690632885	-2.7805350260195
Pfkfb4	-0.188304793260172	8.7355648344475	-2.97821958046164	0.00794741166370003	0.0799486635308102	-2.78161378731549
Rin3	-0.239079948285338	8.49535467242316	-2.97690856858804	0.00797020170263284	0.0800772619275822	-2.78429598635263
Gtf2e2	-0.158995161211623	10.9531463721488	-2.97605474259348	0.00798507825776583	0.0801261301037881	-2.7860426216459
Lss	-0.238533152118037	5.21391787044721	-2.96994892970412	0.00809224895323634	0.0809984018114745	-2.79852824262458
Arhgef3	-0.16383910610908	10.9946780737592	-2.96906529063366	0.00810787372987238	0.0810998597434519	-2.80033447687955
Dennd6a	-0.133020797517761	10.5954046120824	-2.96658237559975	0.00815193392601492	0.0813198931733026	-2.80540882229224
Krt7	-0.300371701788417	5.74402169795139	-2.9661329266698	0.00815993429780218	0.0813198931733026	-2.80632721378534
Nudt7	-0.187071049870636	7.88797432058529	-2.96634045345836	0.00815623929320108	0.0813198931733026	-2.80590316499348
Mapkapk2	-0.222277644547456	9.64997654557239	-2.96552342891566	0.0081707957488873	0.0813281516939696	-2.80757257132291
Gpc2	-0.185442089392254	8.04132478052732	-2.96225221847242	0.00822932937874994	0.0817517025794454	-2.81425503485233
Ttc27	-0.281089090650432	6.18002113733815	-2.9610581599082	0.00825079631289407	0.0818685647785925	-2.81669366275292
Phc3	-0.164077780786853	10.4663137531506	-2.96058666281131	0.00825928786630299	0.0819020460348075	-2.81765651243063
Tmem81	-0.309191372895534	5.93660433048332	-2.9524434225266	0.008407287239493	0.0830608841161022	-2.83427787685228
Arid3a	-0.202196686765604	11.9451599637274	-2.95141220178292	0.00842621124877265	0.083145197926391	-2.83638163796693
Arsa	-0.243655422292039	7.38745697755968	-2.94867989753279	0.00847655144183837	0.0835389198439798	-2.84195453774291
Flt3	-0.24118196241018	5.17193269189358	-2.9473520150948	0.00850112139210364	0.0837035529189749	-2.84466230714606
Bivm	-0.27877014461458	6.21358243840627	-2.9437588639947	0.00856795175687076	0.0840772948306049	-2.8519872760895
Npm3	-0.153510399056909	9.47393493729412	-2.94327881361999	0.00857691878252029	0.0841137163690179	-2.85296567535453
Lamtor4	-0.196561959414836	9.80985711067865	-2.94198798584563	0.00860107563542214	0.0841958504861966	-2.8555962679695
Pop5	-0.223741209246647	7.27392050591252	-2.93881155781831	0.00866080054727294	0.0846252214646541	-2.86206788880992
Atraid	-0.17536585493789	9.34551339287539	-2.93665592700368	0.00870156008054555	0.0849197982250802	-2.86645840182681
Xpo7	-0.2183910145986	7.45759710741606	-2.9339521748036	0.00875294595574021	0.0852134428355365	-2.87196376544627
Pdcd4	-0.2009387593521	11.4895791522702	-2.92856873281728	0.0088561352816068	0.0858524804252676	-2.88292036148543
Cfhr4	-0.35216320629725	5.88510908165617	-2.92486441080867	0.00892782116781616	0.0862860976998174	-2.89045555683614
Mllt3	-0.197879143725012	8.61500927321724	-2.92566283875778	0.00891232277699953	0.0862860976998174	-2.88883169988447
Marveld1	-0.139962909493924	4.79132709983917	-2.92231581926711	0.00897746663800441	0.0866090135872577	-2.89563791133462
Mcee	-0.217744510470322	8.008352616734	-2.92193759377495	0.00898485699945532	0.0866280941423388	-2.89640687017092
Parp8	-0.192862430387947	8.48148836153697	-2.92057476634341	0.0090115348282439	0.0867807550698217	-2.89917730996206
Ackr2	-0.172955326207713	4.83949801213208	-2.91730718863484	0.00907581086068244	0.0871898876501936	-2.90581803233072
Rnase6	-0.160026458170198	10.5058108767367	-2.91459725430786	0.00912945327219299	0.0876141212918766	-2.91132350719612
Acap3	-0.318122200868127	5.46147318720534	-2.91158999239171	0.00918933962305756	0.0878156209021298	-2.91743095866264
Gemin5	-0.194699094093172	4.96501446759236	-2.91170409979128	0.00918706039072104	0.0878156209021298	-2.91719925767305
Metap1d	-0.33944999915351	6.52636472046083	-2.91238986832682	0.00917337403661902	0.0878156209021298	-2.91580670284517
Pofut1	-0.171426585700259	9.16485143008433	-2.90911045229272	0.0092390021162405	0.0881754495351397	-2.92246501545075
5730455P16Rik	-0.171930957144729	5.13156425667274	-2.90859974259852	0.00924926321102497	0.0882207733566476	-2.92350169279097
Amz1	-0.163937438895082	10.3226540783126	-2.90439607064423	0.00933414167989542	0.0886304911509301	-2.93203221909421
Gm1070	-0.237243308940329	5.02981540699248	-2.90491353532187	0.00932365284921646	0.0886304911509301	-2.93098235818496
Hadh	-0.196528131916301	9.09605145184736	-2.90529598530704	0.00931590803225085	0.0886304911509301	-2.93020638062945
Sptlc2	-0.36922556490488	7.18125814587755	-2.90474169968226	0.00932713463609726	0.0886304911509301	-2.93133099505175
Hsd17b10	-0.228080491700909	8.93616099380037	-2.90041780392653	0.0094151609917294	0.0892182662360149	-2.94010136447047
Hspe1	-0.184269987351805	10.3246961710998	-2.89712811300674	0.00948266935681964	0.0895398956081996	-2.94677094176092
Lsm2	-0.160472123918873	9.90726913636271	-2.89635043919058	0.00949869627106689	0.0896383454118076	-2.94834722321244
Ankzf1	-0.25220063081274	6.69038194984295	-2.89215273938101	0.0095856580240558	0.0899287553780851	-2.95685304802357
Mcph1	-0.228804445175337	7.47628834734046	-2.89326543136383	0.00956253239289003	0.0899287553780851	-2.95459881655988
Myadm	-0.191194019721527	13.326126357466	-2.89235627604445	0.00958142379259273	0.0899287553780851	-2.95644072067588
Nmb	-0.163554542975275	4.81805098398334	-2.89414580774529	0.00954427323930012	0.0899287553780851	-2.9528150228266
Tmem26	-0.294536954064228	6.49801765905527	-2.89367167811333	0.00955410258393591	0.0899287553780851	-2.9537757146294
Tia1	-0.144839154446384	8.57728751780619	-2.88869844780431	0.00965779448128901	0.0904464603118962	-2.96384923664747
Zmym1	-0.291299450063585	7.6189978586747	-2.887204644703	0.00968915169140428	0.0906340577562393	-2.96687381200595
B4galnt3	-0.239809266669086	5.2683269585851	-2.88364798706944	0.00976420703944707	0.0912265401624019	-2.97407291636674
Hnrnpa2b1	-0.188581616873163	10.8463541654976	-2.88082642840693	0.00982414821738929	0.0916290747198809	-2.97978184870644
Dars1	-0.204068513330277	8.717556588101	-2.87975565020339	0.00984698855376652	0.0917886149114928	-2.98194786096108
Grhpr	-0.274131300703347	5.37046626988892	-2.8742340996088	0.00996558136925075	0.0924632636607874	-2.9931125058477
Micos10	-0.233425125087317	5.43132165024227	-2.87425150666875	0.00996520534334782	0.0924632636607874	-2.99307732059732
Mtmr10	-0.188767746396735	8.63266250026965	-2.87206086524955	0.0100126349749922	0.0926313426443645	-2.99750470926801
Tpcn1	-0.252175746080554	7.26403199620093	-2.8721900792976	0.0100098313317192	0.0926313426443645	-2.99724359524249
Recql	-0.223322284326287	6.77536168104891	-2.87097658810052	0.0100361910922798	0.0927956316764515	-2.99969563588617
Otud6b	-0.176005497034966	9.12573685761971	-2.86984982320925	0.0100607268383341	0.092968783514744	-3.00197209971821
Cd300a	-0.20169673349319	9.23528543577889	-2.86806891727639	0.0100996246602507	0.0931185955105861	-3.00556950439196
Meis1	-0.273664822649945	7.06681554548868	-2.868442998278	0.0100914421336012	0.0931185955105861	-3.00481393277047
Zfp664	-0.146608506234066	9.45995266362192	-2.86804210919738	0.0101002112968683	0.0931185955105861	-3.00562365018894
Mbtd1	-0.159342347584843	9.26286062800385	-2.86715607438642	0.0101196187280194	0.0932438098687103	-3.00741312232496
Pycr3	-0.289828531912451	5.59028569610632	-2.86566559839901	0.0101523467210484	0.0934915473362369	-3.01042289884345
Pot1b	-0.261721952417491	6.70717375991622	-2.86383422770529	0.0101926997261901	0.0937014124742515	-3.01412028380088
Smc1a	-0.188652765311138	8.59712982043969	-2.86289874443849	0.0102133720304167	0.0937837173533101	-3.01600861698652
Elovl5	-0.203513147428804	12.0496089172931	-2.86195436699241	0.0102342818335464	0.0939218352900865	-3.01791467724394
Clec16a	-0.193693618714887	5.15471979051347	-2.8597673225789	0.0102828643882758	0.0942364830713644	-3.02232796817168
Tnnt3	-0.333541910219271	5.4592922777869	-2.85654603983876	0.0103548259474455	0.0947022795936377	-3.02882604399682
Mcemp1	-0.275666465691508	9.66501827916586	-2.854931031993	0.0103910865160787	0.0948712719280315	-3.03208288772614
Helb	-0.147210929863378	10.8237042164698	-2.8522080948961	0.0104524995586245	0.0951605548553954	-3.03757247453335
Zfp518b	-0.26448842906079	7.11071034260923	-2.85045158337739	0.0104923010905537	0.0954686065686826	-3.04111268094939
Ddr1	-0.291641675096639	5.85820396427281	-2.8469907582368	0.0105711486354149	0.0960222666911555	-3.04808555485971
Mfsd14a	-0.144417665093731	9.03525535136558	-2.84597843693633	0.0105943198079949	0.096178155715802	-3.05012459383903
Git2	-0.152927807126111	9.67867778096363	-2.8450073726925	0.0106165925616781	0.0963257165247492	-3.05208028183751
Hlcs	-0.352273532676633	7.3472639617616	-2.8427210059531	0.0106692117295616	0.0966387853602906	-3.05668397235858
Fcer2a	-0.266276721189802	8.53710573576952	-2.84040195026308	0.0107228394824012	0.0968701117695181	-3.06135209136306
Paics	-0.21047761501804	7.12482815824294	-2.8404579418914	0.0107215416364666	0.0968701117695181	-3.06123940013993
Kat6b	-0.143392482580228	9.04061265972676	-2.84001200421751	0.0107318823452645	0.0968774827613982	-3.06213689126694
Slmap	-0.15233379201909	10.4237487583373	-2.83878691166608	0.0107603400366832	0.0969702940805822	-3.0646022365307
Creb1	-0.282104567958628	8.05864299742093	-2.83819747360443	0.010774057950905	0.0970392782803796	-3.06578826682071
Rnf13	-0.150206286377653	10.2527338899828	-2.8344402221246	0.0108618961061513	0.0976106946540994	-3.07334623122531
Calhm2	-0.31992562766688	6.96366752237306	-2.83385546692447	0.010875628471856	0.0976792557194476	-3.0745221722073
Rplp0	-0.184411873874046	8.06852715172974	-2.83212938346746	0.010916261180882	0.0979892093101606	-3.07799279591929
Dnajb8	-0.136873122563156	4.98250904344172	-2.82949308483119	0.0109786025741724	0.0983832778273404	-3.08329206634885
Arhgap26	-0.313808298433761	9.67686350505251	-2.82656670943607	0.0110482043303418	0.0987603243263735	-3.08917227316329
Chtf18	-0.154565170090358	4.90370972602565	-2.82408809408844	0.0111074880220282	0.0991047780035025	-3.09415098275251
Stxbp5	-0.29770140338998	5.65460702716178	-2.82240044426715	0.0111480281751826	0.0992900339141891	-3.09753997251555
Pde2a	-0.418856194841242	6.06214374521785	-2.81841576223615	0.0112443118268673	0.099869706320206	-3.10553864735298
Ice1	-0.183950178089663	9.53304640131776	-2.81801446708079	0.0112540526680426	0.099900783667233	-3.10634395442891
